0_normal_gain,0_normal_loss,1_benign_lesion_gain,1_benign_lesion_loss,2_malignant_gain,2_malignant_loss
0.3913823406838329,0.02899128449509866,0.49685501347851285,0.0,0.47976637463496274,2.132473283912602
0.2899128449509873,0.021743463371323993,0.37528410592525985,0.0,0.3802830461153379,1.8821603927987072
0.2192465889941841,0.00905977640471833,0.2642845816375072,0.0,0.21340778537274127,1.469785950386714
0.16307597528493029,0.0018119552809436662,0.19028489877900537,0.0,0.14120214370527234,1.5821058374249999
0.1485803330373809,0.005435865842830998,0.1532850573497543,0.0,0.10590160777895428,2.4405506883604726
0.20837485730852207,0.016307597528492996,0.16914213224800476,0.010571383265500292,0.15564327203876607,2.5368248772504325
0.25729764989400117,0.041674971461704326,0.19028489877900537,0.021142766531000584,0.41237444241199106,1.925483777799189
0.32796390585080437,0.07791407708057772,0.17971351551350506,0.04228553306200117,1.3237700972369417,1.3735117614967542
0.291724800231931,0.016307597528492996,0.142713674084254,0.010571383265500292,2.997336414107406,0.5583902955617631
0.2754172027034379,0.0018119552809436662,0.11099952428775312,0.005285691632750146,5.2244793170946835,0.12515644555694594
0.25186178405117016,0.0,0.10042814102225281,0.0,6.950996437854252,0.011231988703828504
0.2808530685462689,0.0,0.0687139912257519,0.0,6.95581014729875,0.0032091396296652862
0.4167497146170443,0.0,0.11099952428775312,0.0,7.015179230447545,0.0016045698148326431
0.5689539582163127,0.0,0.15857074898250448,0.0,7.985943968421094,0.0016045698148326431
0.7048506042870881,0.0,0.20614197367725576,0.0,7.817464137863701,0.0
0.6740473645110456,0.0,0.16385644061525462,0.0,4.719039825422505,0.0
0.5997571979923552,0.0,0.2114276653100059,0.0,2.5592888546580896,0.0
0.5200311656308336,0.0,0.20614197367725576,0.0,1.4184397163120688,0.0
0.3986301618076076,0.0,0.1955705904117555,0.0,0.8584448509354704,0.0016045698148326431
0.36239105618873413,0.0,0.2484275067392568,0.005285691632750146,0.4428612688938116,0.008022849074163216
0.3714508325934525,0.0,0.29599873143400796,0.005285691632750146,0.35781906870768065,0.02246397740765701
0.3605791009077905,0.0,0.1955705904117555,0.005285691632750146,0.2358717627803985,0.102692468149289
0.44936490967403037,0.005435865842830998,0.19028489877900537,0.005285691632750146,0.17168897018709245,1.0734572061230467
0.4783561941691291,0.03623910561887332,0.15857074898250448,0.031714149796500876,0.06418279259330568,4.2392734507876435
0.5381507184402703,0.20475094674663472,0.16385644061525462,0.08985675775675252,0.012836558518661145,14.506915695901348
0.7066625595680318,0.7030386490061444,0.3065701146995082,0.29599873143400796,0.0064182792593305725,37.25650653061356
0.7555853521535109,1.2883002047509262,0.37528410592525985,0.47571224694751235,0.004813709444497929,62.0727832867898
0.7519614415916236,1.3788979687981053,0.6025688461335155,0.47571224694751235,0.004813709444497929,69.01094316610671
0.7664570838391729,1.6561271267824826,0.9461388022622765,0.5867117712352651,0.0064182792593305725,70.726228298158
0.7175342912536938,1.2484371885701673,1.199852000634287,0.3594270310270095,0.0064182792593305725,62.459484612163386
0.7447136204678488,0.8606787584482402,1.4799936571700483,0.19028489877900537,0.014441128333493789,47.129424601285315
0.8280635633912556,0.7628331732772856,1.997991437179555,0.16385644061525462,0.046532524630146656,26.764224511415986
0.7120984254108628,0.5073474786642279,2.9124160896453124,0.11099952428775312,0.09146047944546054,12.276563653282698
0.6106289296780172,0.31528021888419866,3.8902690417041206,0.05285691632750146,0.17650267963159036,3.323064086518393
0.5417746290021577,0.4167497146170443,3.74755536761986,0.08457106612400236,0.7092198581560332,1.6158018035364856
0.47110837304535447,0.5490224501259323,3.2612717374068243,0.11099952428775312,2.108404736690112,1.3077243990886152
0.4095018934932696,0.5635180923734817,1.400708282678795,0.08457106612400236,2.8609479798466295,1.1456628477905164
0.45842468607874876,0.6215006613636792,0.6607114540937669,0.10571383265500296,2.08914989891212,1.3093289689034477
0.5019116128213968,0.6595517222634963,0.5179977800095134,0.16385644061525462,0.7862392092680007,2.015339687429818
0.5037235681023405,0.4783561941691291,0.3858554891907601,0.1955705904117555,0.3369596611148561,2.6780270209557067
0.5200311656308336,0.22105854427512778,0.23785612347375654,0.09514244938950267,0.22784891370623522,2.464619235582963
0.3714508325934525,0.045298882023591655,0.16385644061525462,0.04228553306200117,0.17650267963159036,1.8853695324283726
0.291724800231931,0.01993150809038033,0.10571383265500296,0.03699984142925102,0.14762042296460287,1.6976348640929513
0.313468263603255,0.04348692674264799,0.1532850573497543,0.03699984142925102,0.2326626231507332,1.8773466833542092
0.3478954139411848,0.05073474786642265,0.29599873143400796,0.03699984142925102,0.2727768685215497,2.2688617181733783
0.4276214463027063,0.18300748337531067,0.6765685289920172,0.0687139912257519,0.16687526074259454,3.014986682070565
0.42943340158365,0.26273351573683223,0.8404249696072723,0.08985675775675252,0.1363884342607744,3.7113699817078127
0.3587671456268468,0.32615195056986074,0.3594270310270095,0.10571383265500296,0.12194730592728067,3.13372484836818
0.34245954809835377,0.4113138487742133,0.11628521592050327,0.13214229081875373,0.10911074740861956,3.1032380218863613
0.30984435304136765,0.1377086013517189,0.05814260796025161,0.06342829959300177,0.11713359648278275,2.222329193543231
0.22830636539890245,0.048922792585478984,0.04228553306200117,0.015857074898250438,0.15082956259426816,1.3398157953852683
0.25548569461305753,0.03623910561887332,0.05285691632750146,0.02642845816375073,0.22945348352106787,1.3574660633484277
0.25548569461305753,0.06160647955208468,0.15857074898250448,0.04757122469475131,0.11071531722345221,3.1963030711466405
0.2881008896700436,0.07247821123774671,0.29599873143400796,0.0687139912257519,0.04492795481531402,5.981836269695536
0.2808530685462689,0.13408469078983154,0.33828426449600896,0.05285691632750146,0.0481370944449793,13.552196656075296
0.25729764989400117,0.3497073692221285,0.31714149796500846,0.08457106612400236,0.03369596611148551,24.32367382305393
0.2844769791081563,0.6432441247350033,0.3435699561287591,0.20085628204450562,0.028882256666987578,32.63695003370733
0.32796390585080437,0.6160647955208481,0.30128442306675807,0.2114276653100059,0.027277686852154936,27.988511280134098
0.36963887731250883,0.6849190961967077,0.3647127226597596,0.2695702732702573,0.05295080388947722,20.34273611245152
0.313468263603255,0.2246824548370151,0.28014165653575757,0.09514244938950267,0.29844998555887225,9.52312185103045
0.2301183206798461,0.01811955280943666,0.142713674084254,0.021142766531000584,1.7570039472417598,1.7136805622412778
0.1993150809038037,0.0,0.06342829959300177,0.005285691632750146,5.328776355058784,0.10750617759378693
0.20293899146569105,0.0,0.07399968285850206,0.0,10.103976123999747,0.012836558518661145
0.26092156045588855,0.0,0.13214229081875373,0.0,11.42453708160674,0.00962741888899586
0.36782692203156514,0.0,0.24314181510650665,0.0,6.877186226371966,0.02567311703732229
0.30984435304136765,0.005435865842830998,0.20085628204450562,0.005285691632750146,2.331439940951852,0.03369596611148551
0.24642591820833917,0.0036239105618873324,0.11628521592050327,0.0,0.4637206764866362,0.0770193511119668
0.23374223124173346,0.0036239105618873324,0.08985675775675252,0.0,0.16687526074259454,0.12997015500144385
0.24099005236550816,0.0,0.10042814102225281,0.005285691632750146,0.12997015500144385,0.06899650203780361
0.4837920600119601,0.0018119552809436662,0.1532850573497543,0.015857074898250438,0.26154487981772107,0.102692468149289
0.8824222218195631,0.012683686966605663,0.29599873143400796,0.05285691632750146,0.4428612688938116,0.2487083212990598
0.7791407708057786,0.00905977640471833,0.2695702732702573,0.07399968285850206,0.9162093642694461,0.22945348352106787
0.6215006613636792,0.00905977640471833,0.2325704318410064,0.06342829959300177,1.2162639196431535,0.21501235518757394
0.6359963036112286,0.01811955280943666,0.29599873143400796,0.04757122469475131,1.0670389268637162,0.45248868778280754
0.677671275072933,0.03805106089981699,0.40171256408901057,0.031714149796500876,0.9033728057507848,0.6642919033407186
0.655927811701609,0.03261519505698599,0.5338548549077637,0.021142766531000584,1.195404512050329,0.42842014056031763
0.4783561941691291,0.007247821123774665,0.47571224694751235,0.010571383265500292,1.7971181926125763,0.26956772889188435
0.3515193245030721,0.0,0.43342671388551135,0.005285691632750146,1.5371778826096856,0.10590160777895428
0.3714508325934525,0.0,0.5497119298060141,0.0,1.8564872757613846,0.04974166425981195
0.38594647484100186,0.0,0.6289973042972661,0.0,1.7040531433522819,0.02246397740765701
0.40044211708855126,0.0,0.6712828373592671,0.0,0.8103077564904906,0.03048682648182022
0.5164072550689462,0.0036239105618873324,0.7241397536867684,0.0,0.48137094444979545,0.07220564166746887
0.6577397669825527,0.00905977640471833,0.882710502669274,0.0,0.5599948653765957,0.19094380796508412
0.7809527260867223,0.00905977640471833,0.8721391194037735,0.0,0.6835467411187106,0.3177048233368642
0.826251608110312,0.012683686966605663,0.708282678788518,0.0,1.3879528898302482,0.3273322422258601
0.6957908278823697,0.016307597528492996,0.46514086368201213,0.015857074898250438,4.99983954301816,0.346587080003852
0.7066625595680318,0.03261519505698599,0.32771288123050873,0.02642845816375073,8.916594461023836,0.5343217483392732
0.8226276975484248,0.01811955280943666,0.35414133939425935,0.021142766531000584,11.934790282723416,0.47976637463496274
0.7664570838391729,0.0036239105618873324,0.3594270310270095,0.015857074898250438,12.952087545327492,0.22624434389140255
0.529090942035552,0.0,0.24314181510650665,0.010571383265500292,7.663425435639799,0.059369083148807775
0.37507474315533984,0.0,0.22728474020825626,0.005285691632750146,2.251211450210219,0.03209139629665286
0.33702368225552276,0.0,0.31714149796500846,0.0,0.6562690542665554,0.01604569814832643
0.2935367555128746,0.0,0.24314181510650665,0.0,0.25191746092872513,0.01925483777799172
0.3062204424794803,0.0,0.1955705904117555,0.0,0.09466961907512582,0.11552902666795012
0.297160666074762,0.0,0.18499920714625523,0.0,0.03048682648182022,0.4236064311158197
0.2826650238272126,0.0018119552809436662,0.22199904857550615,0.0,0.02246397740765701,0.6434324957478941
0.2772291579843816,0.0018119552809436662,0.2695702732702573,0.0,0.02246397740765701,0.8488174320464744
0.3605791009077905,0.0018119552809436662,0.3858554891907601,0.0,0.02406854722248965,0.6434324957478941
0.42943340158365,0.0018119552809436662,0.46514086368201213,0.0,0.040114245370816086,0.40756073296749307
0.4819801047310165,0.0,0.31185580633225835,0.0,0.11231988703828484,0.21019864574307595
0.5381507184402703,0.0,0.30128442306675807,0.0,0.21501235518757394,0.11713359648278275
0.6215006613636792,0.0,0.31714149796500846,0.005285691632750146,0.5182760501909466,0.0481370944449793
0.6414321694540596,0.0,0.30128442306675807,0.005285691632750146,0.864863130194801,0.04332338500048137
0.5309028973164956,0.0,0.2695702732702573,0.005285691632750146,2.053849362985802,0.0064182792593305725
0.434869267426481,0.0,0.23785612347375654,0.005285691632750146,5.521324732838662,0.0016045698148326431
0.30984435304136765,0.0,0.20614197367725576,0.0,7.405089695451797,0.0
0.22287049955607144,0.0,0.2114276653100059,0.0,3.7402522383747945,0.0
0.2192465889941841,0.0,0.25899889000475707,0.0,2.897853085587781,0.0
0.2699813368606069,0.0,0.2907130398012578,0.005285691632750146,1.9688071627996708,0.0016045698148326431
0.39319429596477656,0.0,0.38056979755801,0.005285691632750146,1.222682198902484,0.0032091396296652862
0.38051060899817085,0.0,0.38056979755801,0.010571383265500292,1.2964924103847866,0.008022849074163216
0.30440848719853664,0.0,0.27485596490300745,0.0,1.6831937357594573,0.0016045698148326431
0.38957038540288924,0.0,0.23785612347375654,0.0,1.9206700683546911,0.01604569814832643
0.6106289296780172,0.0,0.30128442306675807,0.0,2.7020955681781964,0.07060107185263624
0.8588668031672966,0.0036239105618873324,0.33299857286325885,0.0,4.335547639677582,0.0978787587047911
0.8443711609197478,0.007247821123774665,0.31714149796500846,0.0,3.6584191778183466,0.20217579666891267
0.8008842341771019,0.01449564224754933,0.30128442306675807,0.0,2.474246654471959,0.497416642598122
0.8643026690101273,0.04348692674264799,0.35414133939425935,0.015857074898250438,1.7618176566862578,1.195404512050329
1.2031383065465777,0.3605791009077905,0.6765685289920172,0.05814260796025161,0.8809088283431277,4.415776130419198
2.067440975556716,2.011270361847459,2.1354194196310563,0.22199904857550615,0.346587080003852,24.877250409171555
2.630959067930225,2.859265433329138,6.221259051747042,0.3435699561287591,0.24549918166939447,54.44144924746712
3.0803239776042766,3.7090724600916487,14.990221470479936,0.5761403879697649,0.3449825101890194,73.33525881706858
3.786986537172216,6.039246951384876,27.68645277234637,1.0941381679792825,0.6322005070440655,79.7663746348998
3.2144086683940976,6.497671637463559,29.70030128442427,1.5064221153337993,0.7669843714900089,82.44761079547764
1.8771856710576214,5.841743825762044,21.54447909509042,1.8024208467678036,0.5198806200057793,83.53871826956079
0.8407472503578607,5.109713892260906,12.553517627782007,1.6385644061525522,0.33054138185552545,79.1903340713765
0.39500625124572025,4.345068763702786,5.481262223161988,1.5275648818648002,0.22303520426173723,69.0494528416626
0.5218431209117772,3.9083875409954243,2.003277128812305,1.5698504149268016,0.11231988703828484,52.384390744857434
0.6523039011397216,3.647465980539573,1.2844230667582903,1.5328505734975506,0.08825133981579526,31.85552453388332
0.46023664135969244,2.712497055572694,0.9514244938950268,1.27385168349279,0.15724784185359872,14.532588812938688
0.4747322836072418,2.0909963942089846,0.6237116126645159,1.0888524763465324,0.20057122685408,11.154969352714913
0.46386055192157977,0.7247821123774685,0.32242718959775857,0.33299857286325885,0.14922499277943552,7.470877057859922
0.4203736251789316,0.08697385348529608,0.2325704318410064,0.015857074898250438,0.16847983055742718,2.105195597060447
0.44392904383119935,0.012683686966605663,0.23785612347375654,0.0,0.23105805333590054,0.33856423092968874
0.31709217416514235,0.0018119552809436662,0.1955705904117555,0.0,0.3321459516703581,0.12836558518661123
0.23374223124173346,0.0018119552809436662,0.22728474020825626,0.0,0.6915695901928739,0.040114245370816086
0.3478954139411848,0.0018119552809436662,0.31714149796500846,0.0,1.3462340746445989,0.08664677000096262
0.3786986537172272,0.00905977640471833,0.3964268724562604,0.0,1.0189018324187364,1.1055486024197
0.40225407236949495,0.08153798764246507,0.42285533062001107,0.0,0.35140078944835,5.667340585988402
0.4910398811357348,0.1884433492181417,0.43871240551826146,0.005285691632750146,0.16366612111292927,12.040691890502348
0.666799543387271,0.2192465889941841,0.7029969871557679,0.005285691632750146,0.09627418888995845,14.651326979236382
1.005635180923727,0.1123412274185075,1.3319942914530423,0.0,0.07541478129713415,14.166746895156605
0.9911395386761782,0.025367373933211326,1.0624240181827813,0.0,0.10590160777895428,5.6849908539515575
0.6994147384442571,0.007247821123774665,0.6131402293990157,0.0,0.3096819742627009,2.098777317801116
0.5997571979923552,0.0018119552809436662,0.5549976214387643,0.0,0.6995924392670372,1.3478386444594317
0.6233126166446229,0.0,0.5391405465405139,0.0,1.030133821122565,0.8504220018613071
0.7882005472104967,0.0018119552809436662,0.45456948041651185,0.0,1.8372324379833926,0.19094380796508412
1.0020112703618398,0.0018119552809436662,0.4122839473545108,0.0,2.5352203074356,0.0978787587047911
1.096232944970906,0.0,0.32242718959775857,0.0,2.533615737620767,0.04332338500048137
0.7175342912536938,0.0,0.19028489877900537,0.0,2.820833734475813,0.008022849074163216
0.5834496004638621,0.0,0.15857074898250448,0.0,4.297037964121607,0.0016045698148326431
0.5091594339451716,0.0,0.19028489877900537,0.0,6.857931388593978,0.0
0.5091594339451716,0.0,0.2537131983720069,0.0,12.284586502356861,0.0
0.6359963036112286,0.0,0.2325704318410064,0.0,24.365392638239605,0.0
0.6976027831633134,0.0018119552809436662,0.20614197367725576,0.0,33.54353197908837,0.0
0.9784558517095732,0.0,0.15857074898250448,0.0,41.44924745677401,0.0
1.3970175216075413,0.0,0.2114276653100059,0.0,41.82150765381543,0.0
1.6434434398158764,0.0,0.20614197367725576,0.0,37.54372452746878,0.0
1.8771856710576214,0.0,0.2907130398012578,0.0,28.017393536801105,0.0016045698148326431
1.893493268586115,0.0,0.47042655531476224,0.005285691632750146,22.061230384138412,0.0064182792593305725
1.6778705901538078,0.0,0.8985675775675247,0.0,14.680209235903389,0.0032091396296652862
1.699614053525133,0.0,1.421851049209796,0.0,9.267995250472111,0.0016045698148326431
1.467683777564341,0.0,1.717849780643803,0.0,5.615994351913768,0.0
1.1161644530612855,0.0,1.543421956763051,0.0,4.617951927088069,0.0
0.9404047908097578,0.0,0.9725672604260277,0.0,4.735085523570828,0.0
0.7392777546250179,0.0,0.44928378878376174,0.0,4.123744424119717,0.0
0.6124408849589609,0.0018119552809436662,0.18499920714625523,0.005285691632750146,3.481916498186792,0.004813709444497929
0.7157223359727501,0.012683686966605663,0.1532850573497543,0.005285691632750146,3.3840377394820207,0.07220564166746887
0.8570548478863529,0.025367373933211326,0.15857074898250448,0.005285691632750146,2.406854722248987,0.15082956259426816
0.9295330591240963,0.025367373933211326,0.17442782388075492,0.005285691632750146,1.28044671223646,0.2037803664837453
0.8878580876623939,0.021743463371323993,0.1532850573497543,0.005285691632750146,1.3125381085331131,0.06739193222297096
0.6686114986682147,0.010871731685661997,0.16385644061525462,0.005285691632750146,2.2816982766920395,0.008022849074163216
0.5906974215876368,0.012683686966605663,0.24314181510650665,0.0,3.477102788742295,0.0032091396296652862
0.9440287013716451,0.01811955280943666,0.45456948041651185,0.0,4.200763775231668,0.008022849074163216
1.9007410897098902,0.025367373933211326,0.8879961943020243,0.0,5.10413658098226,0.011231988703828504
4.1330699958324075,0.07429016651869039,1.5117078069665497,0.0,4.887519655979898,0.012836558518661145
6.274801137907519,0.17032379640870499,1.606850256356052,0.010571383265500292,4.876287667276072,0.04332338500048137
5.611625505082231,0.07247821123774671,1.03070986838628,0.0,5.028721799685141,0.02567311703732229
3.850404972005235,0.021743463371323993,0.47571224694751235,0.005285691632750146,6.825839992297332,0.00962741888899586
2.0167062276902907,0.012683686966605663,0.31714149796500846,0.005285691632750146,9.505471583067294,0.0064182792593305725
0.8389352950769171,0.0036239105618873324,0.18499920714625523,0.0,14.596771605532036,0.0016045698148326431
0.539962673721214,0.0,0.18499920714625523,0.0,21.018260004496504,0.0016045698148326431
0.4692964177644108,0.0,0.13214229081875373,0.0,22.03074355765657,0.0
0.3714508325934525,0.0,0.12685659918600356,0.0,16.872051602966224,0.0
0.40044211708855126,0.0,0.11099952428775312,0.0,14.415455216455827,0.0
0.4874159705738475,0.0,0.2325704318410064,0.0,13.23288726292339,0.011231988703828504
0.529090942035552,0.06160647955208468,0.3594270310270095,0.04228553306200117,11.09078656012162,0.13317929463110914
0.4747322836072418,0.16488793056587397,0.5179977800095134,0.08985675775675252,7.238214434709237,0.30647283463303554
0.28628893438909997,0.09784558517095812,0.22199904857550615,0.04757122469475131,5.052790346907626,0.16206155129809663
0.24099005236550816,0.054358658428309996,0.1532850573497543,0.04757122469475131,3.1914893617021436,0.0898559096306279
0.23555418652267712,0.012683686966605663,0.11099952428775312,0.010571383265500292,3.075960335034206,0.03209139629665286
0.20475094674663472,0.0,0.11099952428775312,0.0,3.6856968646704957,0.014441128333493789
0.1884433492181417,0.0,0.10571383265500296,0.0,5.376913449503753,0.0064182792593305725
0.21562267843229674,0.0,0.10571383265500296,0.0,6.7103109656294055,0.0032091396296652862
0.31528021888419866,0.0,0.11628521592050327,0.0,7.218959596931248,0.0064182792593305725
0.4837920600119601,0.0,0.1532850573497543,0.0,6.127852122845276,0.020859407592824362
0.5852615557448058,0.0018119552809436662,0.13742798245150387,0.005285691632750146,6.6701967202585974,0.00962741888899586
0.6704234539491584,0.0018119552809436662,0.13742798245150387,0.005285691632750146,7.344116042488169,0.004813709444497929
0.8153798764246505,0.0,0.142713674084254,0.005285691632750146,8.923012740283164,0.0032091396296652862
0.6142528402399045,0.054358658428309996,0.10571383265500296,0.0687139912257519,9.353037450658224,0.6835467411187106
0.5816376451829184,0.01993150809038033,0.10042814102225281,0.04228553306200117,9.032123487691763,0.12034273611244803
0.46386055192157977,0.0018119552809436662,0.06342829959300177,0.010571383265500292,8.58605307916838,0.012836558518661145
0.40225407236949495,0.0,0.0687139912257519,0.005285691632750146,6.950996437854252,0.008022849074163216
0.5218431209117772,0.0,0.06342829959300177,0.015857074898250438,6.123038413400779,0.00962741888899586
0.7048506042870881,0.0,0.07399968285850206,0.005285691632750146,7.51099130323073,0.014441128333493789
0.6323723930493412,0.007247821123774665,0.09514244938950267,0.015857074898250438,6.538621995442348,0.03048682648182022
0.4783561941691291,0.01993150809038033,0.08457106612400236,0.010571383265500292,4.635602195051225,0.05134623407464458
0.4095018934932696,0.021743463371323993,0.07399968285850206,0.02642845816375073,1.643079490388641,0.10429703796412165
0.26635742629871956,0.025367373933211326,0.07399968285850206,0.005285691632750146,0.26154487981772107,0.12515644555694594
0.2192465889941841,0.03805106089981699,0.09514244938950267,0.02642845816375073,0.08664677000096262,0.24229004203972915
0.2319302759607898,0.05073474786642265,0.16914213224800476,0.02642845816375073,0.1315747248162765,0.27919514778088034
0.36239105618873413,0.08334994292340875,0.25899889000475707,0.04228553306200117,0.5134623407464486,0.21019864574307595
0.5762017793400874,0.10690536157567647,0.4439980971510116,0.04228553306200117,3.2235807579987896,0.10429703796412165
0.7755168602438913,0.054358658428309996,0.48628363021301263,0.02642845816375073,11.06350887326947,0.027277686852154936
0.8914819982242811,0.030803239776042324,0.5972831545007653,0.005285691632750146,24.55312730657515,0.011231988703828504
1.0219427784522193,0.016307597528492996,0.6607114540937669,0.015857074898250438,39.31998331248969,0.008022849074163216
1.1089166319375112,0.007247821123774665,0.6078545377662656,0.015857074898250438,46.69779532109505,0.004813709444497929
1.1614633350848753,0.007247821123774665,0.5074263967440131,0.015857074898250438,48.78373608037886,0.014441128333493789
1.266556741379603,0.01811955280943666,0.5127120883767633,0.005285691632750146,57.49334103527026,0.014441128333493789
1.2393774121654493,0.010871731685661997,0.2854273481685077,0.005285691632750146,62.84297679790731,0.011231988703828504
1.0563699287901474,0.01993150809038033,0.23785612347375654,0.005285691632750146,59.929078014179396,0.012836558518661145
0.9077895957527733,0.02355541865226766,0.216713356942756,0.015857074898250438,55.57908924618028,0.004813709444497929
0.6359963036112286,0.04348692674264799,0.17442782388075492,0.031714149796500876,41.179679727881954,0.011231988703828504
0.45842468607874876,0.16669988584681764,0.20614197367725576,0.0687139912257519,13.066012002180685,0.060973652963640414
0.4837920600119601,0.5145952997880026,0.32242718959775857,0.1955705904117555,3.9472417444881627,0.2647540194473864
0.6269365272065102,0.5345268078783829,0.6395686875627663,0.18499920714625523,3.0214049613298957,0.5551811559320978
1.0328145101378807,0.8298755186721992,1.3108515249220414,0.2907130398012578,3.5910272455953893,1.3863483200154154
1.0889851238471318,0.677671275072933,1.1311380094085342,0.2537131983720069,5.150669105612398,1.0525977985302222
1.201326351265634,0.418561669897988,0.6131402293990157,0.16385644061525462,9.012868649913774,0.4380475594493136
1.2593089202558287,0.14676837775643725,0.4122839473545108,0.06342829959300177,12.56538621995257,0.1444112833349376
0.9838917175524039,0.03623910561887332,0.2642845816375072,0.021142766531000584,10.266037675297811,0.03850967555598344
0.7737049049629476,0.025367373933211326,0.216713356942756,0.010571383265500292,6.6589647315547715,0.011231988703828504
0.5037235681023405,0.03261519505698599,0.216713356942756,0.0,2.645935624659053,0.011231988703828504
0.3786986537172272,0.05254670314736633,0.22199904857550615,0.0,1.3189563877924437,0.02567311703732229
0.3587671456268468,0.1177770932613385,0.2325704318410064,0.03699984142925102,0.6514553448220574,0.057764513333975136
0.2246824548370151,0.07429016651869039,0.16914213224800476,0.021142766531000584,0.3321459516703581,0.06257822277847305
0.16669988584681764,0.02355541865226766,0.13214229081875373,0.010571383265500292,0.3144956837071988,0.05134623407464458
0.16488793056587397,0.010871731685661997,0.14799936571700417,0.005285691632750146,0.2968454157440396,0.05295080388947722
0.19387921506097272,0.005435865842830998,0.2537131983720069,0.0,0.1347838644459418,0.09627418888995845
0.25186178405117016,0.005435865842830998,0.31185580633225835,0.0,0.05295080388947722,0.431629280189983
0.19025530449908537,0.01449564224754933,0.19028489877900537,0.0,0.012836558518661145,1.3895574596450808
0.21743463371324043,0.07429016651869039,0.14799936571700417,0.010571383265500292,0.004813709444497929,9.110747408618545
0.3478954139411848,0.2754172027034379,0.13214229081875373,0.08457106612400236,0.008022849074163216,25.87368826418328
0.666799543387271,0.5798256899019747,0.16385644061525462,0.2695702732702573,0.012836558518661145,37.165046051168034
1.0763014368805268,0.5309028973164956,0.20085628204450562,0.23785612347375654,0.02567311703732229,30.87192323739026
1.4749315986881153,0.2699813368606069,0.2484275067392568,0.05814260796025161,0.04492795481531402,17.095086807228107
1.2194459040750698,0.06885430067585938,0.2484275067392568,0.005285691632750146,0.1187381662976154,4.086839318378574
1.0527460182282602,0.0036239105618873324,0.2325704318410064,0.0,0.21340778537274127,0.1444112833349376
0.8806102665386195,0.0,0.20614197367725576,0.0,0.39311960463399914,0.0016045698148326431
0.666799543387271,0.0,0.1532850573497543,0.0,0.25031289111389243,0.0
0.6341843483302849,0.0,0.15857074898250448,0.0,0.19736208722441467,0.0
0.8226276975484248,0.0,0.2695702732702573,0.0,0.22624434389140255,0.0032091396296652862
0.869738534852958,0.0,0.2537131983720069,0.0,0.30165912518853755,0.004813709444497929
0.6033811085542424,0.0,0.2642845816375072,0.0,0.5856679824139183,0.012836558518661145
0.44392904383119935,0.0036239105618873324,0.25899889000475707,0.005285691632750146,1.0927120439010387,0.04974166425981195
0.3587671456268468,0.03261519505698599,0.25899889000475707,0.005285691632750146,1.9543660344661768,0.0898559096306279
0.3660149667506215,0.059794524271141014,0.24314181510650665,0.02642845816375073,2.9893135650332425,0.102692468149289
0.3388356375364664,0.07610212179963406,0.2114276653100059,0.031714149796500876,5.126600558389913,0.0770193511119668
0.2953487107938183,0.007247821123774665,0.13742798245150387,0.010571383265500292,4.038702223933605,0.03369596611148551
0.2373661418036208,0.0,0.08457106612400236,0.005285691632750146,3.2380218863322803,0.0064182792593305725
0.30984435304136765,0.0,0.12157090755325342,0.0,3.7466705176341235,0.0032091396296652862
0.43305731214553733,0.0,0.13742798245150387,0.0,3.7562979365231177,0.0016045698148326431
0.7356538440631305,0.0,0.1955705904117555,0.0,5.1490645357975655,0.0016045698148326431
0.8951059087861682,0.0,0.20614197367725576,0.0,8.207374602867953,0.0016045698148326431
1.0871731685661883,0.0,0.2642845816375072,0.0,11.060299733639805,0.0016045698148326431
1.275616517784321,0.0,0.43342671388551135,0.005285691632750146,12.57340906902674,0.004813709444497929
1.2266937251988443,0.0,0.32242718959775857,0.005285691632750146,19.312602291328282,0.008022849074163216
0.8769863559767324,0.0,0.23785612347375654,0.0,18.630660120023958,0.012836558518661145
0.4747322836072418,0.0,0.19028489877900537,0.0,14.12181894034126,0.01925483777799172
0.3497073692221285,0.0,0.1955705904117555,0.0,12.406533808284117,0.03850967555598344
0.32252804000797336,0.0,0.216713356942756,0.0,7.328070344339846,0.036905105741150794
0.2699813368606069,0.0,0.20085628204450562,0.0,4.191136356342675,0.02406854722248965
0.26092156045588855,0.0,0.19028489877900537,0.0,2.816020025031315,0.011231988703828504
0.25186178405117016,0.0,0.23785612347375654,0.0,3.048682648182051,0.0016045698148326431
0.31528021888419866,0.0,0.2114276653100059,0.005285691632750146,4.857032829498084,0.004813709444497929
0.423997535740819,0.0,0.2114276653100059,0.005285691632750146,11.11164596771444,0.004813709444497929
0.7791407708057786,0.0,0.2854273481685077,0.0,16.161227174994895,0.0032091396296652862
1.1397198717135522,0.0018119552809436662,0.3435699561287591,0.0,26.996887134566872,0.0016045698148326431
1.5655293627352949,0.005435865842830998,0.36999841429250974,0.0,39.456371746750555,0.0016045698148326431
1.7503488013915582,0.0018119552809436662,0.4281410222527612,0.005285691632750146,46.415391033684315,0.0016045698148326431
1.5981445577922824,0.0,0.35414133939425935,0.0,50.683546741139594,0.0
1.4785555092500025,0.0,0.2907130398012578,0.0,53.27492699208706,0.0
1.266556741379603,0.0,0.33828426449600896,0.0,43.90584384328441,0.0
0.8661146242910709,0.0,0.25899889000475707,0.0,30.515708738497178,0.0
0.6251245719255666,0.0,0.19028489877900537,0.0,21.491608099872447,0.0
0.4928518364166785,0.0,0.142713674084254,0.0,15.134302493501325,0.0
0.4856040152929038,0.0,0.13742798245150387,0.0,8.85722537787504,0.0
0.5925093768685804,0.0,0.14799936571700417,0.0,6.631687044702622,0.0064182792593305725
0.6523039011397216,0.0018119552809436662,0.15857074898250448,0.0,4.330733930233086,0.00962741888899586
0.7048506042870881,0.0036239105618873324,0.216713356942756,0.0,2.544847726324596,0.012836558518661145
0.5979452427114115,0.0036239105618873324,0.2642845816375072,0.0,1.8677192644652132,0.020859407592824362
0.4366812227074247,0.0,0.2854273481685077,0.0,2.1966560765059087,0.040114245370816086
0.37688669843628353,0.0018119552809436662,0.24314181510650665,0.0,2.6587721831777147,0.06739193222297096
0.4692964177644108,0.0018119552809436662,0.1955705904117555,0.0,3.769134495041776,0.1444112833349376
0.6468680352968906,0.0018119552809436662,0.15857074898250448,0.0,4.563396553383771,0.19415294759474938
0.9947634492380654,0.00905977640471833,0.25899889000475707,0.015857074898250438,2.9251307724399362,0.1524341324091008
1.5311022123973665,0.01811955280943666,0.4281410222527612,0.031714149796500876,2.6603767529925473,0.1395975738904397
1.9677834351048091,0.03805106089981699,0.7399968285850188,0.10042814102225281,2.212701774654235,0.31128654407753353
1.5709652285781261,0.0670423453949157,0.6184259210317659,0.12157090755325342,2.5753345528064164,0.41718815185648905
1.402453387450372,0.06885430067585938,0.6977112955230178,0.10571383265500296,2.6683996020667107,0.5455537370431018
1.3480947290220644,0.10328145101378913,0.745282520217769,0.11099952428775312,1.7152851320561107,0.6097365296364082
1.2864882494699825,0.26816938157966325,0.8668534277710234,0.17971351551350506,1.2307050479766475,0.5615994351914284
0.987515628114291,0.2319302759607898,0.8879961943020243,0.10042814102225281,2.7341869644748495,0.1395975738904397
0.9404047908097578,0.2319302759607898,0.8245678947090216,0.13214229081875373,5.306312377651132,0.0978787587047911
0.6196887060827355,0.13589664607077523,0.47571224694751235,0.0687139912257519,10.131253810851897,0.06899650203780361
0.666799543387271,0.08697385348529608,0.3858554891907601,0.04757122469475131,22.26501075062229,0.040114245370816086
0.6758593197919893,0.03986301618076066,0.32771288123050873,0.021142766531000584,33.28680080871498,0.0064182792593305725
0.5816376451829184,0.0036239105618873324,0.18499920714625523,0.005285691632750146,24.70556143898435,0.004813709444497929
0.6722354092301019,0.0036239105618873324,0.13214229081875373,0.005285691632750146,15.61727800776627,0.008022849074163216
0.7773288155248349,0.0036239105618873324,0.09514244938950267,0.010571383265500292,8.70479124546597,0.02406854722248965
1.1324720505897778,0.03805106089981699,0.16385644061525462,0.015857074898250438,3.5813998267063956,0.2406854722248965
1.4477522694739615,0.15764010944209927,0.27485596490300745,0.0687139912257519,0.9418824813067687,1.8003273322422415
1.2538730544129981,0.16307597528493029,0.3647127226597596,0.05285691632750146,0.42039729148615435,2.971663297070083
0.7646451285582292,0.054358658428309996,0.36999841429250974,0.021142766531000584,0.2727768685215497,2.5015243413241137
0.40768993821232596,0.012683686966605663,0.2114276653100059,0.005285691632750146,0.14280671352010496,0.8311671640833151
0.26273351573683223,0.0036239105618873324,0.15857074898250448,0.0,0.059369083148807775,0.1187381662976154
0.32796390585080437,0.0018119552809436662,0.16385644061525462,0.0,0.178107249446423,0.0032091396296652862
0.40044211708855126,0.0,0.17442782388075492,0.0,0.8616539905651357,0.0
0.44574099911214304,0.0,0.17442782388075492,0.0,4.813709444497611,0.0
0.5182192103498899,0.0,0.1955705904117555,0.0,10.399216969928894,0.0
0.6903549620395387,0.0,0.20614197367725576,0.0,14.713905202014896,0.008022849074163216
0.9240971932812656,0.0,0.31714149796500846,0.0,12.319887038283172,0.03048682648182022
0.8208157422674812,0.0,0.3964268724562604,0.0,7.528641571193885,0.12515644555694594
0.7102864701299191,0.005435865842830998,0.3964268724562604,0.0,3.194698501331808,0.41237444241199106
0.5490224501259323,0.0018119552809436662,0.28014165653575757,0.0,2.1292641442829368,0.35300535926318266
0.4982877022595095,0.0,0.19028489877900537,0.0,2.392413593915493,0.19896665703924735
0.4692964177644108,0.0,0.17971351551350506,0.0,2.594589390584408,0.10911074740861956
0.6414321694540596,0.0,0.30128442306675807,0.0,2.6106350887327348,0.07541478129713415
0.7265940676584122,0.0,0.5391405465405139,0.0,2.6170533679920656,0.059369083148807775
0.24823787348928283,0.0,0.10042814102225281,0.021142766531000584,2.3137896729886926,0.05134623407464458
0.20656290202757838,0.0036239105618873324,0.11628521592050327,0.021142766531000584,3.0310323802188917,0.1732935400019251
0.20112703618474737,0.01449564224754933,0.12685659918600356,0.031714149796500876,5.202015339687032,0.37707390648567257
0.24642591820833917,0.03442715033792966,0.16914213224800476,0.03699984142925102,5.384936298577915,0.5439491672282691
0.33521172697457907,0.012683686966605663,0.22199904857550615,0.02642845816375073,7.748467635825912,0.18131638907608827
0.4095018934932696,0.0036239105618873324,0.28014165653575757,0.021142766531000584,11.653990565127762,0.046532524630146656
0.4620485966406361,0.0036239105618873324,0.33299857286325885,0.015857074898250438,14.534193382753521,0.017650267963159078
0.5109713892261152,0.005435865842830998,0.2695702732702573,0.015857074898250438,16.78380026315037,0.00962741888899586
0.45298882023591774,0.0018119552809436662,0.20085628204450562,0.015857074898250438,19.35592567632879,0.00962741888899586
0.38232256427911454,0.005435865842830998,0.15857074898250448,0.021142766531000584,22.53778761914402,0.011231988703828504
0.37688669843628353,0.0036239105618873324,0.16914213224800476,0.021142766531000584,24.662238053983838,0.014441128333493789
0.3913823406838329,0.00905977640471833,0.20085628204450562,0.021142766531000584,26.92628606271419,0.01604569814832643
0.4149377593361006,0.00905977640471833,0.22199904857550615,0.021142766531000584,23.50052950804424,0.02246397740765701
0.39319429596477656,0.0036239105618873324,0.13214229081875373,0.02642845816375073,16.217387118514072,0.04332338500048137
0.36963887731250883,0.01449564224754933,0.08457106612400236,0.031714149796500876,7.339302333043672,0.14601585314977025
0.2989726213557056,0.05617061370925367,0.07928537449125221,0.04757122469475131,1.7923044831680783,0.5503674464875998
0.38051060899817085,0.2264944101179588,0.10042814102225281,0.1532850573497543,0.5423445974134365,2.2816982766920395
0.5182192103498899,0.4692964177644108,0.12157090755325342,0.2854273481685077,0.3401688007445214,6.85953595840881
0.5544583159687634,0.15764010944209927,0.11099952428775312,0.142713674084254,0.5086486313019506,5.02069895061098
0.40225407236949495,0.00905977640471833,0.12685659918600356,0.02642845816375073,0.3401688007445214,1.3831391803857502
0.31165630832231134,0.0,0.12157090755325342,0.010571383265500292,0.36744648759667664,0.12194730592728067
0.32615195056986074,0.0,0.14799936571700417,0.005285691632750146,0.6739193222297146,0.0016045698148326431
0.40044211708855126,0.0,0.22728474020825626,0.0,2.037803664837475,0.0016045698148326431
0.3968182065266639,0.0,0.24314181510650665,0.0,3.3551554828150394,0.0016045698148326431
0.3388356375364664,0.0,0.20614197367725576,0.005285691632750146,4.109303295786226,0.0016045698148326431
0.32615195056986074,0.0,0.17971351551350506,0.010571383265500292,5.853470684508951,0.0064182792593305725
0.40768993821232596,0.007247821123774665,0.2114276653100059,0.021142766531000584,5.469978498764028,0.08022849074163207
0.46023664135969244,0.08878580876623976,0.29599873143400796,0.04757122469475131,3.0551009274413814,0.44767497833830955
0.43849317798836834,0.23555418652267712,0.3435699561287591,0.06342829959300177,1.9591797439106748,1.1183851609383613
0.43305731214553733,0.25367373933211385,0.46514086368201213,0.0687139912257519,1.755399377426927,1.7730496453900864
0.39500625124572025,0.11958904854228218,0.4439980971510116,0.04228553306200117,1.2547735951991374,2.190237797246578
0.3642030114696778,0.02899128449509866,0.31714149796500846,0.02642845816375073,0.9242322133436095,1.2820512820512926
0.38232256427911454,0.00905977640471833,0.33299857286325885,0.021142766531000584,0.7076152883412005,0.3995378838933298
0.44574099911214304,0.010871731685661997,0.31185580633225835,0.021142766531000584,0.29042713648470897,0.6931741600077065
0.32977586113174806,0.027179329214154994,0.30128442306675807,0.021142766531000584,0.057764513333975136,2.0843361894676224
0.22105854427512778,0.07429016651869039,0.27485596490300745,0.02642845816375073,0.020859407592824362,5.898398639324255
0.18481943865625436,0.16488793056587397,0.3065701146995082,0.04757122469475131,0.020859407592824362,15.727993324989795
0.1685118411277613,0.37507474315533984,0.41756963898726096,0.08457106612400236,0.020859407592824362,29.75835178589567
0.17032379640870499,0.20656290202757838,0.5549976214387643,0.07928537449125221,0.028882256666987578,19.400853631144134
0.17757161753247966,0.07066625595680304,0.4809979385802625,0.031714149796500876,0.03850967555598344,6.957414717113582
0.1685118411277613,0.010871731685661997,0.2537131983720069,0.021142766531000584,0.2583357401880558,1.1135714514938633
0.21562267843229674,0.0,0.16914213224800476,0.015857074898250438,1.8661146946503806,0.08504220018612998
0.39500625124572025,0.0,0.142713674084254,0.015857074898250438,8.422386958055483,0.0032091396296652862
0.6088169743970735,0.0,0.16914213224800476,0.015857074898250438,19.08154423799223,0.0
0.7284060229393559,0.0,0.16385644061525462,0.010571383265500292,29.703796412191323,0.0
0.9186613274384349,0.0,0.11628521592050327,0.010571383265500292,41.53108051733053,0.0
1.1886426642990289,0.0,0.08985675775675252,0.015857074898250438,46.50845608294467,0.0016045698148326431
1.4839913750928333,0.0,0.10042814102225281,0.015857074898250438,49.85879785631744,0.0032091396296652862
1.638007573973045,0.0018119552809436662,0.11628521592050327,0.021142766531000584,38.79528898303907,0.0064182792593305725
1.6198880211636075,0.0,0.12685659918600356,0.015857074898250438,28.99136741440516,0.0032091396296652862
1.3970175216075413,0.0,0.15857074898250448,0.010571383265500292,15.04123744424097,0.0032091396296652862
1.1560274692420445,0.0,0.24314181510650665,0.010571383265500292,7.4387856615632755,0.0
0.8969178640671118,0.0,0.49685501347851285,0.010571383265500292,2.5785436924360816,0.0016045698148326431
0.8099440105818198,0.0018119552809436662,0.7188540620540183,0.015857074898250438,2.024967106318814,0.0032091396296652862
0.7410897099059616,0.01993150809038033,0.9672815687932774,0.015857074898250438,1.5050864863130322,0.09627418888995845
0.7356538440631305,0.07247821123774671,1.0095671018552792,0.02642845816375073,1.3398157953852683,0.6867558807483759
0.8389352950769171,0.21018681258946573,0.8932818859347744,0.0687139912257519,0.8263534546388172,1.793909052982911
0.7845766366486095,0.09784558517095812,0.7347111369522686,0.03699984142925102,0.7653798016751762,0.8616539905651357
0.5925093768685804,0.045298882023591655,0.6448543791955165,0.021142766531000584,0.5583902955617631,0.08825133981579526
0.43849317798836834,0.012683686966605663,0.6448543791955165,0.015857074898250438,0.8728859792689644,0.0032091396296652862
0.4729203283262981,0.0,0.7981394365452705,0.005285691632750146,1.5371778826096856,0.0
0.5762017793400874,0.0,0.9408531106295264,0.0,3.754693366708285,0.0
0.6686114986682147,0.0,0.6342829959300162,0.0,6.5177625878495276,0.0
0.5707659134972564,0.0,0.32771288123050873,0.010571383265500292,5.957767722473051,0.0
0.40768993821232596,0.0,0.1532850573497543,0.015857074898250438,3.0037546933667363,0.0
0.47110837304535447,0.0018119552809436662,0.07928537449125221,0.021142766531000584,2.652353903918384,0.011231988703828504
0.5671420029353691,0.012683686966605663,0.12157090755325342,0.021142766531000584,3.8991046500431934,0.017650267963159078
0.5725778687782,0.0036239105618873324,0.16385644061525462,0.021142766531000584,6.804980584704512,0.014441128333493789
0.4747322836072418,0.0036239105618873324,0.18499920714625523,0.021142766531000584,11.11164596771444,0.008022849074163216
0.40044211708855126,0.0,0.23785612347375654,0.021142766531000584,16.984371490004584,0.004813709444497929
0.38594647484100186,0.0,0.32242718959775857,0.021142766531000584,18.226308526685866,0.0
0.308032397760424,0.0,0.17971351551350506,0.015857074898250438,13.39334424440676,0.0
0.3207160847270297,0.0,0.14799936571700417,0.02642845816375073,9.146047944544856,0.0032091396296652862
0.5635180923734817,0.0036239105618873324,0.14799936571700417,0.031714149796500876,6.368537595070123,0.004813709444497929
0.5834496004638621,0.01811955280943666,0.11628521592050327,0.031714149796500876,4.102885016526897,0.02246397740765701
0.529090942035552,0.01449564224754933,0.12157090755325342,0.031714149796500876,4.603510798754579,0.01925483777799172
0.33158781641269175,0.0036239105618873324,0.08985675775675252,0.02642845816375073,6.94939186803942,0.00962741888899586
0.26635742629871956,0.0,0.08457106612400236,0.021142766531000584,8.993613812135786,0.0032091396296652862
0.31890412944608604,0.0,0.0687139912257519,0.015857074898250438,12.371233272357806,0.0016045698148326431
0.3913823406838329,0.0,0.09514244938950267,0.015857074898250438,20.750296845419278,0.0016045698148326431
0.5200311656308336,0.0,0.09514244938950267,0.021142766531000584,22.956580340815616,0.0016045698148326431
0.7229701570965248,0.0,0.15857074898250448,0.021142766531000584,19.453804435033646,0.0032091396296652862
0.8389352950769171,0.0,0.2325704318410064,0.031714149796500876,16.58804274574066,0.0064182792593305725
0.847995071481635,0.0036239105618873324,0.2537131983720069,0.02642845816375073,18.794326241136996,0.0064182792593305725
0.6378082588921722,0.007247821123774665,0.30128442306675807,0.021142766531000584,15.3140143127627,0.014441128333493789
0.6523039011397216,0.007247821123774665,0.46514086368201213,0.02642845816375073,10.713712653636026,0.017650267963159078
1.1179764083422292,0.01811955280943666,0.6289973042972661,0.02642845816375073,8.698372966206641,0.01925483777799172
1.4078892532932028,0.01993150809038033,0.5285691632750137,0.02642845816375073,5.883957510990764,0.020859407592824362
1.1542155139611008,0.010871731685661997,0.35414133939425935,0.021142766531000584,1.5082956259426976,0.03209139629665286
0.8153798764246505,0.0018119552809436662,0.17971351551350506,0.021142766531000584,0.5455537370431018,0.012836558518661145
0.8516189820435222,0.0,0.2695702732702573,0.021142766531000584,0.29363627611437426,0.0064182792593305725
0.9911395386761782,0.0,0.4281410222527612,0.021142766531000584,0.2246397740765699,0.008022849074163216
1.1252242294660035,0.0,0.7294254453195186,0.015857074898250438,0.32091396296652946,0.011231988703828504
1.1433437822754393,0.0,1.2051376922670372,0.010571383265500292,1.0237155418632344,0.0064182792593305725
0.8643026690101273,0.0,1.1892806173687864,0.015857074898250438,1.7874907737235803,0.0016045698148326431
0.6142528402399045,0.0,0.6025688461335155,0.021142766531000584,2.9700587272552506,0.0032091396296652862
0.6015691532732989,0.0,0.45985517204926196,0.02642845816375073,8.303648791757892,0.0032091396296652862
0.8208157422674812,0.0036239105618873324,0.36999841429250974,0.02642845816375073,26.09030518918583,0.0032091396296652862
1.1306600953088342,0.012683686966605663,0.3647127226597596,0.02642845816375073,38.49202528803551,0.0032091396296652862
1.145155737556383,0.007247821123774665,0.37528410592525985,0.02642845816375073,47.017104714246955,0.0032091396296652862
1.0346264654188242,0.0036239105618873324,0.32771288123050873,0.02642845816375073,50.73007926576961,0.0016045698148326431
0.7084745148489754,0.0,0.2114276653100059,0.015857074898250438,39.17557202915466,0.0016045698148326431
0.5580822265306506,0.0,0.20614197367725576,0.015857074898250438,16.713199191297686,0.0016045698148326431
0.423997535740819,0.0,0.14799936571700417,0.015857074898250438,4.873078527646407,0.0032091396296652862
0.3533312797840158,0.0,0.12157090755325342,0.015857074898250438,1.7377491094637678,0.0032091396296652862
0.3007845766366493,0.0036239105618873324,0.08985675775675252,0.021142766531000584,0.6402233561182288,0.0064182792593305725
0.3406475928174101,0.007247821123774665,0.11099952428775312,0.021142766531000584,0.5262988992651099,0.02406854722248965
0.37507474315533984,0.007247821123774665,0.14799936571700417,0.015857074898250438,0.9194185038991115,0.017650267963159078
0.5127833445070589,0.0018119552809436662,0.20614197367725576,0.015857074898250438,2.4790603639164566,0.008022849074163216
0.5254670314736646,0.0018119552809436662,0.3065701146995082,0.015857074898250438,2.628285356695894,0.0032091396296652862
0.6867310514776513,0.0,0.3594270310270095,0.005285691632750146,3.5862135361508924,0.0016045698148326431
0.9313450144050399,0.0,0.5444262381732641,0.005285691632750146,6.625268765443293,0.0
1.1868307090180854,0.0,0.6342829959300162,0.0,7.5414781297125435,0.0
1.3390349526173466,0.0,0.38056979755801,0.0,5.9160489072874105,0.0
1.5800250049828448,0.0,0.25899889000475707,0.0,6.28349539488401,0.0
0.4276214463027063,0.05617061370925367,0.14799936571700417,0.03699984142925102,1.6831937357594573,2.1308687140977693
0.4765442388881855,0.07429016651869039,0.08985675775675252,0.07928537449125221,0.592086261673249,2.920317062995438
0.32796390585080437,0.03805106089981699,0.08457106612400236,0.04228553306200117,0.33535509130002344,2.31218510317386
0.2772291579843816,0.010871731685661997,0.13214229081875373,0.015857074898250438,0.2599403100028884,1.1135714514938633
0.18663139393719802,0.0018119552809436662,0.10042814102225281,0.010571383265500292,0.3177048233368642,0.1395975738904397
0.19025530449908537,0.0018119552809436662,0.0687139912257519,0.005285691632750146,0.5150669105612813,0.014441128333493789
0.23374223124173346,0.0,0.09514244938950267,0.005285691632750146,1.3703026218670888,0.0016045698148326431
0.3497073692221285,0.0,0.20614197367725576,0.010571383265500292,3.4851256378164566,0.0016045698148326431
0.6142528402399045,0.0,0.2854273481685077,0.010571383265500292,6.296331953402669,0.0032091396296652862
0.7972603236152146,0.0,0.34885564776150924,0.015857074898250438,7.318442925450852,0.004813709444497929
0.7573973074344545,0.0036239105618873324,0.32771288123050873,0.031714149796500876,4.840987131349761,0.07060107185263624
0.7338418887821868,0.0036239105618873324,0.2907130398012578,0.02642845816375073,4.540932575976118,0.15724784185359872
0.6196887060827355,0.0036239105618873324,0.1955705904117555,0.021142766531000584,4.780013478386133,0.18292095889092091
0.4747322836072418,0.01993150809038033,0.13742798245150387,0.02642845816375073,4.465517794679,0.2775905779660477
0.43305731214553733,0.07791407708057772,0.17442782388075492,0.08457106612400236,6.001091107473523,0.4877892237091261
0.4040660276504386,0.01811955280943666,0.16914213224800476,0.03699984142925102,10.484259170115005,0.18131638907608827
0.3062204424794803,0.005435865842830998,0.14799936571700417,0.021142766531000584,8.693559256762144,0.036905105741150794
0.18300748337531067,0.0018119552809436662,0.11628521592050327,0.021142766531000584,5.373704309874089,0.020859407592824362
0.2500498287702265,0.0036239105618873324,0.11628521592050327,0.015857074898250438,4.714226115978009,0.01925483777799172
0.4747322836072418,0.0036239105618873324,0.15857074898250448,0.021142766531000584,3.7418568081896266,0.036905105741150794
0.5725778687782,0.00905977640471833,0.13742798245150387,0.015857074898250438,3.034241519848557,0.11392445685311749
0.7918244577723839,0.021743463371323993,0.18499920714625523,0.02642845816375073,3.8654086839317148,0.2647540194473864
0.9023537299099426,0.016307597528492996,0.2325704318410064,0.015857074898250438,4.016238246525952,0.24710375148422714
1.005635180923727,0.0,0.2907130398012578,0.010571383265500292,3.4803119283719597,0.07220564166746887
0.8878580876623939,0.0,0.20614197367725576,0.010571383265500292,2.594589390584408,0.008022849074163216
1.3100436681222491,0.0,0.16914213224800476,0.010571383265500292,1.440903693719726,0.004813709444497929
2.9552990632191576,0.0,0.3858554891907601,0.010571383265500292,0.657873624081388,0.004813709444497929
5.812752541266949,0.0,0.8509963528727728,0.005285691632750146,0.6049228201919102,0.011231988703828504
9.163057855731317,0.027179329214154994,1.5275648818648002,0.021142766531000584,0.3642373479670113,0.09627418888995845
9.54175650944849,0.09422167460907077,1.596278873090552,0.031714149796500876,0.29363627611437426,0.6482462051923921
6.738661689829033,0.08153798764246507,0.909138960833025,0.03699984142925102,0.21822149481723926,1.6639388979814655
4.105890666618256,0.07247821123774671,0.33828426449600896,0.04228553306200117,0.15564327203876607,2.6587721831777147
1.9424160611715966,0.0924097193281271,0.16385644061525462,0.07399968285850206,0.30165912518853755,2.6700041718815433
0.8334994292340864,0.030803239776042324,0.13742798245150387,0.02642845816375073,0.8536311414909724,0.9868104361220832
0.7537733968725672,0.016307597528492996,0.19028489877900537,0.02642845816375073,2.402041012804489,0.44927954815314225
0.782764681367666,0.0036239105618873324,0.22199904857550615,0.015857074898250438,5.439491672282213,0.10108789833445637
0.9893275833952346,0.0018119552809436662,0.24314181510650665,0.010571383265500292,14.137864638489598,0.008022849074163216
1.1650872456467625,0.0,0.3065701146995082,0.010571383265500292,19.47787298225615,0.0016045698148326431
1.018318867890332,0.0,0.2642845816375072,0.015857074898250438,20.260903051895,0.0016045698148326431
0.804508144738989,0.0,0.20085628204450562,0.015857074898250438,21.53172234524329,0.0016045698148326431
0.6921669173204824,0.0,0.17442782388075492,0.015857074898250438,18.949969513175866,0.004813709444497929
0.5472104948449886,0.0018119552809436662,0.18499920714625523,0.015857074898250438,9.664323994735694,0.020859407592824362
0.4819801047310165,0.00905977640471833,0.15857074898250448,0.02642845816375073,3.773948204486273,0.2920317062995416
0.5091594339451716,0.045298882023591655,0.16914213224800476,0.05814260796025161,1.8757421135393766,1.9784345816886668
0.3533312797840158,0.10509340629473281,0.12685659918600356,0.10571383265500296,0.8857225377876257,4.343570488751744
0.33702368225552276,0.37507474315533984,0.16385644061525462,0.29599873143400796,0.3193093931516968,9.698019960847173
0.36963887731250883,0.6196887060827355,0.19028489877900537,0.43871240551826146,0.12676101537177858,15.148743621834829
0.32433999528891705,0.2935367555128746,0.19028489877900537,0.20085628204450562,0.08022849074163207,11.27210294919767
0.33521172697457907,0.10328145101378913,0.15857074898250448,0.05285691632750146,0.12194730592728067,7.180449921375273
0.3968182065266639,0.03442715033792966,0.2325704318410064,0.031714149796500876,0.1861300985205862,4.414171560604366
0.5417746290021577,0.005435865842830998,0.2854273481685077,0.010571383265500292,0.35300535926318266,1.6029652450178244
0.5798256899019747,0.0018119552809436662,0.2642845816375072,0.010571383265500292,0.6482462051923921,0.16045698148326398
0.47110837304535447,0.0,0.2854273481685077,0.010571383265500292,1.5468053014986816,0.04332338500048137
0.44755295439308673,0.0,0.23785612347375654,0.010571383265500292,3.1818619428131494,0.027277686852154936
0.44392904383119935,0.0,0.23785612347375654,0.010571383265500292,3.7819710535604347,0.02567311703732229
0.5236550761927209,0.0018119552809436662,0.3435699561287591,0.010571383265500292,4.601906228939747,0.027277686852154936
0.6359963036112286,0.0018119552809436662,0.34885564776150924,0.010571383265500292,6.617245916369131,0.03209139629665286
0.7030386490061444,0.0018119552809436662,0.3065701146995082,0.010571383265500292,7.9634799910134415,0.036905105741150794
0.6704234539491584,0.0018119552809436662,0.2325704318410064,0.005285691632750146,6.379769583773949,0.036905105741150794
0.6686114986682147,0.0018119552809436662,0.17971351551350506,0.005285691632750146,6.212894323031389,0.040114245370816086
0.6432441247350033,0.0018119552809436662,0.16385644061525462,0.005285691632750146,9.008054940469277,0.057764513333975136
0.5888854663066931,0.0018119552809436662,0.16385644061525462,0.005285691632750146,9.45412534899266,0.05455537370430986
0.4692964177644108,0.0018119552809436662,0.13214229081875373,0.005285691632750146,9.022496068802768,0.02567311703732229
0.4874159705738475,0.0018119552809436662,0.15857074898250448,0.005285691632750146,11.020185488268998,0.00962741888899586
0.5780137346210311,0.0018119552809436662,0.11628521592050327,0.005285691632750146,13.518500689963789,0.0016045698148326431
0.5345268078783829,0.0,0.11099952428775312,0.005285691632750146,10.72975835178435,0.0016045698148326431
0.5453985395640449,0.0,0.13214229081875373,0.005285691632750146,8.07259073842204,0.0016045698148326431
0.7211582018155811,0.0,0.1955705904117555,0.005285691632750146,7.214145887486752,0.0016045698148326431
0.6033811085542424,0.0,0.2325704318410064,0.005285691632750146,5.205224479316696,0.0032091396296652862
0.5164072550689462,0.0,0.2325704318410064,0.005285691632750146,4.203972914861333,0.0016045698148326431
0.4113138487742133,0.0,0.17971351551350506,0.005285691632750146,3.1064471615160265,0.0032091396296652862
0.4276214463027063,0.0,0.16914213224800476,0.0,1.246750746124974,0.0
0.4946637916976222,0.0,0.1955705904117555,0.005285691632750146,3.36959661114853,0.0
0.5834496004638621,0.0,0.17442782388075492,0.005285691632750146,8.292416803054065,0.0
0.5236550761927209,0.0,0.13742798245150387,0.005285691632750146,17.3518179776015,0.0032091396296652862
0.5943213321495241,0.0,0.15857074898250448,0.010571383265500292,33.36382015982699,0.0032091396296652862
0.7102864701299191,0.0,0.15857074898250448,0.005285691632750146,37.816501395990514,0.004813709444497929
0.7157223359727501,0.0,0.2695702732702573,0.005285691632750146,32.3449183274076,0.0032091396296652862
0.5925093768685804,0.0,0.3964268724562604,0.005285691632750146,22.332402682845306,0.0032091396296652862
0.6233126166446229,0.0,0.6184259210317659,0.005285691632750146,10.44574949455903,0.0032091396296652862
0.6269365272065102,0.005435865842830998,1.051852634917281,0.005285691632750146,2.047431083726471,0.02246397740765701
0.7012266937252007,0.00905977640471833,1.2157090755325375,0.010571383265500292,0.6723147524148819,0.05134623407464458
0.7646451285582292,0.007247821123774665,1.0729954014482819,0.010571383265500292,0.742915824267519,0.059369083148807775
0.9367808802478707,0.0018119552809436662,0.8562820445055229,0.010571383265500292,1.1055486024197,0.03369596611148551
1.2466252332892236,0.0018119552809436662,0.7294254453195186,0.005285691632750146,2.9636404479959197,0.02246397740765701
1.3734621029552747,0.0018119552809436662,0.6501400708282666,0.005285691632750146,7.639356888417314,0.0064182792593305725
1.3734621029552747,0.0018119552809436662,0.41756963898726096,0.010571383265500292,20.623535830047416,0.004813709444497929
1.2611208755367724,0.0036239105618873324,0.29599873143400796,0.005285691632750146,33.80828599853593,0.004813709444497929
0.9621482541810809,0.0036239105618873324,0.2537131983720069,0.010571383265500292,38.466352170998164,0.00962741888899586
0.7773288155248349,0.0036239105618873324,0.22199904857550615,0.005285691632750146,33.5403228394587,0.01925483777799172
0.6631756328253836,0.0036239105618873324,0.24314181510650665,0.005285691632750146,25.27839286287998,0.028882256666987578
0.5743898240591437,0.016307597528492996,0.2484275067392568,0.021142766531000584,10.878983344563755,0.03850967555598344
0.5417746290021577,0.06523039011397203,0.28014165653575757,0.03699984142925102,4.157440390231196,0.07220564166746887
0.44574099911214304,0.1503922883183246,0.216713356942756,0.03699984142925102,1.9335066268733523,0.20057122685408
0.3913823406838329,0.30440848719853664,0.19028489877900537,0.07928537449125221,1.2130547800134883,0.38509675555983586
0.40768993821232596,0.2808530685462689,0.17971351551350506,0.08457106612400236,1.285260421680958,0.280799717595713
0.4167497146170443,0.07066625595680304,0.142713674084254,0.05285691632750146,2.496710631879616,0.1524341324091008
0.4203736251789316,0.04348692674264799,0.11099952428775312,0.05285691632750146,4.616347357273237,0.10429703796412165
0.5327148525974392,0.02355541865226766,0.12685659918600356,0.031714149796500876,8.881293925097525,0.1363884342607744
0.6124408849589609,0.04348692674264799,0.13742798245150387,0.02642845816375073,11.726196206795215,0.1187381662976154
0.7429016651869051,0.09059776404718344,0.13214229081875373,0.031714149796500876,9.885754629182554,0.15885241166843134
0.7791407708057786,0.09059776404718344,0.2325704318410064,0.04228553306200117,8.090241006385195,0.1861300985205862
0.655927811701609,0.01449564224754933,0.32242718959775857,0.010571383265500292,6.790539456371021,0.059369083148807775
0.666799543387271,0.0036239105618873324,0.3594270310270095,0.010571383265500292,6.987901543595395,0.00962741888899586
0.7284060229393559,0.0018119552809436662,0.4122839473545108,0.010571383265500292,12.5477359519894,0.0032091396296652862
0.8389352950769171,0.0,0.3594270310270095,0.0,19.760277269666883,0.0016045698148326431
0.9404047908097578,0.0,0.31714149796500846,0.0,24.833927024171047,0.0
1.0563699287901474,0.0,0.25899889000475707,0.0,32.01437694555185,0.0016045698148326431
1.2049502618275212,0.0018119552809436662,0.2642845816375072,0.0,38.25775809506978,0.0032091396296652862
1.0871731685661883,0.0,0.2695702732702573,0.0,32.14434710055338,0.0064182792593305725
0.9096015510337169,0.0,0.2325704318410064,0.0,31.003497962206623,0.0032091396296652862
0.7628331732772856,0.0,0.17442782388075492,0.0,30.706652546462387,0.0016045698148326431
0.6849190961967077,0.0,0.14799936571700417,0.005285691632750146,23.66580019897211,0.0
0.7139103806918065,0.0,0.14799936571700417,0.005285691632750146,10.684830396969044,0.004813709444497929
0.7519614415916236,0.0,0.14799936571700417,0.010571383265500292,3.652000898559017,0.008022849074163216
0.7809527260867223,0.007247821123774665,0.09514244938950267,0.015857074898250438,0.5262988992651099,0.09948332851962374
0.7863885919295531,0.13408469078983154,0.05814260796025161,0.06342829959300177,0.08022849074163207,1.5692692789063385
0.7537733968725672,0.4276214463027063,0.06342829959300177,0.19028489877900537,0.03850967555598344,5.558229838579805
0.7573973074344545,0.8787983112576759,0.12685659918600356,0.5232834716422635,0.06578736240813833,10.578928789190112
0.9096015510337169,1.5474098099258589,0.17971351551350506,1.0624240181827813,0.14922499277943552,13.680562241261992
1.157839424522988,1.5528456757686895,0.20614197367725576,1.1364237010412843,0.3193093931516968,8.69035011713248
1.5075467937451,0.7066625595680318,0.15857074898250448,0.42285533062001107,1.0477840890857242,1.9142517890953603
1.3553425501458387,0.4149377593361006,0.19028489877900537,0.17971351551350506,2.0265716761336465,0.3947241744488318
1.2520610991320544,0.40044211708855126,0.25899889000475707,0.142713674084254,2.761464651327005,0.15885241166843134
1.4260088061026386,0.43305731214553733,0.37528410592525985,0.16385644061525462,3.0454735085523854,0.11071531722345221
1.3172914892460235,0.17757161753247966,0.5497119298060141,0.0687139912257519,1.6976348640929513,0.060973652963640414
1.2230698146369572,0.07247821123774671,0.750568211850519,0.02642845816375073,0.38670132537466856,0.060973652963640414
0.7972603236152146,0.00905977640471833,0.5761403879697649,0.005285691632750146,0.07060107185263624,0.017650267963159078
0.37688669843628353,0.0018119552809436662,0.30128442306675807,0.0,0.02406854722248965,0.0
0.22105854427512778,0.0,0.216713356942756,0.0,0.00962741888899586,0.0
0.18481943865625436,0.0,0.12685659918600356,0.0,0.0064182792593305725,0.0
0.2772291579843816,0.0,0.12157090755325342,0.0,0.02406854722248965,0.0
0.302596531917593,0.0,0.09514244938950267,0.0,0.0818330605564647,0.0
0.434869267426481,0.0,0.16385644061525462,0.0,0.6418279259330614,0.0
0.5888854663066931,0.0,0.1955705904117555,0.0,1.854882705946552,0.0
0.6432441247350033,0.0,0.23785612347375654,0.0,2.907480504476777,0.0
0.5109713892261152,0.0,0.22199904857550615,0.0,1.8982060909470337,0.0
0.38051060899817085,0.0,0.1532850573497543,0.0,0.8809088283431277,0.0
0.38413451956005823,0.0036239105618873324,0.17971351551350506,0.0,0.48939379352395873,0.04332338500048137
0.5870735110257495,0.02899128449509866,0.3594270310270095,0.010571383265500292,0.38670132537466856,1.1536856968646798
0.804508144738989,0.09059776404718344,0.750568211850519,0.04757122469475131,0.36263277815217865,5.489233336542015
0.9730199858667423,0.13952055663266255,0.8985675775675247,0.07399968285850206,0.4091653027823257,7.201309328968093
0.8769863559767324,0.07791407708057772,0.7294254453195186,0.02642845816375073,0.45248868778280754,2.759860081512172
0.6124408849589609,0.027179329214154994,0.4069982557217607,0.010571383265500292,0.516671480376114,0.6305959372292328
0.4674844624834671,0.005435865842830998,0.2854273481685077,0.0,0.7974711979718293,0.08022849074163207
0.37326278787439615,0.0,0.2537131983720069,0.0,1.4056031577934074,0.0016045698148326431
0.38594647484100186,0.0,0.22199904857550615,0.0,1.7040531433522819,0.0
0.3786986537172272,0.0,0.2642845816375072,0.0,1.3301883764962723,0.0016045698148326431
0.38051060899817085,0.0,0.3065701146995082,0.005285691632750146,1.049388658900557,0.011231988703828504
0.4095018934932696,0.01449564224754933,0.216713356942756,0.03699984142925102,1.3911620294599134,0.07541478129713415
0.43849317798836834,0.20112703618474737,0.12157090755325342,0.15857074898250448,1.2403324668656435,0.5295080388947753
0.6486799905778342,0.7102864701299191,0.11628521592050327,0.44928378878376174,1.4906453579795385,1.2884695613106232
0.7429016651869051,0.8842341771005067,0.11628521592050327,0.49685501347851285,1.4842270787202076,1.7425628189082658
0.45661273079780507,0.3333997716936354,0.0687139912257519,0.20614197367725576,1.3590706331632603,1.1023394627900347
0.34245954809835377,0.17757161753247966,0.06342829959300177,0.10042814102225281,1.219473059272819,0.9787875870479199
0.26816938157966325,0.07247821123774671,0.10571383265500296,0.015857074898250438,1.436089984275228,0.4508841179679749
0.30440848719853664,0.06341843483302835,0.17442782388075492,0.010571383265500292,1.779467924649417,0.41718815185648905
0.3714508325934525,0.045298882023591655,0.18499920714625523,0.005285691632750146,1.9800391515034994,0.28400885722537833
0.40044211708855126,0.03805106089981699,0.142713674084254,0.07928537449125221,3.7771573441159374,0.1444112833349376
0.5798256899019747,0.048922792585478984,0.12685659918600356,0.10042814102225281,3.080774044478704,0.14280671352010496
1.2466252332892236,0.07066625595680304,0.15857074898250448,0.142713674084254,5.025512660055477,0.0770193511119668
1.773904220043827,0.12140100382322584,0.16914213224800476,0.2325704318410064,10.933538718268053,0.06418279259330568
2.261320190617698,0.16669988584681764,0.16385644061525462,0.25899889000475707,19.27730175540194,0.03850967555598344
2.254072369493923,0.1993150809038037,0.12685659918600356,0.28014165653575757,23.53583004397058,0.027277686852154936
1.9424160611715966,0.08153798764246507,0.13214229081875373,0.16914213224800476,22.25217419210362,0.020859407592824362
1.0853612132852446,0.012683686966605663,0.13742798245150387,0.031714149796500876,13.422226501073768,0.0016045698148326431
0.6215006613636792,0.0,0.1532850573497543,0.015857074898250438,4.481563492827323,0.0
0.37326278787439615,0.0,0.13214229081875373,0.005285691632750146,0.879304258528295,0.0
0.3007845766366493,0.0,0.13742798245150387,0.0,0.30165912518853755,0.0
0.25548569461305753,0.0,0.19028489877900537,0.0,0.21019864574307595,0.0016045698148326431
0.38957038540288924,0.0018119552809436662,0.25899889000475707,0.0,0.20057122685408,0.2872179968550436
0.8588668031672966,0.025367373933211326,0.4122839473545108,0.0687139912257519,0.27438143833638234,8.650235871761671
1.4078892532932028,0.15764010944209927,0.47042655531476224,0.36999841429250974,0.28400885722537833,22.646898366552712
2.2957473409556295,0.6088169743970735,0.6501400708282666,1.2844230667582903,0.3144956837071988,40.42232277528044
2.7143090108536376,1.0364384206997679,0.7029969871557679,1.717849780643803,0.3080774044478682,51.657520618740286
2.1453550526372975,0.9385928355288142,0.4809979385802625,1.1152809345102834,0.2679631590770517,52.211097204855996
1.759408577796277,0.8715504901339016,0.5074263967440131,0.6131402293990157,0.2037803664837453,53.27492699208706
2.0003986301617966,0.8298755186721992,0.7294254453195186,0.4281410222527612,0.12034273611244803,63.08205770031671
2.165286560727679,0.4747322836072418,0.7822823616470199,0.11099952428775312,0.04974166425981195,63.50566413143134
2.435267897588299,0.38051060899817085,1.1575664675722852,0.11099952428775312,0.02246397740765701,65.64776483422692
3.198101070865607,0.4548007755168614,2.003277128812305,0.20085628204450562,0.020859407592824362,71.12255704242057
3.8087300005435365,0.5544583159687634,2.7855594904593115,0.36999841429250974,0.03209139629665286,72.44632713965379
3.783362626610329,0.4856040152929038,3.462128019451339,0.24314181510650665,0.07862392092679943,66.7757774140511
5.740274330029213,0.7972603236152146,5.851260637454515,0.47571224694751235,0.24710375148422714,72.26180161094855
7.477939444453945,1.4912391962166076,8.472963687298707,1.02542417675353,0.5423445974134365,76.62623150728112
7.427204696587529,2.493250466578499,9.408531106295525,1.6597071726835524,0.5343217483392732,78.57097012285283
6.6788671655579,3.493449781659383,9.075532533432252,2.034991278608805,0.3048682648182029,79.41016013600796
4.827048868433733,3.841345195600518,6.400972567260554,2.2569903271843073,0.07862392092679943,81.86515195269503
2.4588233162405677,3.330373806374476,3.0868439135260637,1.6808499392145526,0.02246397740765701,80.5012676100911
1.000199315080896,2.6653862182681562,0.49685501347851285,1.4641365822717978,0.008022849074163216,75.91540707931225
1.0255666890141064,1.9406041058906527,0.2854273481685077,1.1099952428775333,0.00962741888899586,52.01052597800248
0.7320299335012431,1.0436862418235422,0.216713356942756,0.6289973042972661,0.03048682648182022,16.10667180129055
0.5417746290021577,0.26273351573683223,0.19028489877900537,0.2537131983720069,0.2246397740765699,2.024967106318814
0.5816376451829184,0.05617061370925367,0.22199904857550615,0.07399968285850206,0.592086261673249,0.33856423092968874
0.4928518364166785,0.0036239105618873324,0.17442782388075492,0.015857074898250438,1.6960302942781187,0.014441128333493789
0.3569551903459031,0.0,0.13214229081875373,0.010571383265500292,2.142100702801598,0.0
0.23555418652267712,0.0,0.09514244938950267,0.0,1.28044671223646,0.0
0.1993150809038037,0.0,0.11099952428775312,0.0,0.784634639453168,0.0
0.2754172027034379,0.0,0.1532850573497543,0.005285691632750146,0.7926574885273313,0.0
0.32433999528891705,0.0018119552809436662,0.13742798245150387,0.010571383265500292,0.3786784763005052,0.02406854722248965
0.3406475928174101,0.0036239105618873324,0.17442782388075492,0.015857074898250438,0.19094380796508412,0.4412566990789789
0.297160666074762,0.012683686966605663,0.22199904857550615,0.02642845816375073,0.15885241166843134,1.0189018324187364
0.3515193245030721,0.030803239776042324,0.27485596490300745,0.03699984142925102,0.18933923815025147,1.2483553159398066
0.40225407236949495,0.02899128449509866,0.15857074898250448,0.03699984142925102,0.1732935400019251,0.7348929751933557
0.38594647484100186,0.0036239105618873324,0.09514244938950267,0.015857074898250438,0.3096819742627009,0.07060107185263624
0.40225407236949495,0.0,0.08985675775675252,0.010571383265500292,0.8327717338981478,0.0064182792593305725
0.39319429596477656,0.0,0.05285691632750146,0.005285691632750146,2.406854722248987,0.0
0.36782692203156514,0.0,0.13214229081875373,0.0,4.948493308943526,0.0
0.44574099911214304,0.0,0.2114276653100059,0.0,8.825133981578395,0.0
0.49647574697856584,0.0,0.17971351551350506,0.0,8.950290427135315,0.0
0.5309028973164956,0.0,0.13742798245150387,0.005285691632750146,7.547896408971873,0.0016045698148326431
0.5272789867546083,0.0018119552809436662,0.11099952428775312,0.015857074898250438,7.113057989152316,0.01925483777799172
0.4276214463027063,0.005435865842830998,0.08457106612400236,0.021142766531000584,5.001444112832992,0.057764513333975136
0.4113138487742133,0.010871731685661997,0.10042814102225281,0.03699984142925102,2.5464522961394285,0.2085940759282433
0.5345268078783829,0.04711083730453532,0.20614197367725576,0.07928537449125221,2.636308205770057,0.34337794037418673
0.5580822265306506,0.01449564224754933,0.24314181510650665,0.04757122469475131,3.5460992907800843,0.17168897018709245
0.5073474786642279,0.005435865842830998,0.15857074898250448,0.04228553306200117,4.48637720227182,0.06899650203780361
0.5073474786642279,0.0036239105618873324,0.15857074898250448,0.031714149796500876,5.344822053207107,0.02406854722248965
0.6341843483302849,0.0018119552809436662,0.2484275067392568,0.02642845816375073,8.528288565834416,0.004813709444497929
0.7120984254108628,0.0018119552809436662,0.2907130398012578,0.021142766531000584,11.722987067165551,0.0016045698148326431
0.6051930638351861,0.0,0.22728474020825626,0.021142766531000584,13.728699335707004,0.0
0.4856040152929038,0.0,0.13742798245150387,0.021142766531000584,16.61050672314833,0.0016045698148326431
0.4113138487742133,0.0,0.142713674084254,0.021142766531000584,24.078174641384372,0.0016045698148326431
0.43124535686459364,0.0,0.11099952428775312,0.015857074898250438,29.32030422644607,0.0016045698148326431
0.5000996575404532,0.0,0.09514244938950267,0.031714149796500876,30.255768428494118,0.0064182792593305725
0.6450560800159469,0.03261519505698599,0.10571383265500296,0.07399968285850206,24.62372837842783,0.03048682648182022
0.9440287013716451,0.06523039011397203,0.22728474020825626,0.07928537449125221,15.400661082763719,0.0561599435191425
1.1487796481182702,0.07429016651869039,0.49156932184576274,0.07399968285850206,6.066878469881648,0.09627418888995845
1.1560274692420445,0.054358658428309996,0.5602833130715145,0.07928537449125221,2.5320111678059343,0.17971181926125565
1.0038232256427833,0.007247821123774665,0.6977112955230178,0.04228553306200117,0.9980424248259118,0.13799300407560705
0.7936364130533274,0.0,0.48628363021301263,0.015857074898250438,0.5856679824139183,0.06418279259330568
0.5870735110257495,0.0,0.4281410222527612,0.015857074898250438,0.492602933153624,0.012836558518661145
0.6305604377683975,0.0,0.3964268724562604,0.015857074898250438,1.0044607040852425,0.0
0.6631756328253836,0.0018119552809436662,0.5602833130715145,0.015857074898250438,1.341420365200101,0.0016045698148326431
0.6686114986682147,0.0018119552809436662,0.45456948041651185,0.015857074898250438,1.25637816501397,0.02246397740765701
0.6903549620395387,0.0,0.46514086368201213,0.021142766531000584,1.6478931998331388,0.02406854722248965
0.6251245719255666,0.005435865842830998,0.40171256408901057,0.04757122469475131,1.8195821700202335,0.05455537370430986
0.5961332874304678,0.016307597528492996,0.33299857286325885,0.10042814102225281,1.001251564455577,0.2198260646320719
0.7555853521535109,0.12683686966605687,0.22728474020825626,0.1955705904117555,0.80388947723116,0.6498507750072247
1.3879577452028233,0.26092156045588855,0.16385644061525462,0.28014165653575757,2.0361990950226425,0.7605660922306783
2.290311475112798,0.6396202141731159,0.15857074898250448,0.5338548549077637,1.9944802798369934,0.9162093642694461
2.1326713656706913,0.7229701570965248,0.12157090755325342,0.45456948041651185,2.9379673309585974,0.5535765861172651
1.175958977332424,0.26273351573683223,0.14799936571700417,0.17971351551350506,6.6332916145174545,0.14280671352010496
0.688543006758595,0.054358658428309996,0.18499920714625523,0.08457106612400236,13.338788870702414,0.04492795481531402
0.6450560800159469,0.0,0.216713356942756,0.021142766531000584,15.729597894804629,0.012836558518661145
1.049122107666373,0.0,0.2907130398012578,0.015857074898250438,25.233464908064633,0.0064182792593305725
1.3970175216075413,0.0,0.34885564776150924,0.015857074898250438,31.825037707401478,0.004813709444497929
1.850006341843465,0.00905977640471833,0.40171256408901057,0.021142766531000584,32.72359680370835,0.0064182792593305725
2.103680081175591,0.06341843483302835,0.46514086368201213,0.0687139912257519,30.52052244794168,0.02406854722248965
2.42620812118358,0.2989726213557056,0.5655690047042645,0.2907130398012578,35.2876993678126,0.060973652963640414
2.982478392433314,1.0581818840710908,0.9355674189967762,1.2315661504307882,25.73088155066308,0.21180321555790863
2.9625468843429323,1.0328145101378807,0.5602833130715145,1.152280775939535,14.599980745161703,0.28240428741054563
1.3788979687981053,0.1993150809038037,0.32242718959775857,0.22728474020825626,11.100413979010613,0.12997015500144385
0.40768993821232596,0.30984435304136765,0.17971351551350506,0.31185580633225835,7.85116010397518,1.5403870222393508
0.3660149667506215,0.6450560800159469,0.20614197367725576,0.6765685289920172,3.732229389300633,3.6792785854111667
0.3642030114696778,0.9168493721574913,0.32242718959775857,0.8034251281780208,1.817977600205401,6.062064760437151
0.5037235681023405,1.5292902571164229,0.5338548549077637,0.9355674189967762,1.185777093161333,9.68999711177301
0.666799543387271,1.4495642247549052,0.9778529520587779,0.708282678788518,0.9402779114919361,12.303841340134849
0.9259091485622092,1.2611208755367724,0.9038532692002749,0.502140705111263,1.2595873046436354,11.832097814574148
0.7972603236152146,0.561706137092538,0.46514086368201213,0.2114276653100059,1.1424537081608512,7.905715477679479
0.7374657993440742,0.20656290202757838,0.31714149796500846,0.05814260796025161,1.0461795192708916,5.107345720611925
0.7429016651869051,0.05798256899019734,0.2854273481685077,0.021142766531000584,0.6450370655627268,3.1481659767016708
0.5888854663066931,0.0018119552809436662,0.2325704318410064,0.005285691632750146,0.4781618048201301,0.8520265716761397
0.5852615557448058,0.0,0.20614197367725576,0.005285691632750146,0.4829755142646281,0.19575751740958203
0.6867310514776513,0.0,0.20614197367725576,0.005285691632750146,0.6450370655627268,0.06418279259330568
0.6957908278823697,0.0,0.18499920714625523,0.005285691632750146,0.4733480953756321,0.027277686852154936
0.8226276975484248,0.0,0.20614197367725576,0.0,0.5423445974134365,0.004813709444497929
1.0781133921614703,0.0,0.28014165653575757,0.0,0.8873271076024583,0.0
1.2520610991320544,0.0,0.2484275067392568,0.0,1.1392445685311858,0.0
0.987515628114291,0.0,0.23785612347375654,0.0,0.9434870511216014,0.0
0.6251245719255666,0.0,0.22199904857550615,0.0,1.1199897307531939,0.0016045698148326431
0.6287484824874539,0.0,0.2114276653100059,0.0,1.1408491383460184,0.03209139629665286
0.6541158564206653,0.0018119552809436662,0.23785612347375654,0.005285691632750146,0.6883604505632085,0.2358717627803985
0.6541158564206653,0.0,0.24314181510650665,0.005285691632750146,0.5230897596354446,0.6931741600077065
0.7537733968725672,0.01811955280943666,0.2695702732702573,0.021142766531000584,0.48137094444979545,1.8099547511312375
0.8588668031672966,0.03261519505698599,0.29599873143400796,0.02642845816375073,0.3995378838933298,2.929944481884434
0.7030386490061444,0.02899128449509866,0.24314181510650665,0.021142766531000584,0.2599403100028884,2.98770899521841
0.5182192103498899,0.054358658428309996,0.20085628204450562,0.05285691632750146,0.11392445685311749,2.645935624659053
0.4421170885502557,0.11958904854228218,0.20614197367725576,0.07399968285850206,0.09627418888995845,2.0361990950226425
0.4366812227074247,0.14676837775643725,0.16914213224800476,0.12157090755325342,0.19575751740958203,1.7618176566862578
0.4783561941691291,0.10509340629473281,0.13742798245150387,0.18499920714625523,0.7717980809345069,1.0477840890857242
0.6359963036112286,0.1449564224754936,0.14799936571700417,0.25899889000475707,2.599403100028906,0.6097365296364082
0.7682690391201166,0.2935367555128746,0.18499920714625523,0.5179977800095134,5.1458553961679,0.4380475594493136
1.5764010944209574,0.8769863559767324,0.502140705111263,1.421851049209796,5.822983858027136,0.6787330316742126
1.84275852071969,1.2430013227273364,0.7029969871557679,1.749563930440303,7.828696126567528,0.6434324957478941
1.2919241153128134,1.0020112703618398,0.665997145726517,1.1152809345102834,8.841179679726716,0.5230897596354446
1.0201308231712756,0.8534309373244657,0.5708546963370147,0.7241397536867684,5.4940470459865125,0.5102532011167833
0.7157223359727501,0.3515193245030721,0.42285533062001107,0.2854273481685077,3.6905105741149926,0.31128654407753353
0.5598941818115943,0.03623910561887332,0.3858554891907601,0.05285691632750146,3.311832097814567,0.08343763037129734
0.4946637916976222,0.0018119552809436662,0.5549976214387643,0.021142766531000584,2.0329899553929773,0.03209139629665286
0.6378082588921722,0.007247821123774665,0.6818542206247674,0.031714149796500876,1.3077243990886152,0.0561599435191425
1.4749315986881153,0.0797260323615214,0.8192822030762714,0.05285691632750146,1.9367157665030177,0.10911074740861956
3.4789541394118357,0.6070050191161298,1.0201384851207795,0.33828426449600896,3.2299990372581187,0.3000545553737049
5.816376451828837,2.2504484589320355,1.3689941328822939,1.1205666261430336,3.2941818298514116,0.9386733416771034
6.765841019043184,3.5170052003116474,2.0667054284053057,1.7019927057455526,3.3856423092968533,1.6206155129809836
4.27259055246505,3.4626465418833448,2.124848036365556,1.6332787145198022,3.0502872179968836,1.7233079811302738
1.8065194151008146,2.6545144865824937,1.749563930440303,1.1681378508377855,1.813163890760903,1.769840505760421
0.8389352950769171,1.7467248908296706,1.3795655161477942,0.6342829959300162,0.8728859792689644,2.0586630724302997
0.46567250720252346,0.26092156045588855,0.4439980971510116,0.10571383265500296,0.426815570745485,1.2964924103847866
0.4167497146170443,0.07066625595680304,0.19028489877900537,0.02642845816375073,0.23105805333590054,0.9707647379737566
0.2844769791081563,0.016307597528492996,0.19028489877900537,0.015857074898250438,0.19575751740958203,1.3895574596450808
0.26273351573683223,0.01449564224754933,0.22199904857550615,0.005285691632750146,0.18131638907608827,0.6851513109335432
0.297160666074762,0.012683686966605663,0.28014165653575757,0.005285691632750146,0.1347838644459418,0.36744648759667664
0.33158781641269175,0.025367373933211326,0.42285533062001107,0.010571383265500292,0.1444112833349376,0.20538493629857799
0.3642030114696778,0.03442715033792966,0.7029969871557679,0.015857074898250438,0.4733480953756321,0.059369083148807775
0.3642030114696778,0.02355541865226766,0.6237116126645159,0.02642845816375073,3.1770482333686525,0.027277686852154936
0.308032397760424,0.010871731685661997,0.2537131983720069,0.021142766531000584,7.916947466383305,0.00962741888899586
0.2899128449509873,0.00905977640471833,0.10571383265500296,0.03699984142925102,22.248965052473952,0.0064182792593305725
0.5762017793400874,0.00905977640471833,0.16385644061525462,0.03699984142925102,39.748403453050294,0.011231988703828504
0.9983873597999525,0.021743463371323993,0.2114276653100059,0.04228553306200117,43.47902827253864,0.011231988703828504
1.2466252332892236,0.025367373933211326,0.216713356942756,0.02642845816375073,40.29395719009375,0.0064182792593305725
1.3027958469984748,0.02899128449509866,0.2854273481685077,0.04228553306200117,34.16610506724385,0.008022849074163216
0.9857036728333475,0.012683686966605663,0.45456948041651185,0.015857074898250438,17.298867173711987,0.008022849074163216
0.8606787584482402,0.016307597528492996,0.7664252867487694,0.010571383265500292,6.891627354705457,0.012836558518661145
0.5164072550689462,0.005435865842830998,0.5549976214387643,0.010571383265500292,2.2768845672475413,0.00962741888899586
0.33521172697457907,0.0036239105618873324,0.25899889000475707,0.005285691632750146,1.1440582779756838,0.0064182792593305725
0.291724800231931,0.0018119552809436662,0.13214229081875373,0.005285691632750146,0.9162093642694461,0.0064182792593305725
0.308032397760424,0.0036239105618873324,0.07928537449125221,0.005285691632750146,2.3282308013221864,0.004813709444497929
0.4203736251789316,0.0036239105618873324,0.12685659918600356,0.0,8.398318410833,0.0032091396296652862
0.5453985395640449,0.0018119552809436662,0.20614197367725576,0.0,26.67597317160013,0.0032091396296652862
0.7573973074344545,0.0,0.45985517204926196,0.0,40.45762331120679,0.0
1.1306600953088342,0.0,0.6818542206247674,0.005285691632750146,48.60081512148782,0.0
1.284676294189039,0.0,0.7399968285850188,0.005285691632750146,49.17364654538345,0.0
1.145155737556383,0.0036239105618873324,0.5074263967440131,0.010571383265500292,38.561021790073355,0.0032091396296652862
0.9023537299099426,0.005435865842830998,0.3065701146995082,0.010571383265500292,23.754051538787966,0.0032091396296652862
0.6124408849589609,0.005435865842830998,0.18499920714625523,0.005285691632750146,12.96813324347583,0.0064182792593305725
0.38413451956005823,0.0018119552809436662,0.12685659918600356,0.005285691632750146,4.977375565610507,0.0016045698148326431
0.3007845766366493,0.0,0.10571383265500296,0.0,1.2980969801996192,0.0
0.1993150809038037,0.0,0.08457106612400236,0.0,0.19736208722441467,0.0
0.11415318269945116,0.0,0.05285691632750146,0.0,0.02246397740765701,0.0
0.10146949573284546,0.0,0.06342829959300177,0.0,0.0032091396296652862,0.0
0.2319302759607898,0.0,0.13214229081875373,0.0,0.0032091396296652862,0.0
0.45661273079780507,0.0,0.2537131983720069,0.0,0.0064182792593305725,0.0
0.46386055192157977,0.0,0.20085628204450562,0.0,0.01604569814832643,0.0
0.3642030114696778,0.0,0.17442782388075492,0.0,0.03209139629665286,0.0
0.24823787348928283,0.0,0.1532850573497543,0.0,0.09306504926029317,0.0
0.26454547101777587,0.0,0.17971351551350506,0.0,0.2968454157440396,0.0
0.2826650238272126,0.0,0.2537131983720069,0.0,0.4540932575976402,0.0064182792593305725
0.3478954139411848,0.0,0.4122839473545108,0.0,0.6241776579699021,0.0032091396296652862
0.4421170885502557,0.0,0.4809979385802625,0.0,1.0959211835307041,0.0016045698148326431
0.4113138487742133,0.0,0.33299857286325885,0.0,2.5368248772504325,0.0032091396296652862
0.36239105618873413,0.0,0.13742798245150387,0.0,26.71769198678581,0.011231988703828504
0.38051060899817085,0.0,0.18499920714625523,0.0,28.776355059217444,0.02567311703732229
0.4620485966406361,0.0,0.2484275067392568,0.005285691632750146,29.211193479037377,0.057764513333975136
0.45661273079780507,0.0,0.22728474020825626,0.0,23.259844035819185,0.041718815185648725
0.44030513326931203,0.0,0.18499920714625523,0.0,16.494977696480305,0.011231988703828504
0.7175342912536938,0.0,0.17442782388075492,0.0,9.487821315104139,0.008022849074163216
1.306419757560362,0.0,0.23785612347375654,0.0,4.4558903757900055,0.027277686852154936
2.007646451285572,0.0,0.45456948041651185,0.005285691632750146,2.9058759346619443,0.060973652963640414
2.0765007519614347,0.005435865842830998,0.5919974628680152,0.021142766531000584,3.136933987997845,0.10750617759378693
1.8590661182481836,0.01449564224754933,0.8932818859347744,0.02642845816375073,3.9215686274508457,0.12194730592728067
1.2937360705937568,0.012683686966605663,0.7347111369522686,0.010571383265500292,5.269407271909989,0.12836558518661123
0.7809527260867223,0.012683686966605663,0.4069982557217607,0.015857074898250438,8.000385096754584,0.15082956259426816
0.4783561941691291,0.025367373933211326,0.2537131983720069,0.021142766531000584,8.858829947689873,0.2085940759282433
0.4058779829313823,0.016307597528492996,0.20085628204450562,0.010571383265500292,7.124289977856142,0.14120214370527234
0.5490224501259323,0.02899128449509866,0.24314181510650665,0.015857074898250438,6.161548088956755,0.12034273611244803
0.8733624454148452,0.05254670314736633,0.3647127226597596,0.02642845816375073,8.60049420750187,0.11392445685311749
1.250249143851111,0.10509340629473281,0.36999841429250974,0.05285691632750146,12.244472256986052,0.08343763037129734
1.1886426642990289,0.313468263603255,0.34885564776150924,0.1955705904117555,19.50675523892316,0.1395975738904397
0.9023537299099426,0.9983873597999525,0.2642845816375072,0.6237116126645159,28.386444594212858,0.29363627611437426
0.9295330591240963,1.9025530449908339,0.23785612347375654,1.1469950843067849,35.74500176504021,0.3834921857450032
0.8606787584482402,2.1507909184801286,0.16914213224800476,1.2897087583910405,35.363114149109784,0.47976637463496274
0.6269365272065102,2.0003986301617966,0.11628521592050327,1.0359955600190303,31.361317030914538,0.5985045409325795
0.31890412944608604,1.0128830020475013,0.06342829959300177,0.31714149796500846,32.08497801740454,0.2535220307435578
0.2881008896700436,0.11415318269945116,0.04757122469475131,0.04228553306200117,38.77924328489073,0.07220564166746887
0.30440848719853664,0.0,0.07928537449125221,0.0,42.513077244008755,0.004813709444497929
0.32977586113174806,0.0018119552809436662,0.20085628204450562,0.0,44.324636564956,0.004813709444497929
0.418561669897988,0.0018119552809436662,0.4439980971510116,0.005285691632750146,46.62077596998303,0.0032091396296652862
0.40044211708855126,0.0036239105618873324,0.5602833130715145,0.005285691632750146,43.10034979623789,0.00962741888899586
0.3515193245030721,0.01811955280943666,0.6924256038902676,0.021142766531000584,31.4977054651754,0.020859407592824362
0.32796390585080437,0.03623910561887332,0.6289973042972661,0.02642845816375073,22.974230608778786,0.046532524630146656
0.27179329214155057,0.01449564224754933,0.3858554891907601,0.015857074898250438,17.63422226501223,0.027277686852154936
0.313468263603255,0.00905977640471833,0.32771288123050873,0.005285691632750146,14.664163537755051,0.012836558518661145
0.4095018934932696,0.007247821123774665,0.31185580633225835,0.005285691632750146,12.900741311252814,0.00962741888899586
0.3478954139411848,0.0018119552809436662,0.20614197367725576,0.0,13.143031353292702,0.0
0.38594647484100186,0.0,0.16914213224800476,0.0,17.053367992042432,0.0
0.38232256427911454,0.0,0.13742798245150387,0.0,17.643849683901234,0.004813709444497929
0.37507474315533984,0.0018119552809436662,0.15857074898250448,0.0,17.574853181863386,0.06739193222297096
0.40768993821232596,0.07791407708057772,0.1532850573497543,0.04757122469475131,20.52084336189806,0.36744648759667664
0.5490224501259323,0.8534309373244657,0.19028489877900537,0.3065701146995082,23.498924938229408,0.8504220018613071
0.8153798764246505,2.0909963942089846,0.31185580633225835,0.8615677361382732,24.780976220281534,1.3815346105709174
1.0364384206997679,2.4225842106216926,0.3065701146995082,1.1205666261430336,30.525336157386178,0.9563236096402626
1.1034807660946804,2.7559839823153442,0.40171256408901057,1.4059939743115453,33.90135104779628,0.7798209300086701
0.9838917175524039,2.0692529308376595,0.40171256408901057,1.0888524763465324,34.19819646354052,0.39632874426366443
0.7410897099059616,1.1632752903658188,0.34885564776150924,0.5708546963370147,30.79811302590791,0.17650267963159036
0.655927811701609,0.6740473645110456,0.3594270310270095,0.38056979755801,28.187477937173476,0.08022849074163207
0.5309028973164956,0.2319302759607898,0.29599873143400796,0.10571383265500296,24.938224062135237,0.03209139629665286
0.43305731214553733,0.027179329214154994,0.24314181510650665,0.005285691632750146,29.743910657562168,0.012836558518661145
0.3497073692221285,0.007247821123774665,0.19028489877900537,0.0,35.20907544688575,0.004813709444497929
0.33158781641269175,0.0018119552809436662,0.17971351551350506,0.0,45.4815314014511,0.0016045698148326431
0.3605791009077905,0.0,0.20085628204450562,0.0,54.4574949456154,0.0
0.5037235681023405,0.0,0.22728474020825626,0.0,64.84547992681284,0.0
0.5381507184402703,0.0,0.2325704318410064,0.0,75.77099579597771,0.0
0.6976027831633134,0.0,0.30128442306675807,0.0,80.57186868194354,0.0
0.9168493721574913,0.0,0.32771288123050873,0.0,81.57632938602596,0.0
0.8969178640671118,0.0,0.30128442306675807,0.0,79.8626488237895,0.0
0.7537733968725672,0.0,0.32242718959775857,0.0,70.58983986389762,0.0
0.5435865842831014,0.0,0.3435699561287591,0.0,29.52889830237445,0.0
0.434869267426481,0.0018119552809436662,0.42285533062001107,0.005285691632750146,5.55502069895014,0.0016045698148326431
0.4113138487742133,0.06885430067585938,0.7981394365452705,0.02642845816375073,1.7634222265010904,0.05295080388947722
0.4620485966406361,0.44574099911214304,1.326708599820292,0.05814260796025161,0.8776996887134623,2.373158756137501
0.8878580876623939,0.0,0.31714149796500846,0.010571383265500292,12.084015275502821,0.014441128333493789
0.9168493721574913,0.0018119552809436662,0.31185580633225835,0.015857074898250438,4.95812072783252,0.06899650203780361
0.6903549620395387,0.0036239105618873324,0.22199904857550615,0.031714149796500876,1.566060139276673,0.43483841981964827
0.38413451956005823,0.0036239105618873324,0.10571383265500296,0.02642845816375073,0.4733480953756321,0.5038349218574527
0.33702368225552276,0.0036239105618873324,0.07399968285850206,0.031714149796500876,0.24710375148422714,0.3995378838933298
0.40768993821232596,0.00905977640471833,0.11628521592050327,0.03699984142925102,0.4540932575976402,0.4540932575976402
0.7392777546250179,0.03623910561887332,0.1955705904117555,0.07399968285850206,0.7557523827861803,0.7701935111196742
1.096232944970906,0.05617061370925367,0.3911411808235103,0.07399968285850206,1.1183851609383613,0.874490549083797
0.9186613274384349,0.016307597528492996,0.6765685289920172,0.021142766531000584,0.9306504926029401,0.5311126087096079
0.8715504901339016,0.007247821123774665,1.612135947988802,0.021142766531000584,0.25673117037322307,0.4332338500048156
0.45117686495497406,0.0018119552809436662,1.0888524763465324,0.021142766531000584,0.08825133981579526,0.280799717595713
0.38775843012194555,0.0018119552809436662,0.9408531106295264,0.010571383265500292,0.1235518757421133,0.2037803664837453
0.42943340158365,0.0036239105618873324,0.9408531106295264,0.010571383265500292,0.22143063444690458,0.1363884342607744
0.4040660276504386,0.0036239105618873324,0.6395686875627663,0.010571383265500292,0.25191746092872513,0.1347838644459418
0.3660149667506215,0.0,0.43342671388551135,0.010571383265500292,0.5519720163024324,0.06899650203780361
0.2989726213557056,0.0,0.2114276653100059,0.0,0.7028015788967025,0.008022849074163216
0.21562267843229674,0.0,0.15857074898250448,0.0,0.7541478129713476,0.0032091396296652862
0.2989726213557056,0.0,0.13214229081875373,0.005285691632750146,0.9803921568627525,0.0032091396296652862
0.7555853521535109,0.0,0.25899889000475707,0.010571383265500292,2.3137896729886926,0.008022849074163216
1.445940314193018,0.007247821123774665,0.3858554891907601,0.010571383265500292,5.495651615801345,0.046532524630146656
2.0366377357806718,0.13589664607077523,0.3435699561287591,0.05814260796025161,9.389942556399369,0.2246397740765699
1.9206725978002714,0.24099005236550816,0.31714149796500846,0.08457106612400236,16.1901094316619,0.32251853278136217
1.7757161753247708,0.3007845766366493,0.36999841429250974,0.16914213224800476,23.126664741187987,0.4653252463014688
1.2955480258747005,0.21018681258946573,0.44928378878376174,0.11099952428775312,24.73123455602169,0.4460704085234769
0.953088477776363,0.048922792585478984,0.5391405465405139,0.04757122469475131,25.599306825846718,0.23747633259523118
1.0654297051948651,0.012683686966605663,0.49156932184576274,0.015857074898250438,23.02397227303863,0.06257822277847305
1.1306600953088342,0.0,0.3964268724562604,0.015857074898250438,17.215429543340637,0.017650267963159078
1.1977024407037469,0.0,0.3911411808235103,0.010571383265500292,9.375501428065878,0.0064182792593305725
1.105292721375624,0.0,0.20614197367725576,0.005285691632750146,4.566605693013435,0.0064182792593305725
0.9730199858667423,0.0,0.07399968285850206,0.005285691632750146,1.445717403164224,0.014441128333493789
0.6196887060827355,0.0,0.04757122469475131,0.010571383265500292,0.48137094444979545,0.02567311703732229
0.3533312797840158,0.0,0.07928537449125221,0.010571383265500292,0.2037803664837453,0.102692468149289
0.2935367555128746,0.0036239105618873324,0.07928537449125221,0.010571383265500292,0.1395975738904397,0.32091396296652946
0.2881008896700436,0.0036239105618873324,0.06342829959300177,0.010571383265500292,0.15724784185359872,0.6354096466737308
0.1993150809038037,0.0018119552809436662,0.04757122469475131,0.010571383265500292,0.21501235518757394,0.6450370655627268
0.25729764989400117,0.0018119552809436662,0.04757122469475131,0.010571383265500292,0.50223035204262,0.7525432431565149
0.3786986537172272,0.0036239105618873324,0.03699984142925102,0.015857074898250438,0.9130002246397808,1.0333429607522304
0.5000996575404532,0.00905977640471833,0.07399968285850206,0.031714149796500876,0.8183306055646539,1.4007894483489094
0.413125804055157,0.012683686966605663,0.05814260796025161,0.04228553306200117,0.6771284618593799,1.4473219729790565
0.43305731214553733,0.0036239105618873324,0.05814260796025161,0.03699984142925102,0.718847277045029,1.0895029042713733
0.4548007755168614,0.0018119552809436662,0.0687139912257519,0.015857074898250438,0.43644298963448097,0.7060107185263678
0.46023664135969244,0.0,0.07399968285850206,0.015857074898250438,0.39311960463399914,0.6626873335258859
0.5236550761927209,0.0,0.10571383265500296,0.015857074898250438,0.37707390648567257,0.426815570745485
0.39319429596477656,0.0,0.11628521592050327,0.015857074898250438,0.33856423092968874,0.20698950611341063
0.3714508325934525,0.0018119552809436662,0.17442782388075492,0.015857074898250438,0.2872179968550436,0.7060107185263678
0.32977586113174806,0.016307597528492996,0.17442782388075492,0.021142766531000584,0.3401688007445214,1.6174063733513182
0.25367373933211385,0.07247821123774671,0.13214229081875373,0.04757122469475131,0.4412566990789789,4.024261095600114
0.25367373933211385,0.42580949102176263,0.13742798245150387,0.14799936571700417,0.431629280189983,9.235903854175467
0.24280200764645182,0.8787983112576759,0.3065701146995082,0.2907130398012578,0.25191746092872513,19.595006578739014
0.2319302759607898,0.8244396528293684,0.49156932184576274,0.27485596490300745,0.15724784185359872,25.177304964545456
0.21199876787040942,0.7284060229393559,1.0412812516517804,0.2484275067392568,0.09146047944546054,32.97711883445207
0.2808530685462689,0.6160647955208481,2.7009884243353106,0.19028489877900537,0.18131638907608827,35.40322839448063
0.3786986537172272,0.5490224501259323,4.529837729266918,0.19028489877900537,0.3754693366708399,29.981386990157553
0.3986301618076076,0.32615195056986074,2.494846450658059,0.16385644061525462,0.6482462051923921,14.461987741086006
0.4040660276504386,0.1177770932613385,1.7125640890110527,0.10571383265500296,1.4745996598312117,4.518468598568466
0.44755295439308673,0.012683686966605663,1.173423542470536,0.021142766531000584,5.25657071339133,0.5471583068579344
0.4167497146170443,0.0,0.4122839473545108,0.015857074898250438,11.227174994382366,0.1444112833349376
0.3569551903459031,0.0018119552809436662,0.20614197367725576,0.010571383265500292,15.055678572574474,0.07220564166746887
0.3605791009077905,0.0,0.20614197367725576,0.010571383265500292,13.524918969223124,0.0818330605564647
0.37688669843628353,0.0,0.19028489877900537,0.010571383265500292,5.662526876543906,0.2037803664837453
0.39500625124572025,0.0018119552809436662,0.18499920714625523,0.010571383265500292,0.8119123263053233,1.2018227913096595
0.44392904383119935,0.0,0.18499920714625523,0.010571383265500292,0.16045698148326398,1.9848528609479974
0.5598941818115943,0.005435865842830998,0.32771288123050873,0.005285691632750146,0.08664677000096262,2.3571130579891744
1.0382503759807113,0.030803239776042324,0.745282520217769,0.005285691632750146,0.06578736240813833,5.466769359134363
0.7610212179963419,0.07610212179963406,0.8668534277710234,0.015857074898250438,0.16847983055742718,9.755784474181135
0.37326278787439615,0.12502491438511318,0.7928537449125204,0.031714149796500876,0.26154487981772107,16.308847597959595
0.36239105618873413,0.4729203283262981,0.7981394365452705,0.1532850573497543,0.12997015500144385,37.011007348944
0.8117559658627633,1.1560274692420445,1.0148527934880294,0.3647127226597596,0.0481370944449793,56.81300343378312
0.38051060899817085,0.0,0.48628363021301263,0.0,1.4810179390905425,0.0064182792593305725
0.3551432350649595,0.0,0.38056979755801,0.0,2.254420589839884,0.011231988703828504
0.38051060899817085,0.0018119552809436662,0.32242718959775857,0.0,3.2797407015179205,0.017650267963159078
0.44755295439308673,0.0,0.2695702732702573,0.0,3.056705497256214,0.02567311703732229
0.5417746290021577,0.0,0.2114276653100059,0.010571383265500292,3.019800391515063,0.01604569814832643
0.795448368334271,0.005435865842830998,0.2114276653100059,0.03699984142925102,2.341067359840848,0.028882256666987578
0.8643026690101273,0.0018119552809436662,0.22728474020825626,0.03699984142925102,3.5316581624465937,0.011231988703828504
1.009259091485614,0.0018119552809436662,0.32242718959775857,0.021142766531000584,8.306857931387556,0.00962741888899586
1.2828643389080954,0.0018119552809436662,0.40171256408901057,0.010571383265500292,19.070312249288392,0.0032091396296652862
1.5129826595879308,0.0018119552809436662,0.32771288123050873,0.010571383265500292,34.774237027065816,0.0032091396296652862
1.9116128213955526,0.0,0.3647127226597596,0.021142766531000584,50.95471903984555,0.0032091396296652862
2.208773487470329,0.0018119552809436662,0.42285533062001107,0.015857074898250438,57.69391226212378,0.0032091396296652862
2.2830636539890232,0.00905977640471833,0.3647127226597596,0.021142766531000584,56.2642405571119,0.004813709444497929
1.6361956186921014,0.0018119552809436662,0.28014165653575757,0.010571383265500292,49.310034979644314,0.0016045698148326431
0.8135679211437069,0.0,0.23785612347375654,0.0,32.09941914573804,0.0
0.4366812227074247,0.0,0.2325704318410064,0.0,12.323096177912836,0.0
0.3497073692221285,0.0,0.32771288123050873,0.0,4.5858605307914235,0.0
0.2844769791081563,0.0,0.36999841429250974,0.0,3.0936106029973653,0.0
0.24099005236550816,0.0,0.3911411808235103,0.0,5.40258656654107,0.0
0.2319302759607898,0.0,0.2854273481685077,0.0,11.920349154389925,0.0
0.3333997716936354,0.0,0.2907130398012578,0.0,26.558839575117272,0.0
0.6106289296780172,0.0,0.28014165653575757,0.0,40.366162831761265,0.0
0.9911395386761782,0.0,0.28014165653575757,0.005285691632750146,53.55893584931164,0.0
1.262932830817716,0.005435865842830998,0.30128442306675807,0.010571383265500292,53.77715734412827,0.0016045698148326431
1.3227273550888543,0.00905977640471833,0.28014165653575757,0.02642845816375073,46.349603671276135,0.004813709444497929
1.101668810813737,0.059794524271141014,0.2642845816375072,0.05814260796025161,30.82378614294525,0.014441128333493789
1.0146949573284447,0.1993150809038037,0.2325704318410064,0.10571383265500296,17.366259105935004,0.04974166425981195
0.7447136204678488,0.40225407236949495,0.17971351551350506,0.2325704318410064,7.092198581559496,0.17489810981675774
0.5870735110257495,0.423997535740819,0.20085628204450562,0.2114276653100059,3.9456371746733305,0.2968454157440396
0.6178767508017918,0.44030513326931203,0.31714149796500846,0.24314181510650665,4.394916722826378,0.361028208337346
0.561706137092538,0.26092156045588855,0.28014165653575757,0.08457106612400236,5.678572574692228,0.3690510574115093
0.561706137092538,0.11958904854228218,0.16385644061525462,0.05285691632750146,5.861493533583112,0.3080774044478682
0.6432441247350033,0.06885430067585938,0.17442782388075492,0.010571383265500292,5.957767722473051,0.24549918166939447
0.6160647955208481,0.06160647955208468,0.1532850573497543,0.0,4.909983633387551,0.29363627611437426
0.49647574697856584,0.03805106089981699,0.13214229081875373,0.005285691632750146,2.684445300215037,0.25031289111389243
0.423997535740819,0.0036239105618873324,0.142713674084254,0.0,1.9527614646513443,0.09466961907512582
0.4203736251789316,0.0,0.28014165653575757,0.0,2.6587721831777147,0.01925483777799172
0.434869267426481,0.0,0.43342671388551135,0.0,4.27136484708429,0.0016045698148326431
0.556270271249707,0.0,0.956710185527777,0.0,7.762908764159403,0.0
0.5925093768685804,0.0,1.0571383265500311,0.0,13.308302044220573,0.0
0.6251245719255666,0.0,0.8192822030762714,0.0,15.15837104072383,0.0
0.6378082588921722,0.0,0.6977112955230178,0.0,15.391033663874717,0.0
0.5997571979923552,0.0,0.49685501347851285,0.0,19.609447707072515,0.0
0.5762017793400874,0.0,0.33828426449600896,0.0,24.492153653611467,0.0
0.45661273079780507,0.0,0.18499920714625523,0.0,23.19245210359617,0.0
0.37507474315533984,0.0,0.15857074898250448,0.0,21.441866435612603,0.0
0.34427150337929746,0.0,0.11099952428775312,0.0,20.562562177083734,0.0
0.3207160847270297,0.0,0.10571383265500296,0.005285691632750146,13.759186162188843,0.0
0.26273351573683223,0.0,0.10042814102225281,0.0,6.256217708031861,0.0
0.1558281541611556,0.0,0.11099952428775312,0.0,3.727415679856136,0.0
0.16126402000398662,0.0,0.11099952428775312,0.0,2.609030518917902,0.0
0.181195528094367,0.0,0.1532850573497543,0.0,1.9270883476140217,0.0
0.20112703618474737,0.0,0.16385644061525462,0.0,1.8821603927987072,0.0032091396296652862
0.175759662251536,0.0018119552809436662,0.11628521592050327,0.0,3.6279323513365327,0.0
0.20475094674663472,0.0,0.11099952428775312,0.0,6.203266904142395,0.0016045698148326431
0.2319302759607898,0.0,0.17971351551350506,0.0,8.204165463238288,0.0016045698148326431
0.2754172027034379,0.0,0.16914213224800476,0.0,10.684830396969044,0.0032091396296652862
0.31165630832231134,0.0,0.17971351551350506,0.0,10.86935592567476,0.008022849074163216
0.47110837304535447,0.005435865842830998,0.16385644061525462,0.005285691632750146,7.149963094893459,0.017650267963159078
0.7030386490061444,0.005435865842830998,0.13742798245150387,0.010571383265500292,5.113763999871254,0.04332338500048137
0.9857036728333475,0.00905977640471833,0.17442782388075492,0.010571383265500292,4.349988768011073,0.07381021148230152
1.0328145101378807,0.010871731685661997,0.20085628204450562,0.015857074898250438,4.471936073938329,0.08825133981579526
0.9331569696859835,0.030803239776042324,0.2854273481685077,0.021142766531000584,3.9761240011551444,0.12676101537177858
0.9204732827193784,0.08878580876623976,0.31714149796500846,0.05814260796025161,3.544494720965252,0.18452552870575356
0.5671420029353691,0.10871731685662014,0.29599873143400796,0.05814260796025161,3.4113154263341703,0.1861300985205862
0.4040660276504386,0.03623910561887332,0.2537131983720069,0.015857074898250438,5.072045184685614,0.07862392092679943
0.2881008896700436,0.007247821123774665,0.22199904857550615,0.005285691632750146,7.090594011744663,0.01925483777799172
0.21562267843229674,0.0,0.2114276653100059,0.0,9.028914348062097,0.004813709444497929
0.2301183206798461,0.0,0.18499920714625523,0.0,13.067616571995519,0.0
0.31709217416514235,0.0,0.2537131983720069,0.0,13.932479702190884,0.0
0.9331569696859835,1.9369801953287653,7.230826153602365,0.5444262381732641,0.21822149481723926,58.229838580276386
0.5762017793400874,0.8588668031672966,1.8447063798298038,0.2484275067392568,0.04974166425981195,35.20747087707092
0.5309028973164956,0.3968182065266639,0.29599873143400796,0.07928537449125221,0.012836558518661145,15.527422098135583
0.8280635633912556,0.21381072315135308,0.15857074898250448,0.031714149796500876,0.004813709444497929,5.181155932094211
0.8153798764246505,0.03805106089981699,0.17442782388075492,0.015857074898250438,0.01925483777799172,0.3481916498186847
0.6359963036112286,0.0036239105618873324,0.17971351551350506,0.0,0.020859407592824362,0.02567311703732229
0.5309028973164956,0.0018119552809436662,0.31714149796500846,0.0,0.0016045698148326431,0.0032091396296652862
0.529090942035552,0.0,0.49685501347851285,0.0,0.0,0.0
0.46023664135969244,0.0,0.49156932184576274,0.0,0.0,0.008022849074163216
0.4167497146170443,0.0,0.3964268724562604,0.0,0.004813709444497929,0.2198260646320719
0.36239105618873413,0.0,0.27485596490300745,0.0,0.011231988703828504,1.5516190109431793
0.24099005236550816,0.0018119552809436662,0.13214229081875373,0.005285691632750146,0.0064182792593305725,2.18542408780208
0.2808530685462689,0.03442715033792966,0.10042814102225281,0.04228553306200117,0.01604569814832643,3.056705497256214
0.45298882023591774,0.20475094674663472,0.07928537449125221,0.07399968285850206,0.19575751740958203,3.234812746702616
0.8117559658627633,0.43849317798836834,0.11099952428775312,0.1532850573497543,1.3703026218670888,2.429318699656644
0.7664570838391729,0.4203736251789316,0.18499920714625523,0.15857074898250448,3.1995122107763048,2.08273161965279
0.6414321694540596,0.4674844624834671,0.28014165653575757,0.16914213224800476,4.635602195051225,2.33625365039635
0.4747322836072418,0.5870735110257495,0.3647127226597596,0.23785612347375654,3.4385931131863194,2.8465068515131358
0.5870735110257495,0.5762017793400874,0.49685501347851285,0.216713356942756,1.6976348640929513,3.1112608709605247
0.8751744006957888,0.1485803330373809,0.745282520217769,0.04757122469475131,1.0638297872340507,1.7233079811302738
0.7247821123774685,0.06523039011397203,0.4809979385802625,0.031714149796500876,0.7573569526010129,0.7637752318603436
0.2989726213557056,0.02355541865226766,0.17442782388075492,0.005285691632750146,0.2872179968550436,0.2326626231507332
0.21562267843229674,0.0036239105618873324,0.06342829959300177,0.005285691632750146,0.23747633259523118,0.03209139629665286
0.2500498287702265,0.0,0.08457106612400236,0.005285691632750146,0.5230897596354446,0.02246397740765701
0.38594647484100186,0.0018119552809436662,0.12157090755325342,0.005285691632750146,0.6434324957478941,0.046532524630146656
0.6215006613636792,0.00905977640471833,0.1532850573497543,0.015857074898250438,0.6402233561182288,0.16687526074259454
0.7193462465346374,0.010871731685661997,0.17971351551350506,0.02642845816375073,0.6498507750072247,0.3161002535220315
0.9240971932812656,0.01993150809038033,0.1532850573497543,0.03699984142925102,0.7011970090818698,0.43483841981964827
0.913225461595604,0.005435865842830998,0.12157090755325342,0.015857074898250438,0.516671480376114,0.3273322422258601
0.6849190961967077,0.005435865842830998,0.11099952428775312,0.015857074898250438,0.4749526651904648,0.19575751740958203
0.4620485966406361,0.0018119552809436662,0.09514244938950267,0.005285691632750146,0.41718815185648905,0.11071531722345221
0.4040660276504386,0.0018119552809436662,0.10571383265500296,0.005285691632750146,0.6033182503770775,0.12034273611244803
0.36239105618873413,0.005435865842830998,0.11099952428775312,0.010571383265500292,0.7782163601938374,0.14762042296460287
0.3333997716936354,0.010871731685661997,0.12157090755325342,0.015857074898250438,0.6113410994512408,0.18292095889092091
0.2935367555128746,0.007247821123774665,0.14799936571700417,0.015857074898250438,0.44767497833830955,0.27438143833638234
0.24823787348928283,0.005435865842830998,0.17971351551350506,0.015857074898250438,0.285613427040211,0.18933923815025147
0.2754172027034379,0.0,0.35414133939425935,0.005285691632750146,0.1347838644459418,0.0978787587047911
0.31709217416514235,0.0,0.3435699561287591,0.0,0.06899650203780361,0.0561599435191425
0.297160666074762,0.0,0.22199904857550615,0.0,0.036905105741150794,0.00962741888899586
0.32433999528891705,0.0,0.19028489877900537,0.0,0.02406854722248965,0.004813709444497929
0.26816938157966325,0.0018119552809436662,0.0687139912257519,0.0,0.014441128333493789,0.2968454157440396
0.3207160847270297,0.0670423453949157,0.11628521592050327,0.0,0.00962741888899586,13.123776515514699
1.0328145101378807,0.5834496004638621,0.9197103440985255,0.10042814102225281,0.014441128333493789,59.41722024324921
3.7126963706535356,2.2051495769084415,4.550980495797919,0.9355674189967762,0.0481370944449793,86.14774878847136
7.331171066697529,6.202322926669783,11.24266610285991,3.5202706274115934,0.17650267963159036,92.1985815601883
8.717316856619238,8.4527713856015,13.26708599820331,4.957978751519699,0.4380475594493136,92.25634607352212
5.781949301490911,6.124408849589217,8.78481949363098,3.255986045774074,1.0509932287153896,90.63893970017534
2.920871912881226,4.486401275616372,4.9685501347851995,2.2199904857550568,1.5580372902025101,88.24010782700726
0.9295330591240963,3.4046639728931556,2.959987314340063,1.448279507373547,2.0618722120599653,83.79224030030363
0.291724800231931,2.6092156045588997,2.0561340451398054,0.9884243353242783,2.3522993485446766,75.50142806708658
0.5906974215876368,3.5133812897497605,3.282414503937826,1.27385168349279,2.645935624659053,77.04341965913643
0.8896700429433375,4.422982840783353,3.351128495163581,1.733706855542053,2.410063861878652,84.73893649105224
0.7845766366486095,3.2705792821033435,1.5275648818648002,1.5117078069665497,1.850068996502054,81.65655787676737
0.6939788726014261,2.096432260051816,0.6607114540937669,1.1417093926740345,1.100734892975202,71.65206508131385
0.7048506042870881,2.08374857308521,0.5549976214387643,1.3425656747185428,0.8552357113058051,65.62850999644898
1.092609034409019,2.5421732591639805,0.6607114540937669,1.8288493049315537,0.8295625942684826,54.92442476173039
1.592708691949451,2.9969740346808638,0.8192822030762714,2.6851313494370603,1.025320111678067,35.94075928244992
1.3861457899218796,2.268568011741473,0.5972831545007653,1.9345631375865546,1.5355733127948528,38.54176695229535
1.2031383065465777,1.6289477975683264,0.6131402293990157,1.2421375336962885,2.2672571483585457,39.112993806376146
0.8787983112576759,0.771892949682004,0.6395686875627663,0.5549976214387643,2.98770899521841,18.168544013351852
0.5472104948449886,0.1485803330373809,0.47571224694751235,0.04757122469475131,3.5637495587432397,6.67180129007343
0.4113138487742133,0.12502491438511318,0.38056979755801,0.03699984142925102,4.069189050415418,6.7359840826667225
0.3515193245030721,0.11958904854228218,0.37528410592525985,0.05814260796025161,4.542537145790951,3.5605404191135754
0.5164072550689462,0.34245954809835377,0.6501400708282666,0.14799936571700417,5.218061037835355,3.313436667629399
0.7030386490061444,0.9983873597999525,1.1417093926740345,0.5814260796025149,5.0961137319080985,5.490837906356847
0.7573973074344545,1.3245393103697978,1.3637084412495437,0.8774248110365238,5.142646256538236,5.21485189820569
0.5309028973164956,0.5870735110257495,0.9514244938950268,0.46514086368201213,5.08969545264877,2.174192099098251
0.3660149667506215,0.09422167460907077,0.6025688461335155,0.142713674084254,4.117326144860388,0.789448348897666
0.2826650238272126,0.01993150809038033,0.32771288123050873,0.031714149796500876,3.3503417733705425,0.16847983055742718
0.21562267843229674,0.0018119552809436662,0.24314181510650665,0.010571383265500292,3.2428355957767776,0.020859407592824362
0.22287049955607144,0.0018119552809436662,0.1955705904117555,0.010571383265500292,3.1273065691088506,0.012836558518661145
0.24642591820833917,0.0,0.19028489877900537,0.010571383265500292,2.755046372067674,0.0481370944449793
0.24280200764645182,0.00905977640471833,0.20085628204450562,0.010571383265500292,3.6231186418920354,0.30326369500337025
0.24642591820833917,0.030803239776042324,0.14799936571700417,0.021142766531000584,3.7819710535604347,1.0782709155675447
0.2301183206798461,0.09603362989001445,0.09514244938950267,0.04757122469475131,3.481916498186792,2.8481114213279684
0.25910960517494486,0.0670423453949157,0.07399968285850206,0.04228553306200117,3.4113154263341703,2.840088572253805
0.2301183206798461,0.03623910561887332,0.0687139912257519,0.015857074898250438,3.8012258913384223,1.5227367542761916
0.28628893438909997,0.00905977640471833,0.07928537449125221,0.005285691632750146,3.4546388113346427,0.9418824813067687
0.32977586113174806,0.0036239105618873324,0.10042814102225281,0.010571383265500292,2.9379673309585974,0.3273322422258601
0.45661273079780507,0.0,0.14799936571700417,0.010571383265500292,2.978081576329414,0.0481370944449793
0.5580822265306506,0.0,0.2325704318410064,0.010571383265500292,2.9604313083662546,0.00962741888899586
0.6649875881063273,0.0,0.2695702732702573,0.010571383265500292,2.8850165270691197,0.0064182792593305725
0.7211582018155811,0.0,0.30128442306675807,0.010571383265500292,2.369949616507836,0.0064182792593305725
0.9295330591240963,0.0,0.3594270310270095,0.015857074898250438,2.057058502615467,0.07541478129713415
1.3517186395839516,0.005435865842830998,0.42285533062001107,0.021142766531000584,1.7377491094637678,0.44927954815314225
2.2287049955607103,0.03986301618076066,0.46514086368201213,0.03699984142925102,1.9302974872436869,1.3863483200154154
3.103879396256546,0.11052927213756382,0.49156932184576274,0.16385644061525462,1.3141426783479457,2.235165752061892
3.386544420083722,0.07791407708057772,0.37528410592525985,0.09514244938950267,0.8568402811206377,1.7072622829819473
2.630959067930225,0.005435865842830998,0.28014165653575757,0.021142766531000584,0.6113410994512408,0.34979621963351737
1.6778705901538078,0.0018119552809436662,0.20085628204450562,0.010571383265500292,0.5214851898206119,0.0898559096306279
0.9422167460907014,0.0,0.23785612347375654,0.005285691632750146,0.6129456692660735,0.057764513333975136
0.5598941818115943,0.0,0.33299857286325885,0.0,0.45248868778280754,0.0481370944449793
0.4837920600119601,0.0,0.7399968285850188,0.0,0.29363627611437426,0.041718815185648725
0.4221855804598753,0.0,1.0465669432845306,0.005285691632750146,0.19736208722441467,0.040114245370816086
0.4095018934932696,0.0,1.104709551244783,0.0,0.18292095889092091,0.017650267963159078
0.4837920600119601,0.0,1.2315661504307882,0.0,0.28240428741054563,0.06739193222297096
0.4548007755168614,0.0,1.0359955600190303,0.005285691632750146,0.35300535926318266,0.2775905779660477
0.45661273079780507,0.0036239105618873324,0.8192822030762714,0.005285691632750146,0.23426719296556586,0.7637752318603436
0.5979452427114115,0.016307597528492996,0.9144246524657753,0.010571383265500292,0.08022849074163207,1.840441577613058
0.6649875881063273,0.030803239776042324,0.9038532692002749,0.015857074898250438,0.028882256666987578,5.6994319822850485
0.6124408849589609,0.04711083730453532,0.5972831545007653,0.015857074898250438,0.011231988703828504,12.404929238469284
0.4946637916976222,0.01993150809038033,0.46514086368201213,0.010571383265500292,0.00962741888899586,10.537209974004472
0.4765442388881855,0.007247821123774665,0.38056979755801,0.005285691632750146,0.012836558518661145,7.07454831359634
0.44936490967403037,0.005435865842830998,0.33299857286325885,0.005285691632750146,0.014441128333493789,3.9247777670805104
0.42580949102176263,0.0018119552809436662,0.23785612347375654,0.0,0.01925483777799172,0.893745386861789
0.3497073692221285,0.0,0.1532850573497543,0.0,0.01604569814832643,0.0770193511119668
0.2844769791081563,0.0,0.11099952428775312,0.0,0.02246397740765701,0.035300535926318155
0.434869267426481,0.9784558517095732,0.32771288123050873,0.40171256408901057,0.3802830461153379,32.266294406480746
0.8117559658627633,2.3265505807316735,0.9725672604260277,0.9408531106295264,0.9643464587144259,68.28728217961923
1.009259091485614,2.3482940441029982,1.199852000634287,0.8245678947090216,1.0943166137158713,71.59109142835038
0.8661146242910709,1.8355106995959147,1.1628521592050354,0.5867117712352651,0.9691601681589239,59.7413433458445
0.688543006758595,0.5272789867546083,1.2051376922670372,0.13214229081875373,0.5102532011167833,25.172491255100955
0.5363387631593266,0.05254670314736633,0.7294254453195186,0.0,0.15885241166843134,2.859343410031797
0.688543006758595,0.0,0.5655690047042645,0.0,0.19896665703924735,0.08022849074163207
1.1433437822754393,0.0018119552809436662,0.5497119298060141,0.0,0.7493341035268496,0.0016045698148326431
1.8626900288100712,0.0018119552809436662,0.7664252867487694,0.0,0.8391900131574784,0.0
2.306619072641292,0.00905977640471833,0.8457106612400225,0.0,0.5150669105612813,0.0
1.8916813133051713,0.005435865842830998,0.7611395951160194,0.0,0.39311960463399914,0.0
1.6180760658826638,0.005435865842830998,0.5602833130715145,0.0,0.38670132537466856,0.0
1.3009838917175311,0.0036239105618873324,0.4439980971510116,0.0,0.5134623407464486,0.0
1.049122107666373,0.0036239105618873324,0.29599873143400796,0.0,1.4039985879785748,0.0
1.0128830020475013,0.0036239105618873324,0.35414133939425935,0.0,4.714226115978009,0.0
1.179582887894311,0.0036239105618873324,0.5972831545007653,0.0,6.896441064149954,0.0
1.0291905995759936,0.0018119552809436662,0.7188540620540183,0.005285691632750146,5.331985494688449,0.0
0.9367808802478707,0.012683686966605663,0.6184259210317659,0.010571383265500292,3.806039600782919,0.01925483777799172
0.8643026690101273,0.03442715033792966,0.30128442306675807,0.021142766531000584,3.568563268187737,0.11552902666795012
0.7302179782202994,0.03986301618076066,0.18499920714625523,0.010571383265500292,2.995731844292573,0.22143063444690458
0.8552428926054093,0.07610212179963406,0.2114276653100059,0.015857074898250438,3.4690799396681333,0.37065562722634193
1.0328145101378807,0.02899128449509866,0.3435699561287591,0.015857074898250438,9.048169185840086,0.15885241166843134
1.018318867890332,0.007247821123774665,0.33299857286325885,0.005285691632750146,22.192805108954776,0.041718815185648725
0.9567123883382501,0.0018119552809436662,0.27485596490300745,0.0,40.18324187287023,0.0016045698148326431
0.9404047908097578,0.0,0.27485596490300745,0.0,55.89037579025694,0.0
0.9838917175524039,0.0,0.2854273481685077,0.0,66.56557876830863,0.0
0.8842341771005067,0.0,0.25899889000475707,0.0,65.12627964440777,0.0
0.9041656851908861,0.0018119552809436662,0.33299857286325885,0.0,57.79339559064313,0.0
0.9549004330573065,0.007247821123774665,0.4809979385802625,0.0,45.12531690255802,0.0
0.7356538440631305,0.0036239105618873324,0.4439980971510116,0.0,22.037161836915907,0.004813709444497929
0.48922792585479113,0.0036239105618873324,0.29599873143400796,0.0,4.659670742273709,0.01604569814832643
0.4747322836072418,0.007247821123774665,0.20614197367725576,0.0,0.7316838355636903,0.15885241166843134
0.655927811701609,0.01811955280943666,0.34885564776150924,0.005285691632750146,0.5182760501909466,0.6675010429703839
1.210386127670352,0.10509340629473281,0.6712828373592671,0.031714149796500876,0.6658964731555513,3.3054138185552375
0.8806102665386195,0.12321295910416952,0.36999841429250974,0.05285691632750146,0.3642373479670113,3.2380218863322803
0.4692964177644108,0.06341843483302835,0.13742798245150387,0.031714149796500876,0.28882256666987627,1.0702480664933816
0.4167497146170443,0.05617061370925367,0.07928537449125221,0.010571383265500292,0.7734026507493396,0.5551811559320978
0.5435865842831014,0.1123412274185075,0.11099952428775312,0.010571383265500292,0.6739193222297146,0.6001091107474122
0.8624907137291837,0.4874159705738475,0.40171256408901057,0.07928537449125221,0.285613427040211,1.2692147235326312
1.1197883636231727,1.1741470220514802,0.9619958771605273,0.1955705904117555,0.09627418888995845,6.098969866178294
1.0201308231712756,1.8626900288100712,1.6861356308473026,0.3594270310270095,0.06257822277847305,26.37270947659656
0.9150374168765476,2.708873145010806,2.5582747502510594,0.6448543791955165,0.08022849074163207,61.14052822437465
0.7066625595680318,2.3265505807316735,2.124848036365556,0.43871240551826146,0.12034273611244803,69.46343185388825
0.4856040152929038,1.6180760658826638,1.5539933400285513,0.32242718959775857,0.17489810981675774,72.77526395169356
0.33158781641269175,1.1197883636231727,0.8404249696072723,0.2325704318410064,0.2487083212990598,79.11010558063509
0.3478954139411848,1.6216999764445512,0.6289973042972661,0.4069982557217607,0.6001091107474122,88.72950162052985
0.40768993821232596,1.938792150609709,0.6131402293990157,0.6501400708282666,1.0189018324187364,91.56959019277568
0.7374657993440742,3.533312797840138,1.2209947671652879,1.2632803002272894,1.8661146946503806,93.172555437789
1.1324720505897778,4.566127307977882,1.4429938157407969,1.8024208467678036,2.1790058085427493,93.45495972519875
1.0690536157567523,4.756382612476941,1.4059939743115453,1.9187060626883043,2.2576297294695498,93.16774172834451
0.5544583159687634,3.424595480983533,0.7135683704212682,1.2421375336962885,1.840441577613058,90.31000288813557
0.36782692203156514,2.486002645454724,0.5972831545007653,0.8034251281780208,1.3221655274221091,82.0288180738075
0.21018681258946573,0.5888854663066931,0.36999841429250974,0.14799936571700417,0.33375052148519074,36.22958184911999
0.20656290202757838,0.01811955280943666,0.2907130398012578,0.010571383265500292,0.18292095889092091,2.7582555116973393
0.26454547101777587,0.0,0.216713356942756,0.0,0.42842014056031763,0.057764513333975136
0.30440848719853664,0.0,0.20614197367725576,0.0,2.3555084881743418,0.0032091396296652862
0.45298882023591774,0.0,0.216713356942756,0.0,14.020731042006737,0.0
0.5000996575404532,0.0,0.17442782388075492,0.0,23.02397227303863,0.0
0.6051930638351861,0.0,0.16914213224800476,0.005285691632750146,26.44972882770858,0.0
0.7120984254108628,0.0,0.216713356942756,0.005285691632750146,29.211193479037377,0.0
0.9929514939571218,0.010871731685661997,0.31185580633225835,0.005285691632750146,25.96354417381397,0.008022849074163216
1.0744894815995831,0.027179329214154994,0.2907130398012578,0.02642845816375073,17.072622829820435,0.01604569814832643
1.0581818840710908,0.02355541865226766,0.32242718959775857,0.005285691632750146,11.13892365456659,0.027277686852154936
1.0654297051948651,0.012683686966605663,0.41756963898726096,0.0,6.355701036551464,0.03209139629665286
1.2176339487941263,0.0018119552809436662,0.5127120883767633,0.0,3.6279323513365327,0.03850967555598344
1.0473101523854293,0.0,0.6237116126645159,0.0,1.9720163024293362,0.017650267963159078
0.987515628114291,0.0,0.7399968285850188,0.0,1.2692147235326312,0.01604569814832643
1.1487796481182702,0.0018119552809436662,0.909138960833025,0.0,0.9162093642694461,0.02246397740765701
1.4477522694739615,0.0018119552809436662,1.1469950843067849,0.0,0.9402779114919361,0.012836558518661145
1.41151316385509,0.005435865842830998,0.882710502669274,0.005285691632750146,1.5147139052020282,0.0561599435191425
1.0835492580043011,0.02355541865226766,0.4809979385802625,0.02642845816375073,3.6856968646704957,0.22945348352106787
0.9313450144050399,0.02899128449509866,0.3594270310270095,0.03699984142925102,6.559481403035168,0.4011424537081624
0.8334994292340864,0.021743463371323993,0.33299857286325885,0.005285691632750146,6.780912037482027,0.40756073296749307
0.7664570838391729,0.01449564224754933,0.29599873143400796,0.005285691632750146,8.419177818425819,0.19896665703924735
0.8008842341771019,0.005435865842830998,0.2537131983720069,0.0,9.300086646768758,0.09146047944546054
0.9440287013716451,0.00905977640471833,0.3911411808235103,0.0,9.348223741213728,0.07862392092679943
0.9458406566525887,0.012683686966605663,0.5285691632750137,0.0,11.11806424697377,0.09627418888995845
0.7501494863106799,0.005435865842830998,0.5549976214387643,0.0,16.135554057957556,0.05455537370430986
0.48922792585479113,0.0018119552809436662,0.216713356942756,0.0,13.55380122589013,0.04332338500048137
0.2989726213557056,0.0018119552809436662,0.09514244938950267,0.0,10.03658419177679,0.020859407592824362
0.18481943865625436,0.0018119552809436662,0.09514244938950267,0.0,8.178492346200972,0.03369596611148551
0.2246824548370151,0.03623910561887332,0.14799936571700417,0.010571383265500292,6.302750232661998,0.14601585314977025
0.31528021888419866,0.40044211708855126,0.32771288123050873,0.06342829959300177,4.893937935239228,0.714033567600531
0.28628893438909997,0.37326278787439615,0.31714149796500846,0.03699984142925102,5.6480857482104145,0.5599948653765957
0.24280200764645182,0.655927811701609,0.31185580633225835,0.08457106612400236,7.971502840087603,0.5744359937100897
0.2192465889941841,0.5943213321495241,0.22199904857550615,0.11099952428775312,8.783415166392754,0.38509675555983586
0.19569117034191635,0.2192465889941841,0.11628521592050327,0.04228553306200117,8.359808735277023,0.24710375148422714
0.23555418652267712,0.34245954809835377,0.11099952428775312,0.12157090755325342,5.306312377651132,0.5198806200057793
0.3642030114696778,1.275616517784321,0.2114276653100059,0.3858554891907601,3.652000898559017,1.850068996502054
0.4765442388881855,2.2558843247748666,0.28014165653575757,0.8034251281780208,3.902313789672858,4.696575848014853
0.561706137092538,3.1618619652467386,0.6342829959300162,1.3795655161477942,4.592278810050752,8.716023234169796
0.5888854663066931,3.091195709289939,1.0095671018552792,1.474707965537298,4.9436795994990295,8.236256859534935
0.43305731214553733,1.5383500335211409,0.5761403879697649,0.6395686875627663,5.356054041910934,3.2283944674432865
0.4095018934932696,0.5580822265306506,0.41756963898726096,0.22199904857550615,6.22091717210555,1.222682198902484
0.4221855804598753,0.1558281541611556,0.30128442306675807,0.05814260796025161,7.700330541380943,0.5455537370431018
0.4692964177644108,0.0670423453949157,0.2325704318410064,0.04757122469475131,9.346619171398896,0.28400885722537833
0.4946637916976222,0.04711083730453532,0.22728474020825626,0.03699984142925102,8.353390456017694,0.26635858926221906
0.44392904383119935,0.03805106089981699,0.19028489877900537,0.031714149796500876,5.238920445428175,0.4942075029684567
0.3660149667506215,0.016307597528492996,0.12685659918600356,0.021142766531000584,3.671255736337005,0.49902121241295466
0.2319302759607898,0.0,0.07399968285850206,0.0,2.5544751452135914,0.09146047944546054
0.297160666074762,0.03623910561887332,0.10042814102225281,0.03699984142925102,0.07381021148230152,2.700490998363364
0.4747322836072418,0.07791407708057772,0.20085628204450562,0.05285691632750146,0.05295080388947722,5.840634125990292
0.561706137092538,0.03986301618076066,0.3065701146995082,0.031714149796500876,0.060973652963640414,3.39045601874135
0.6613636775444399,0.010871731685661997,0.48628363021301263,0.04228553306200117,0.06739193222297096,1.845255287057556
0.8715504901339016,0.005435865842830998,0.5549976214387643,0.031714149796500876,0.14762042296460287,0.601713680562245
1.009259091485614,0.0018119552809436662,0.4122839473545108,0.031714149796500876,0.7557523827861803,0.059369083148807775
0.9549004330573065,0.0,0.2854273481685077,0.010571383265500292,2.429318699656644,0.00962741888899586
0.6957908278823697,0.0,0.23785612347375654,0.010571383265500292,3.958473733191989,0.012836558518661145
0.5997571979923552,0.0,0.20085628204450562,0.015857074898250438,7.831905266197192,0.011231988703828504
0.5888854663066931,0.0,0.15857074898250448,0.02642845816375073,10.792336574562809,0.03048682648182022
0.5762017793400874,0.005435865842830998,0.19028489877900537,0.04757122469475131,7.252655563042727,0.12194730592728067
0.44030513326931203,0.00905977640471833,0.17442782388075492,0.06342829959300177,2.5143608998427753,0.44767497833830955
0.32796390585080437,0.021743463371323993,0.08985675775675252,0.11628521592050327,0.6386187863033961,1.3382112255704357
0.2989726213557056,0.0797260323615214,0.07928537449125221,0.15857074898250448,0.3128911138923662,3.6937197137446574
0.308032397760424,0.08516189820435241,0.08457106612400236,0.11628521592050327,0.3722601970411746,4.385289303937384
0.34245954809835377,0.05617061370925367,0.12685659918600356,0.09514244938950267,0.6129456692660735,3.7209974005968065
0.3714508325934525,0.05073474786642265,0.17442782388075492,0.07928537449125221,0.9980424248259118,2.0121305478001528
0.43124535686459364,0.01993150809038033,0.17971351551350506,0.021142766531000584,1.694425724463286,0.39632874426366443
0.4819801047310165,0.0036239105618873324,0.20085628204450562,0.015857074898250438,2.1918423670614104,0.00962741888899586
0.4113138487742133,0.0018119552809436662,0.16385644061525462,0.015857074898250438,1.599756105388159,0.0016045698148326431
0.4040660276504386,0.0018119552809436662,0.16914213224800476,0.010571383265500292,1.0317383909373976,0.0032091396296652862
0.40225407236949495,0.0,0.12157090755325342,0.010571383265500292,0.9739738776034219,0.0016045698148326431
0.45661273079780507,0.0,0.15857074898250448,0.010571383265500292,0.888931677417291,0.0032091396296652862
0.5000996575404532,0.0018119552809436662,0.16914213224800476,0.015857074898250438,0.8295625942684826,0.008022849074163216
0.3986301618076076,0.0018119552809436662,0.142713674084254,0.015857074898250438,0.7734026507493396,0.004813709444497929
0.27904111326532527,0.0,0.07928537449125221,0.015857074898250438,1.2932832707551212,0.0016045698148326431
0.2373661418036208,0.0,0.08985675775675252,0.015857074898250438,2.321812522062856,0.0016045698148326431
0.3642030114696778,0.0,0.11099952428775312,0.015857074898250438,7.419530823785288,0.0
0.6976027831633134,0.0,0.17971351551350506,0.015857074898250438,18.733352588173315,0.0
0.7356538440631305,0.0,0.216713356942756,0.010571383265500292,28.992971984219995,0.0
0.6414321694540596,0.0,0.16385644061525462,0.010571383265500292,28.055903212357116,0.0
0.6251245719255666,0.0,0.16385644061525462,0.015857074898250438,27.48628092809115,0.0
0.7320299335012431,0.0,0.17442782388075492,0.015857074898250438,21.905587112099543,0.0
1.0074471362046704,0.0,0.2325704318410064,0.010571383265500292,19.64956195244336,0.0
0.23555418652267712,0.0,0.09514244938950267,0.0,0.017650267963159078,0.0
0.11052927213756382,0.0,0.04757122469475131,0.0,0.004813709444497929,0.0
0.10146949573284546,0.0,0.05285691632750146,0.0,0.0,0.0
0.19569117034191635,0.0036239105618873324,0.10571383265500296,0.0,0.004813709444497929,0.03048682648182022
0.37326278787439615,0.025367373933211326,0.19028489877900537,0.0,0.00962741888899586,0.7782163601938374
0.38957038540288924,0.07066625595680304,0.1955705904117555,0.005285691632750146,0.020859407592824362,5.742755367285521
0.2699813368606069,0.09059776404718344,0.14799936571700417,0.015857074898250438,0.03048682648182022,12.615127884212415
0.16669988584681764,0.11052927213756382,0.11099952428775312,0.015857074898250438,0.020859407592824362,18.819999358174336
0.15764010944209927,0.11958904854228218,0.142713674084254,0.015857074898250438,0.01604569814832643,24.691120310650845
0.25729764989400117,0.12864882494700053,0.3065701146995082,0.010571383265500292,0.014441128333493789,25.63460736177306
0.302596531917593,0.045298882023591655,0.36999841429250974,0.010571383265500292,0.011231988703828504,7.868810371938335
0.25910960517494486,0.0018119552809436662,0.22728474020825626,0.0,0.00962741888899586,0.6723147524148819
0.26454547101777587,0.0,0.13742798245150387,0.0,0.057764513333975136,0.12836558518661123
0.4221855804598753,0.0,0.07928537449125221,0.0,0.8391900131574784,0.0818330605564647
0.7990722788961582,0.007247821123774665,0.07928537449125221,0.031714149796500876,4.823336863386605,0.07541478129713415
1.362590371269613,0.07610212179963406,0.12157090755325342,0.17971351551350506,5.872725522286938,0.1187381662976154
1.511170704306987,0.19025530449908537,0.11099952428775312,0.4069982557217607,3.4546388113346427,0.36744648759667664
0.826251608110312,0.1177770932613385,0.08985675775675252,0.14799936571700417,1.793909052982911,0.5583902955617631
0.5435865842831014,0.11596513798039483,0.11099952428775312,0.14799936571700417,0.869676839639299,1.0076698437149079
0.42943340158365,0.19206725978002903,0.15857074898250448,0.1532850573497543,0.3915150348191665,2.241584031321223
0.45117686495497406,0.4421170885502557,0.22199904857550615,0.22199904857550615,0.2326626231507332,3.236417316517448
0.4856040152929038,0.40225407236949495,0.3065701146995082,0.13214229081875373,0.507044061487118,1.7136805622412778
0.5145952997880026,0.24099005236550816,0.2854273481685077,0.08457106612400236,1.1183851609383613,0.7204518468598617
0.556270271249707,0.18300748337531067,0.25899889000475707,0.04228553306200117,1.5307596033503548,0.3947241744488318
0.7374657993440742,0.24642591820833917,0.2907130398012578,0.05814260796025161,2.5239883187317713,0.32572767241102746
0.7646451285582292,0.3478954139411848,0.29599873143400796,0.07399968285850206,3.5862135361508924,0.26154487981772107
0.6468680352968906,0.4366812227074247,0.3435699561287591,0.13214229081875373,3.8220852989312424,0.2166169250024066
0.5363387631593266,0.24823787348928283,0.3065701146995082,0.07928537449125221,4.744712942459822,0.08664677000096262
0.5635180923734817,0.1177770932613385,0.27485596490300745,0.05285691632750146,7.6698437148991285,0.03048682648182022
0.655927811701609,0.041674971461704326,0.2907130398012578,0.02642845816375073,16.076184974808708,0.017650267963159078
0.7755168602438913,0.01811955280943666,0.2325704318410064,0.005285691632750146,29.739096948117666,0.017650267963159078
0.8407472503578607,0.030803239776042324,0.2907130398012578,0.010571383265500292,39.9297198421265,0.012836558518661145
0.7338418887821868,0.03986301618076066,0.2642845816375072,0.005285691632750146,33.87086422131445,0.014441128333493789
0.6523039011397216,0.09422167460907077,0.2114276653100059,0.015857074898250438,29.877089952193366,0.020859407592824362
0.6486799905778342,0.2301183206798461,0.2537131983720069,0.04757122469475131,23.133083020447323,0.027277686852154936
0.6269365272065102,0.22105854427512778,0.2854273481685077,0.07399968285850206,16.018420461474694,0.03048682648182022
0.5127833445070589,0.05617061370925367,0.31185580633225835,0.015857074898250438,10.606206476042262,0.02406854722248965
0.4620485966406361,0.005435865842830998,0.32242718959775857,0.005285691632750146,11.814447546610992,0.014441128333493789
0.4421170885502557,0.0036239105618873324,0.35414133939425935,0.0,7.527037001379052,0.01604569814832643
0.4421170885502557,0.0036239105618873324,0.42285533062001107,0.0,3.5974455248547184,0.028882256666987578
0.6070050191161298,0.01993150809038033,0.6184259210317659,0.010571383265500292,1.8147684605757355,0.059369083148807775
0.7990722788961582,0.03986301618076066,0.6977112955230178,0.03699984142925102,1.0477840890857242,0.1187381662976154
0.8008842341771019,0.04348692674264799,0.6871399122575175,0.03699984142925102,0.5760405635249224,0.2583357401880558
0.5635180923734817,0.012683686966605663,0.45985517204926196,0.005285691632750146,0.3754693366708399,0.10429703796412165
0.5309028973164956,0.0036239105618873324,0.44928378878376174,0.0,0.3834921857450032,0.040114245370816086
0.6142528402399045,0.0018119552809436662,0.5285691632750137,0.0,0.9402779114919361,0.01604569814832643
0.6649875881063273,0.0,0.45985517204926196,0.0,1.8869741022432052,0.014441128333493789
0.7592092627153982,0.0,0.6871399122575175,0.0,3.50117133596478,0.014441128333493789
1.175958977332424,0.041674971461704326,1.8869919128918042,0.015857074898250438,4.7254581046818345,0.0978787587047911
1.3571545054267824,0.24461396292739548,3.2348432792430724,0.10571383265500296,4.954911588202855,0.3722601970411746
1.2121980829512955,0.4674844624834671,4.344838522120654,0.25899889000475707,2.127659574468104,0.9450916209364341
1.1723350667705368,0.529090942035552,5.92526032031302,0.30128442306675807,0.5471583068579344,1.448926542793889
1.271992607222434,0.6432441247350033,7.040541254823351,0.41756963898726096,0.15564327203876607,2.212701774654235
1.0744894815995831,0.2808530685462689,5.042549817643705,0.16385644061525462,0.15885241166843134,1.6061743846474896
0.7537733968725672,0.048922792585478984,2.098419578201806,0.03699984142925102,0.17650267963159036,0.6113410994512408
0.7012266937252007,0.021743463371323993,0.6818542206247674,0.010571383265500292,0.4460704085234769,0.1524341324091008
0.7537733968725672,0.012683686966605663,0.28014165653575757,0.010571383265500292,1.4136260068675708,0.07381021148230152
0.9549004330573065,0.025367373933211326,0.2854273481685077,0.04757122469475131,3.806039600782919,0.06899650203780361
1.284676294189039,0.1123412274185075,0.38056979755801,0.1955705904117555,5.5453932800611465,0.102692468149289
1.4477522694739615,0.2754172027034379,0.41756963898726096,0.4069982557217607,7.105035140078154,0.18131638907608827
1.498487017340382,0.24280200764645182,0.38056979755801,0.3858554891907601,5.3031032380214675,0.285613427040211
1.1832067984561982,0.06523039011397203,0.28014165653575757,0.11628521592050327,2.798369757068156,0.2679631590770517
0.9023537299099426,0.012683686966605663,0.2484275067392568,0.005285691632750146,1.185777093161333,0.1347838644459418
0.7990722788961582,0.0036239105618873324,0.2907130398012578,0.0,0.6225730881550695,0.03209139629665286
0.8171918317055941,0.0036239105618873324,0.45985517204926196,0.0,0.3177048233368642,0.00962741888899586
0.37326278787439615,0.0,0.1532850573497543,0.0,2.2062834953949046,0.008022849074163216
0.4819801047310165,0.0018119552809436662,0.17442782388075492,0.0,1.1777542440871698,0.011231988703828504
0.4548007755168614,0.0036239105618873324,0.17971351551350506,0.005285691632750146,0.5792497031545877,0.05455537370430986
0.33521172697457907,0.0036239105618873324,0.15857074898250448,0.0,0.24710375148422714,0.10750617759378693
0.2844769791081563,0.0036239105618873324,0.17971351551350506,0.0,0.11231988703828484,0.28240428741054563
0.22287049955607144,0.0018119552809436662,0.31714149796500846,0.0,0.09306504926029317,0.1700844003722598
0.27360524742249426,0.0018119552809436662,0.7717109783815196,0.0,0.13799300407560705,0.0978787587047911
0.32977586113174806,0.0,0.6924256038902676,0.0,0.26956772889188435,0.05295080388947722
0.291724800231931,0.0,0.23785612347375654,0.0,0.507044061487118,0.0481370944449793
0.25910960517494486,0.0,0.07399968285850206,0.0,0.7204518468598617,0.060973652963640414
0.32796390585080437,0.0,0.08985675775675252,0.005285691632750146,0.8375854433426458,0.5086486313019506
0.38232256427911454,0.00905977640471833,0.06342829959300177,0.015857074898250438,0.6755238920445472,2.1549372613202595
0.550834405406876,0.1123412274185075,0.10571383265500296,0.10042814102225281,0.361028208337346,9.202207888063988
0.8987298193480554,0.308032397760424,0.15857074898250448,0.25899889000475707,0.2599403100028884,20.623535830047416
1.3354110420554592,0.2989726213557056,0.17442782388075492,0.28014165653575757,0.30165912518853755,20.256089342450498
1.1777709326133674,0.15945206472304296,0.19028489877900537,0.12157090755325342,0.40756073296749307,9.750970764736639
0.9077895957527733,0.07429016651869039,0.2695702732702573,0.07928537449125221,0.9370687718622708,3.189884791887311
0.7773288155248349,0.010871731685661997,0.25899889000475707,0.010571383265500292,3.481916498186792,0.46211610667180353
0.7265940676584122,0.005435865842830998,0.32771288123050873,0.015857074898250438,11.766310452166023,0.05134623407464458
0.8914819982242811,0.01449564224754933,0.42285533062001107,0.015857074898250438,22.221687365621783,0.02246397740765701
1.0944209896899626,0.02355541865226766,0.6025688461335155,0.010571383265500292,30.177144507567267,0.028882256666987578
1.4731196434071718,0.048922792585478984,0.8245678947090216,0.010571383265500292,35.4160649529993,0.03209139629665286
1.7702803094819395,0.2373661418036208,0.6395686875627663,0.07928537449125221,32.25666698759174,0.059369083148807775
2.636394933773056,0.9367808802478707,0.6395686875627663,0.3858554891907601,25.000802284913746,0.1524341324091008
3.7434996104295735,1.3444708184601772,0.6131402293990157,0.6554257624610167,16.013606752030192,0.2358717627803985
3.3158781641269286,1.2357535016035621,0.5919974628680152,0.6237116126645159,10.37675299252124,0.3481916498186847
1.6742466795919202,0.8389352950769171,0.35414133939425935,0.3594270310270095,7.475690767304418,0.44446583870864426
0.6251245719255666,0.2826650238272126,0.216713356942756,0.09514244938950267,5.821379288212304,0.3289368120406928
0.4149377593361006,0.07791407708057772,0.142713674084254,0.04228553306200117,4.866660248387078,0.3722601970411746
0.43305731214553733,0.05798256899019734,0.16914213224800476,0.031714149796500876,5.524533872468326,0.39793331407849714
0.38775843012194555,0.03986301618076066,0.17971351551350506,0.021142766531000584,5.872725522286938,0.34979621963351737
0.32252804000797336,0.03261519505698599,0.14799936571700417,0.010571383265500292,5.306312377651132,0.34979621963351737
0.32615195056986074,0.059794524271141014,0.15857074898250448,0.010571383265500292,4.48637720227182,0.5680177144507591
0.44030513326931203,0.025367373933211326,0.22728474020825626,0.005285691632750146,4.147812971342201,0.33375052148519074
0.4674844624834671,0.005435865842830998,0.1955705904117555,0.0,3.109656301145692,0.19575751740958203
0.34245954809835377,0.0018119552809436662,0.11628521592050327,0.0,1.9447386155771809,0.08664677000096262
0.31709217416514235,0.0,0.07399968285850206,0.0,1.599756105388159,0.035300535926318155
0.3478954139411848,0.0,0.08457106612400236,0.0,1.9367157665030177,0.012836558518661145
0.308032397760424,0.0,0.10571383265500296,0.0,2.9411764705882626,0.04492795481531402
0.2881008896700436,0.0018119552809436662,0.142713674084254,0.005285691632750146,3.8750361028207085,0.19736208722441467
0.3007845766366493,0.01811955280943666,0.142713674084254,0.010571383265500292,4.6612753120885415,0.4091653027823257
0.33702368225552276,0.025367373933211326,0.1532850573497543,0.021142766531000584,5.039953788388968,0.44767497833830955
0.3207160847270297,0.021743463371323993,0.13214229081875373,0.021142766531000584,4.7254581046818345,0.5856679824139183
0.3515193245030721,0.01449564224754933,0.10571383265500296,0.02642845816375073,4.565001123198603,0.8391900131574784
0.297160666074762,0.005435865842830998,0.06342829959300177,0.015857074898250438,4.614742787458405,0.4187927216713217
0.24099005236550816,0.0018119552809436662,0.04228553306200117,0.010571383265500292,4.9565161580176875,0.2727768685215497
0.25729764989400117,0.0,0.07399968285850206,0.015857074898250438,5.47158306857886,0.33375052148519074
0.33702368225552276,0.0018119552809436662,0.07399968285850206,0.021142766531000584,5.85988896376828,0.16687526074259454
0.40768993821232596,0.005435865842830998,0.11099952428775312,0.021142766531000584,6.60922306729497,0.10108789833445637
0.4040660276504386,0.0018119552809436662,0.10571383265500296,0.015857074898250438,6.809794294149009,0.06739193222297096
0.38594647484100186,0.0018119552809436662,0.1532850573497543,0.005285691632750146,6.962228426558078,0.035300535926318155
0.4421170885502557,0.0,0.22728474020825626,0.0,7.5543146882312024,0.01604569814832643
0.5598941818115943,0.0,0.2854273481685077,0.0,8.945476717690818,0.0064182792593305725
0.5816376451829184,0.0,0.2484275067392568,0.0,10.596579057153267,0.0016045698148326431
0.4113138487742133,0.09059776404718344,2.1935620275913066,0.021142766531000584,0.7509386733416823,1.8340232983537275
0.3460834586602411,0.2989726213557056,1.448279507373547,0.05285691632750146,0.7525432431565149,7.276724110265212
0.3551432350649595,0.7157223359727501,1.469422273904548,0.142713674084254,0.5888771220435837,16.685921504445513
0.4421170885502557,1.3861457899218796,1.4059939743115453,0.34885564776150924,0.3642373479670113,31.207278328690503
0.434869267426481,1.1524035586801573,1.6597071726835524,0.32771288123050873,0.26154487981772107,32.39305542185261
0.36782692203156514,0.7936364130533274,2.3415613933083077,0.1955705904117555,0.33535509130002344,28.280542986433833
0.38232256427911454,0.33158781641269175,2.4578466092288087,0.0687139912257519,0.361028208337346,18.69163377298764
0.5798256899019747,0.11596513798039483,2.9229874729108123,0.021142766531000584,0.31128654407753353,6.503321459516037
0.782764681367666,0.00905977640471833,2.4314181510650585,0.0,0.28882256666987627,0.46211610667180353
0.7229701570965248,0.0018119552809436662,1.2897087583910405,0.0,0.28240428741054563,0.036905105741150794
0.4149377593361006,0.0,0.5391405465405139,0.0,0.4380475594493136,0.012836558518661145
0.27904111326532527,0.0,0.3435699561287591,0.0,1.1536856968646798,0.00962741888899586
0.24461396292739548,0.0,0.2325704318410064,0.0,1.6013606752029916,0.0064182792593305725
0.2500498287702265,0.0,0.2114276653100059,0.0,2.3522993485446766,0.012836558518661145
0.22287049955607144,0.0,0.13214229081875373,0.005285691632750146,3.6856968646704957,0.008022849074163216
0.26273351573683223,0.0036239105618873324,0.142713674084254,0.0,6.354096466736632,0.008022849074163216
0.3388356375364664,0.0036239105618873324,0.10042814102225281,0.0,9.32896890343574,0.008022849074163216
0.38957038540288924,0.0036239105618873324,0.10042814102225281,0.0,10.32059304900211,0.00962741888899586
0.3533312797840158,0.0018119552809436662,0.08985675775675252,0.005285691632750146,9.59853663232757,0.012836558518661145
0.4113138487742133,0.0018119552809436662,0.11628521592050327,0.010571383265500292,6.216103462661053,0.03209139629665286
0.434869267426481,0.007247821123774665,0.142713674084254,0.015857074898250438,3.481916498186792,0.0898559096306279
0.529090942035552,0.01449564224754933,0.17971351551350506,0.015857074898250438,2.628285356695894,0.18292095889092091
0.44936490967403037,0.0036239105618873324,0.1955705904117555,0.010571383265500292,3.671255736337005,0.09948332851962374
0.31709217416514235,0.0,0.142713674084254,0.010571383265500292,4.082025608934077,0.05455537370430986
0.2826650238272126,0.0,0.12685659918600356,0.0,5.585507525431954,0.02246397740765701
0.2935367555128746,0.0,0.16385644061525462,0.0,7.626520329898656,0.0064182792593305725
0.31528021888419866,0.0,0.16385644061525462,0.0,5.141041686723404,0.0016045698148326431
0.3007845766366493,0.0,0.1955705904117555,0.0,2.8416931420686375,0.0016045698148326431
0.27904111326532527,0.0,0.16385644061525462,0.0,1.0959211835307041,0.0016045698148326431
0.2989726213557056,0.0,0.16914213224800476,0.0,0.35781906870768065,0.0016045698148326431
0.32615195056986074,0.005435865842830998,0.2325704318410064,0.0,0.0818330605564647,0.04492795481531402
0.2989726213557056,0.03805106089981699,0.27485596490300745,0.0,0.05295080388947722,0.37065562722634193
0.38957038540288924,0.1485803330373809,0.33828426449600896,0.0,0.03850967555598344,2.454991816693967
0.5000996575404532,0.25729764989400117,0.35414133939425935,0.02642845816375073,0.040114245370816086,7.344116042488169
0.4856040152929038,0.2953487107938183,0.24314181510650665,0.02642845816375073,0.028882256666987578,10.209877731778679
0.33158781641269175,0.17032379640870499,0.22199904857550615,0.015857074898250438,0.02246397740765701,6.123038413400779
0.2754172027034379,0.08153798764246507,0.17971351551350506,0.005285691632750146,0.027277686852154936,3.652000898559017
0.2772291579843816,0.03261519505698599,0.17442782388075492,0.0,0.03369596611148551,1.0189018324187364
0.37326278787439615,0.007247821123774665,0.16385644061525462,0.0,0.03209139629665286,0.15724784185359872
0.5019116128213968,0.0018119552809436662,0.16914213224800476,0.0,0.08664677000096262,0.060973652963640414
0.4167497146170443,0.0,0.13742798245150387,0.0,0.5279034690799426,0.014441128333493789
0.40044211708855126,0.0,0.14799936571700417,0.0,3.2316036070729512,0.0064182792593305725
0.40768993821232596,0.0,0.17971351551350506,0.0,6.7215429543332315,0.0064182792593305725
1.349906684303008,0.0,0.20614197367725576,0.005285691632750146,4.813709444497611,0.01925483777799172
6.289296780155067,0.007247821123774665,0.8774248110365238,0.02642845816375073,2.6314944963255593,0.11392445685311749
9.117758973707732,0.08153798764246507,2.0825625033035555,0.1955705904117555,0.8022849074163273,0.46853438593113417
11.187011904545107,0.5906974215876368,3.567841852106347,0.882710502669274,0.21340778537274127,2.642726485029388
12.183587309063984,1.4586240011596232,3.7528410592526105,1.543421956763051,0.10590160777895428,7.624915760083824
10.498468897786612,0.6831071409157641,2.5899889000475596,0.4439980971510116,0.1347838644459418,5.064022335611453
7.891065248509042,0.13227273550888788,1.448279507373547,0.05814260796025161,0.1395975738904397,1.3943711690895788
3.6148507854825915,0.007247821123774665,0.5761403879697649,0.010571383265500292,0.25031289111389243,0.19094380796508412
0.3478954139411848,0.0,0.20614197367725576,0.0,0.4027470235229951,0.011231988703828504
0.4982877022595095,0.0,0.44928378878376174,0.0,0.41718815185648905,0.0032091396296652862
1.0165069126093884,0.0,1.395422591046045,0.0,0.4091653027823257,0.0
1.3299751762126286,0.0,1.9239917543210545,0.0,0.2872179968550436,0.0032091396296652862
1.445940314193018,0.0,2.130133727998306,0.0,0.28400885722537833,0.0064182792593305725
1.250249143851111,0.0,1.627993022887052,0.0,0.43644298963448097,0.0032091396296652862
0.6758593197919893,0.0,0.6818542206247674,0.0,1.2034273611244923,0.0016045698148326431
0.3551432350649595,0.0,0.2537131983720069,0.0,3.850967555598224,0.0016045698148326431
0.30984435304136765,0.0,0.24314181510650665,0.0,9.922659734923696,0.0016045698148326431
0.3587671456268468,0.0,0.28014165653575757,0.0,16.663457527037842,0.0016045698148326431
0.38594647484100186,0.0,0.35414133939425935,0.0,22.768845672480072,0.0
0.36963887731250883,0.0,0.3594270310270095,0.0,24.326882962683598,0.0
0.3460834586602411,0.0,0.3911411808235103,0.0,21.082442797089854,0.0
0.38413451956005823,0.0,0.38056979755801,0.0,17.947113378904803,0.0
0.3642030114696778,0.0,0.30128442306675807,0.0,15.204903565354009,0.0
0.38232256427911454,0.0,0.2854273481685077,0.0,9.110747408618545,0.0032091396296652862
0.4801681494500728,0.0036239105618873324,0.5444262381732641,0.005285691632750146,3.2283944674432865,0.0032091396296652862
0.45298882023591774,0.0018119552809436662,0.5074263967440131,0.0,1.5484098713135142,0.0016045698148326431
0.5127833445070589,0.0018119552809436662,0.6025688461335155,0.0,1.4056031577934074,0.0032091396296652862
0.5834496004638621,0.007247821123774665,0.43342671388551135,0.0,1.3542569237187623,0.07060107185263624
0.5707659134972564,0.00905977640471833,0.34885564776150924,0.0,1.1921953724206635,0.41718815185648905
0.6740473645110456,0.010871731685661997,0.25899889000475707,0.0,1.5837104072398325,1.059016077789553
0.5182192103498899,0.041674971461704326,0.4281410222527612,0.010571383265500292,1.25637816501397,3.157793395590665
0.4548007755168614,0.08697385348529608,0.5867117712352651,0.015857074898250438,0.5295080388947753,6.087737877474468
0.45661273079780507,0.16307597528493029,0.808710819810771,0.04228553306200117,0.5279034690799426,8.581239369723882
0.302596531917593,0.0,0.08457106612400236,0.0,2.655563043548049,0.0016045698148326431
0.32977586113174806,0.0,0.13214229081875373,0.0,0.6466416353775594,0.008022849074163216
0.32796390585080437,0.0,0.14799936571700417,0.0,0.2406854722248965,0.06739193222297096
0.38232256427911454,0.010871731685661997,0.23785612347375654,0.0,0.046532524630146656,0.7814254998235027
0.37688669843628353,0.09784558517095812,0.31185580633225835,0.02642845816375073,0.035300535926318155,4.542537145790951
0.32433999528891705,0.12321295910416952,0.32242718959775857,0.04228553306200117,0.036905105741150794,8.321299059721047
0.2826650238272126,0.15220424359926826,0.36999841429250974,0.021142766531000584,0.03850967555598344,12.376046981802302
0.24280200764645182,0.11958904854228218,0.3065701146995082,0.015857074898250438,0.017650267963159078,14.23895253682412
0.297160666074762,0.0797260323615214,0.24314181510650665,0.010571383265500292,0.01925483777799172,14.685022945347889
0.43849317798836834,0.10871731685662014,0.2325704318410064,0.04228553306200117,0.036905105741150794,21.828567760987525
0.45298882023591774,0.13952055663266255,0.1532850573497543,0.04228553306200117,0.041718815185648725,27.856936555317734
0.46023664135969244,0.1503922883183246,0.142713674084254,0.04228553306200117,0.0481370944449793,31.329225634617863
0.5218431209117772,0.20475094674663472,0.11628521592050327,0.05814260796025161,0.028882256666987578,42.66872051604763
0.5653300476544254,0.19025530449908537,0.18499920714625523,0.04757122469475131,0.008022849074163216,38.76640672637207
0.5073474786642279,0.0797260323615214,0.20614197367725576,0.02642845816375073,0.0016045698148326431,25.633002791958226
0.36239105618873413,0.03261519505698599,0.2642845816375072,0.031714149796500876,0.0016045698148326431,11.942813131797578
0.3007845766366493,0.012683686966605663,0.23785612347375654,0.015857074898250438,0.03048682648182022,6.259426847661525
0.23917809708456447,0.0,0.2114276653100059,0.0,1.1729405346426718,1.6799845961297921
0.25910960517494486,0.0,0.28014165653575757,0.0,2.962035878181087,0.41558358204165635
0.4203736251789316,0.0,0.32771288123050873,0.0,5.248547864317168,0.17489810981675774
0.6450560800159469,0.0,0.32242718959775857,0.0,3.50117133596478,0.22624434389140255
0.9639602094620244,0.0018119552809436662,0.32771288123050873,0.0,1.7570039472417598,0.4107698725971584
0.8588668031672966,0.0018119552809436662,0.2537131983720069,0.0,0.799075767786662,0.3915150348191665
0.6649875881063273,0.0,0.17971351551350506,0.0,0.7092198581560332,0.25673117037322307
0.4366812227074247,0.0,0.12685659918600356,0.0,0.4556978274124729,0.059369083148807775
0.30984435304136765,0.0,0.08985675775675252,0.0,0.5327171785244406,0.0032091396296652862
0.3642030114696778,0.0,0.15857074898250448,0.0,0.8953499566766215,0.0016045698148326431
0.4366812227074247,0.0,0.19028489877900537,0.0,0.7445203940823516,0.0064182792593305725
0.4856040152929038,0.0,0.2114276653100059,0.0,0.7541478129713476,0.01925483777799172
0.38051060899817085,0.0018119552809436662,0.18499920714625523,0.005285691632750146,1.0076698437149079,0.035300535926318155
0.27904111326532527,0.00905977640471833,0.18499920714625523,0.0,1.0959211835307041,0.05134623407464458
0.25548569461305753,0.03623910561887332,0.18499920714625523,0.005285691632750146,2.238374891691558,0.060973652963640414
0.26092156045588855,0.03986301618076066,0.19028489877900537,0.015857074898250438,7.902506338049814,0.03209139629665286
0.3062204424794803,0.010871731685661997,0.1955705904117555,0.010571383265500292,19.829273771704734,0.012836558518661145
0.38594647484100186,0.0018119552809436662,0.2537131983720069,0.010571383265500292,28.582202111622568,0.008022849074163216
0.4819801047310165,0.0,0.3911411808235103,0.0,30.011873816639394,0.0016045698148326431
0.5472104948449886,0.0,0.5232834716422635,0.0,22.701453740257058,0.0
0.6432441247350033,0.0,0.5972831545007653,0.0,8.282789384165072,0.0
0.9820797622714603,0.0,0.6924256038902676,0.0,2.353903918359509,0.0
1.6253238870064388,0.0,0.9197103440985255,0.0,1.3141426783479457,0.0
2.4823787348928366,0.0,0.9725672604260277,0.0,0.9964378550110792,0.0
2.8212143724293193,0.0,0.8139965114435213,0.0,1.5917332563139959,0.017650267963159078
1.7086738299298516,0.021743463371323993,0.5814260796025149,0.0,4.168672378935022,0.2198260646320719
1.0020112703618398,0.14133251191360624,0.3065701146995082,0.08457106612400236,4.74310837264499,1.1745451044575044
0.6704234539491584,0.5961332874304678,0.22199904857550615,0.2907130398012578,4.439844677641683,4.691762138570356
0.5345268078783829,0.7682690391201166,0.16385644061525462,0.31714149796500846,3.9151503481915166,8.446455505277967
0.6468680352968906,0.4095018934932696,0.142713674084254,0.16914213224800476,2.955617598921757,6.896441064149954
1.0563699287901474,0.11052927213756382,0.14799936571700417,0.04757122469475131,1.5965469657584936,5.977022560251038
0.9766438964286296,0.07429016651869039,0.16385644061525462,0.010571383265500292,0.7685889413048416,5.3400083437626105
0.7356538440631305,0.06341843483302835,0.12685659918600356,0.005285691632750146,0.28240428741054563,3.574981547447066
0.922285238000322,0.08153798764246507,0.23785612347375654,0.005285691632750146,0.12515644555694594,4.051538782452263
1.2647447860986596,0.21199876787040942,0.5708546963370147,0.03699984142925102,0.1347838644459418,7.225377876190578
1.8572541629672399,0.5164072550689462,1.2791373751255402,0.12157090755325342,0.27438143833638234,12.143384358651616
1.5963326025113387,0.5544583159687634,0.9514244938950268,0.15857074898250448,0.714033567600531,8.09345014601486
0.9911395386761782,0.413125804055157,0.502140705111263,0.11628521592050327,1.3670934822374237,4.961329867462185
0.5979452427114115,0.2808530685462689,0.28014165653575757,0.08985675775675252,2.0554539328006345,3.547703860594917
0.4113138487742133,0.21743463371324043,0.16385644061525462,0.04228553306200117,2.1918423670614104,2.962035878181087
0.3714508325934525,0.16307597528493029,0.08457106612400236,0.031714149796500876,1.996084849651826,2.3619267674336726
0.26092156045588855,0.19569117034191635,0.0687139912257519,0.03699984142925102,1.4745996598312117,2.6571676133628817
0.19750312562286004,0.12683686966605687,0.05285691632750146,0.031714149796500876,0.8616539905651357,1.3638843426077583
0.21381072315135308,0.0797260323615214,0.06342829959300177,0.02642845816375073,0.6049228201919102,0.8504220018613071
0.32615195056986074,0.03805106089981699,0.11628521592050327,0.010571383265500292,0.8183306055646539,0.1395975738904397
0.3478954139411848,0.007247821123774665,0.13742798245150387,0.010571383265500292,1.7810724944642495,0.0
0.31890412944608604,0.0,0.13214229081875373,0.0,4.468726934308664,0.0
0.3478954139411848,0.0,0.16914213224800476,0.0,7.27511954045038,0.0
0.33702368225552276,0.0,0.2695702732702573,0.0,9.2872500882501,0.0
0.32796390585080437,0.0,0.35414133939425935,0.0,7.7596996245297385,0.0
0.37326278787439615,0.0,0.7241397536867684,0.0,4.237668880972811,0.004813709444497929
0.46386055192157977,0.02355541865226766,1.6332787145198022,0.010571383265500292,2.1966560765059087,0.03369596611148551
0.6015691532732989,0.05254670314736633,2.7908451820920614,0.02642845816375073,1.4136260068675708,0.21822149481723926
0.4421170885502557,0.03805106089981699,2.204133410856807,0.021142766531000584,1.2451461763101415,0.8054940470459926
0.27360524742249426,0.025367373933211326,0.8139965114435213,0.005285691632750146,1.9704117326145034,0.808703186675658
0.2899128449509873,0.010871731685661997,0.2854273481685077,0.005285691632750146,3.2428355957767776,0.3995378838933298
0.46567250720252346,0.012683686966605663,0.2484275067392568,0.005285691632750146,4.7768043387564685,0.14601585314977025
0.5200311656308336,0.007247821123774665,0.23785612347375654,0.005285691632750146,7.663425435639799,0.0561599435191425
0.6269365272065102,0.007247821123774665,0.216713356942756,0.010571383265500292,10.206668592149015,0.03209139629665286
0.4856040152929038,0.0036239105618873324,0.20085628204450562,0.005285691632750146,10.1761817656672,0.011231988703828504
0.4946637916976222,0.0018119552809436662,0.22199904857550615,0.005285691632750146,10.93032957863839,0.0016045698148326431
0.5598941818115943,0.0036239105618873324,0.2907130398012578,0.005285691632750146,15.304386893873698,0.0032091396296652862
0.5109713892261152,0.0,0.28014165653575757,0.0,21.868682006358366,0.0
0.5834496004638621,0.0,0.22199904857550615,0.005285691632750146,33.75693976446125,0.0016045698148326431
0.7990722788961582,0.0036239105618873324,0.24314181510650665,0.010571383265500292,46.853438593133916,0.0016045698148326431
0.8787983112576759,0.0036239105618873324,0.2325704318410064,0.0,54.74631751228447,0.0
1.096232944970906,0.0018119552809436662,0.2854273481685077,0.005285691632750146,54.662879881913405,0.0
1.040062331261655,0.00905977640471833,0.28014165653575757,0.015857074898250438,48.66499791408116,0.0016045698148326431
0.953088477776363,0.016307597528492996,0.2537131983720069,0.031714149796500876,44.13208818717596,0.0
1.1034807660946804,0.041674971461704326,0.28014165653575757,0.05285691632750146,44.80279836977645,0.0032091396296652862
1.0219427784522193,0.01811955280943666,0.27485596490300745,0.031714149796500876,43.49988768013148,0.0064182792593305725
0.7882005472104967,0.005435865842830998,0.2325704318410064,0.010571383265500292,34.6875902570648,0.008022849074163216
0.5363387631593266,0.0,0.17971351551350506,0.0,26.00365841918481,0.004813709444497929
0.31890412944608604,0.0,0.08985675775675252,0.005285691632750146,13.496036712556117,0.0032091396296652862
0.19387921506097272,0.005435865842830998,0.08985675775675252,0.010571383265500292,2.897853085587781,0.011231988703828504
0.16307597528493029,0.02355541865226766,0.15857074898250448,0.010571383265500292,0.33856423092968874,0.07381021148230152
0.26635742629871956,0.045298882023591655,0.6131402293990157,0.010571383265500292,0.21019864574307595,0.19415294759474938
0.43305731214553733,0.10328145101378913,3.5519847772080957,0.015857074898250438,0.5006257822277873,0.8568402811206377
0.5852615557448058,0.20475094674663472,6.2582588931762935,0.031714149796500876,0.8600494207503031,2.071499630948961
0.6396202141731159,0.1485803330373809,5.602833130715246,0.021142766531000584,0.9948332851962465,1.7040531433522819
0.5363387631593266,0.06160647955208468,2.9705586976055627,0.021142766531000584,0.8295625942684826,1.0509932287153896
0.5127833445070589,0.03442715033792966,1.0835667847137822,0.005285691632750146,0.5632040050062611,0.8905362472321235
0.6124408849589609,0.01811955280943666,0.31185580633225835,0.0,0.3096819742627009,0.7348929751933557
0.8643026690101273,0.02355541865226766,0.20085628204450562,0.0,0.2679631590770517,0.5936908314880817
0.9331569696859835,0.01811955280943666,0.1955705904117555,0.0,0.4781618048201301,0.2166169250024066
0.9240971932812656,0.01993150809038033,0.20085628204450562,0.0,1.0189018324187364,0.08504220018612998
0.7265940676584122,0.02355541865226766,0.22728474020825626,0.005285691632750146,1.4986682070537016,0.059369083148807775
0.5997571979923552,0.03623910561887332,0.23785612347375654,0.015857074898250438,2.015339687429818,0.16206155129809663
0.5037235681023405,0.09603362989001445,0.2484275067392568,0.031714149796500876,2.2672571483585457,0.5230897596354446
0.5127833445070589,0.3497073692221285,0.42285533062001107,0.16385644061525462,1.2868649914957906,2.6250762170662285
0.7320299335012431,0.9041656851908861,0.9038532692002749,0.47571224694751235,0.6466416353775594,7.687493982862284
0.8534309373244657,0.10146949573284546,0.13214229081875373,0.04757122469475131,23.298353711375196,0.035300535926318155
0.8806102665386195,0.027179329214154994,0.17442782388075492,0.021142766531000584,28.32386637143434,0.00962741888899586
1.0038232256427833,0.012683686966605663,0.28014165653575757,0.015857074898250438,37.195532877649875,0.0032091396296652862
1.070865571037696,0.005435865842830998,0.2642845816375072,0.015857074898250438,36.576168929124066,0.0032091396296652862
1.0364384206997679,0.0,0.24314181510650665,0.015857074898250438,33.42960752223518,0.004813709444497929
1.0853612132852446,0.0,0.28014165653575757,0.0,33.10387984982393,0.0
0.7882005472104967,0.0,0.23785612347375654,0.0,23.888835403233998,0.0
0.5381507184402703,0.0,0.18499920714625523,0.005285691632750146,9.5503995378826,0.0016045698148326431
0.4366812227074247,0.0,0.13742798245150387,0.0,4.324315650973756,0.0016045698148326431
0.4167497146170443,0.0,0.16914213224800476,0.005285691632750146,3.7354385289302976,0.0016045698148326431
0.434869267426481,0.0,0.216713356942756,0.005285691632750146,3.1674208144796587,0.0016045698148326431
0.5236550761927209,0.0,0.1955705904117555,0.005285691632750146,4.282596835788116,0.01925483777799172
0.5852615557448058,0.0,0.20614197367725576,0.010571383265500292,5.696222842655383,0.02406854722248965
0.7519614415916236,0.0,0.30128442306675807,0.010571383265500292,3.9295914765250073,0.035300535926318155
0.8951059087861682,0.0,0.4122839473545108,0.021142766531000584,2.421295850582481,0.06257822277847305
0.7791407708057786,0.0,0.43342671388551135,0.021142766531000584,1.4762042296460445,0.06739193222297096
0.48922792585479113,0.0,0.2537131983720069,0.015857074898250438,0.7926574885273313,0.0770193511119668
0.43305731214553733,0.0,0.12157090755325342,0.015857074898250438,0.5246943294502773,0.10750617759378693
0.5073474786642279,0.0,0.12685659918600356,0.015857074898250438,0.6883604505632085,0.11392445685311749
0.6432441247350033,0.0018119552809436662,0.11099952428775312,0.015857074898250438,0.6723147524148819,0.19575751740958203
0.6378082588921722,0.0036239105618873324,0.12157090755325342,0.021142766531000584,0.5102532011167833,0.2085940759282433
0.5580822265306506,0.005435865842830998,0.12685659918600356,0.02642845816375073,0.3690510574115093,0.1363884342607744
0.8026961894580454,3.647465980539573,5.317405782546725,1.0359955600190303,1.044574949456059,76.55402586561385
0.7990722788961582,3.352117269745797,3.150272213119066,0.9831386436915281,0.6177593787105715,77.96765187247745
0.8606787584482402,2.920871912881226,1.347851366351293,0.909138960833025,0.39793331407849714,74.60126440096799
0.9422167460907014,2.33923426769828,0.5761403879697649,0.7347111369522686,0.21340778537274127,70.1614197233385
1.0436862418235422,1.4803674645309461,0.2907130398012578,0.41756963898726096,0.09948332851962374,59.63062802862136
0.6939788726014261,0.5037235681023405,0.20085628204450562,0.12157090755325342,0.102692468149289,38.6348320015557
0.5526463606878197,0.31890412944608604,0.1532850573497543,0.05814260796025161,0.12836558518661123,29.232052886630218
0.4910398811357348,0.2699813368606069,0.142713674084254,0.05285691632750146,0.09146047944546054,26.725714835859975
0.44392904383119935,0.308032397760424,0.14799936571700417,0.07928537449125221,0.0481370944449793,31.80417829980864
0.39500625124572025,0.3062204424794803,0.18499920714625523,0.07399968285850206,0.028882256666987578,35.11761496744023
0.423997535740819,0.6450560800159469,0.27485596490300745,0.2325704318410064,0.014441128333493789,46.76839639294773
0.4747322836072418,1.0346264654188242,0.5655690047042645,0.33828426449600896,0.00962741888899586,55.08809088284286
0.6649875881063273,1.433256627226413,1.0201384851207795,0.41756963898726096,0.00962741888899586,61.434164500488194
0.8914819982242811,1.4930511514975513,1.9609915957503048,0.3647127226597596,0.00962741888899586,57.863996662495566
0.5888854663066931,0.9494645672144758,1.1892806173687864,0.19028489877900537,0.03209139629665286,47.063637238877135
0.4674844624834671,0.4982877022595095,0.9884243353242783,0.08457106612400236,0.03369596611148551,40.807419530840534
0.3642030114696778,0.26092156045588855,0.6501400708282666,0.03699984142925102,0.027277686852154936,33.891723628907286
0.34245954809835377,0.13589664607077523,0.44928378878376174,0.015857074898250438,0.028882256666987578,27.049837938456385
0.3406475928174101,0.10146949573284546,0.33828426449600896,0.015857074898250438,0.01925483777799172,26.08549147974133
0.44392904383119935,0.14676837775643725,0.23785612347375654,0.04757122469475131,0.01604569814832643,35.783511440596214
0.39319429596477656,0.08334994292340875,0.12157090755325342,0.03699984142925102,0.011231988703828504,28.333493790323345
0.3714508325934525,0.05073474786642265,0.08985675775675252,0.02642845816375073,0.008022849074163216,20.094027791152293
0.40225407236949495,0.06341843483302835,0.142713674084254,0.02642845816375073,0.028882256666987578,14.590353326272702
0.4620485966406361,0.10690536157567647,0.20085628204450562,0.031714149796500876,0.1315747248162765,12.124129520873629
0.6070050191161298,0.12502491438511318,0.2484275067392568,0.04228553306200117,0.3401688007445214,7.278328680080044
0.6378082588921722,0.12683686966605687,0.2854273481685077,0.05285691632750146,0.657873624081388,5.585507525431954
0.5725778687782,0.06523039011397203,0.32771288123050873,0.04757122469475131,1.0525977985302222,3.3728057507781948
0.4276214463027063,0.01449564224754933,0.2642845816375072,0.021142766531000584,0.8295625942684826,1.1488719874201818
0.25186178405117016,0.0036239105618873324,0.142713674084254,0.005285691632750146,0.38509675555983586,0.5391354577837711
0.1431444671945499,0.005435865842830998,0.08985675775675252,0.010571383265500292,0.09466961907512582,0.9980424248259118
0.1485803330373809,0.01993150809038033,0.07928537449125221,0.010571383265500292,0.03048682648182022,8.717627803984628
0.3986301618076076,0.3007845766366493,0.142713674084254,0.16385644061525462,0.03369596611148551,39.57992362249275
1.1252242294660035,1.7557846672343895,0.25899889000475707,1.0835667847137822,0.06578736240813833,67.96155450720912
1.9877149431951906,2.726992697820244,0.33299857286325885,1.6755642475818024,0.05134623407464458,79.10689644100543
2.380909239159986,2.882820851981407,0.3594270310270095,1.8288493049315537,0.06418279259330568,78.95927601804125
1.7829639964485458,1.6814945007156954,0.2695702732702573,1.0465669432845306,0.05134623407464458,68.04820127720983
1.1469676928373265,0.7175342912536938,0.2854273481685077,0.38056979755801,0.03048682648182022,48.124257886482205
0.7863885919295531,0.2500498287702265,0.27485596490300745,0.11099952428775312,0.01604569814832643,25.6650941882549
0.6305604377683975,0.05254670314736633,0.19028489877900537,0.02642845816375073,0.07220564166746887,6.9269278906317675
0.6867310514776513,0.01811955280943666,0.20614197367725576,0.021142766531000584,0.14601585314977025,3.063123776515545
0.8298755186721992,0.03261519505698599,0.2854273481685077,0.02642845816375073,0.19736208722441467,4.279387696158452
0.6432441247350033,0.03986301618076066,0.20614197367725576,0.03699984142925102,0.08022849074163207,8.744905490836778
0.5580822265306506,0.08334994292340875,0.25899889000475707,0.04757122469475131,0.041718815185648725,19.777927537630056
0.5000996575404532,0.3968182065266639,0.5074263967440131,0.11628521592050327,0.04492795481531402,48.86396457112055
0.5363387631593266,1.145155737556383,0.7399968285850188,0.3435699561287591,0.08022849074163207,70.76955168315837
0.7664570838391729,2.1779702476942853,0.956710185527777,0.7135683704212682,0.12034273611244803,80.98103398472472
1.1687111562086496,2.8429578358006444,1.7601353137058031,0.9989957185897788,0.18131638907608827,80.90080549398331
1.3970175216075413,2.8647012991719696,2.0719911200380556,1.0624240181827813,0.21822149481723926,77.90507364969915
0.9621482541810809,1.6216999764445512,0.7875680532797701,0.6237116126645159,0.1347838644459418,64.20365200088159
0.36782692203156514,0.34427150337929746,0.2325704318410064,0.14799936571700417,0.05295080388947722,32.15076537981272
0.20293899146569105,0.012683686966605663,0.12157090755325342,0.015857074898250438,0.08825133981579526,4.812104874682779
0.4819801047310165,0.0018119552809436662,0.13214229081875373,0.005285691632750146,0.4187927216713217,0.11552902666795012
0.8226276975484248,0.0,0.17971351551350506,0.0,1.5981515355733265,0.004813709444497929
0.6432441247350033,0.0,0.12157090755325342,0.0,2.6250762170662285,0.0016045698148326431
0.39500625124572025,0.0,0.12157090755325342,0.0,3.119283720034688,0.0
0.308032397760424,0.0,0.11628521592050327,0.0,5.076858894130111,0.0
0.27179329214155057,0.0,0.11099952428775312,0.005285691632750146,7.263887551746554,0.0016045698148326431
0.26635742629871956,0.0,0.12157090755325342,0.005285691632750146,9.569654375660587,0.0016045698148326431
0.2699813368606069,0.0,0.13742798245150387,0.005285691632750146,10.749013189562337,0.0032091396296652862
0.25367373933211385,0.0,0.17442782388075492,0.005285691632750146,7.786977311381888,0.0032091396296652862
0.24642591820833917,0.0036239105618873324,0.18499920714625523,0.010571383265500292,3.1257019992940185,0.014441128333493789
0.3333997716936354,0.021743463371323993,0.20085628204450562,0.010571383265500292,0.6273867975995675,0.10750617759378693
0.3333997716936354,0.11052927213756382,0.20614197367725576,0.010571383265500292,0.08825133981579526,1.2676101537177986
0.37688669843628353,0.181195528094367,0.216713356942756,0.010571383265500292,0.02567311703732229,6.463207214145229
0.418561669897988,0.1123412274185075,0.2325704318410064,0.010571383265500292,0.02567311703732229,5.760405635248676
0.5109713892261152,0.02899128449509866,0.24314181510650665,0.010571383265500292,0.04492795481531402,2.406854722248987
0.4221855804598753,0.01449564224754933,0.22199904857550615,0.010571383265500292,0.18292095889092091,0.8552357113058051
0.27904111326532527,0.005435865842830998,0.13214229081875373,0.010571383265500292,0.6177593787105715,0.22143063444690458
0.19387921506097272,0.005435865842830998,0.0687139912257519,0.010571383265500292,0.9306504926029401,0.07862392092679943
0.20475094674663472,0.00905977640471833,0.05814260796025161,0.010571383265500292,0.9130002246397808,0.12194730592728067
0.2899128449509873,0.07791407708057772,0.1532850573497543,0.04228553306200117,0.9290459227881074,1.195404512050329
0.4203736251789316,0.4837920600119601,0.2695702732702573,0.18499920714625523,0.8423991527871438,5.720291389877868
0.5653300476544254,1.009259091485614,0.27485596490300745,0.3065701146995082,1.001251564455577,11.883444048648782
0.6921669173204824,1.1904546195799726,0.20085628204450562,0.3964268724562604,0.8985590963062869,17.918231122237795
1.232129591041675,1.4604359564405667,0.1955705904117555,0.49685501347851285,0.6001091107474122,24.468085106388962
1.166899200927706,0.953088477776363,0.19028489877900537,0.3594270310270095,0.3834921857450032,21.976188183952225
1.0328145101378807,0.297160666074762,0.20085628204450562,0.10571383265500296,0.28240428741054563,14.940149545906447
0.9947634492380654,0.18481943865625436,0.16914213224800476,0.0687139912257519,0.08664677000096262,19.11524020410374
0.8244396528293684,0.1123412274185075,0.12685659918600356,0.05285691632750146,0.014441128333493789,21.78203523635735
0.7863885919295531,0.08697385348529608,0.14799936571700417,0.021142766531000584,0.008022849074163216,23.940181637308676
0.8806102665386195,0.10871731685662014,0.17971351551350506,0.021142766531000584,0.004813709444497929,30.09691601682558
0.7193462465346374,0.14133251191360624,0.17442782388075492,0.02642845816375073,0.0064182792593305725,35.90385417670874
0.5743898240591437,0.08153798764246507,0.10571383265500296,0.02642845816375073,0.0064182792593305725,18.771862263729325
0.4801681494500728,0.030803239776042324,0.07928537449125221,0.010571383265500292,0.0064182792593305725,5.092904592278434
0.5327148525974392,0.010871731685661997,0.0687139912257519,0.005285691632750146,0.014441128333493789,0.6193639485254042
0.7302179782202994,0.005435865842830998,0.08985675775675252,0.005285691632750146,0.08343763037129734,0.057764513333975136
0.6577397669825527,0.0018119552809436662,0.06342829959300177,0.0,0.34979621963351737,0.004813709444497929
0.5671420029353691,0.0,0.05814260796025161,0.0,1.1649176855685084,0.0064182792593305725
0.6812951856348204,0.0018119552809436662,0.12157090755325342,0.010571383265500292,2.7871377683643273,0.040114245370816086
0.9422167460907014,0.007247821123774665,0.22728474020825626,0.021142766531000584,4.091653027823071,0.14762042296460287
0.8860461323814504,0.012683686966605663,0.19028489877900537,0.010571383265500292,3.9873559898589708,0.3048682648182029
0.8896700429433375,0.048922792585478984,0.22199904857550615,0.021142766531000584,3.3262732261480576,0.8070986168608253
0.6215006613636792,0.02355541865226766,0.15857074898250448,0.02642845816375073,2.798369757068156,0.8006803376014946
0.4221855804598753,0.007247821123774665,0.142713674084254,0.005285691632750146,2.0843361894676224,0.5230897596354446
0.38051060899817085,0.0036239105618873324,0.24314181510650665,0.005285691632750146,1.6446840602034736,0.4332338500048156
0.48922792585479113,0.005435865842830998,0.5444262381732641,0.005285691632750146,2.227142902987729,0.5471583068579344
0.5943213321495241,0.012683686966605663,0.8509963528727728,0.005285691632750146,2.241584031321223,1.190590802605831
0.6577397669825527,0.027179329214154994,0.8034251281780208,0.010571383265500292,1.1248034401976919,3.0278232405892265
0.6976027831633134,0.13046078022794422,0.8404249696072723,0.02642845816375073,0.41237444241199106,10.663970989376224
0.7302179782202994,0.2935367555128746,0.7399968285850188,0.08457106612400236,0.17489810981675774,25.599306825846718
0.804508144738989,0.7682690391201166,0.7241397536867684,0.3435699561287591,0.036905105741150794,58.29723051249916
1.0418742865425985,1.1524035586801573,0.882710502669274,0.5761403879697649,0.040114245370816086,75.30085684023307
1.3770860135171619,1.7412890249868394,0.8615677361382732,0.9619958771605273,0.07541478129713415,83.99762523660164
1.4640598670024538,1.8699378499338462,0.5391405465405139,0.9672815687932774,0.07060107185263624,85.50752543235492
1.61626411060172,2.3247386254507294,0.5179977800095134,1.152280775939535,0.07862392092679943,86.6002374762529
1.1650872456467625,1.6072043341970013,0.43342671388551135,0.7822823616470199,0.09146047944546054,74.9318057828226
0.6486799905778342,0.6939788726014261,0.502140705111263,0.2484275067392568,0.06578736240813833,49.9951862905783
0.46386055192157977,0.181195528094367,0.5549976214387643,0.02642845816375073,0.06578736240813833,20.878662430605974
0.3660149667506215,0.06885430067585938,0.5919974628680152,0.005285691632750146,0.040114245370816086,5.3528449022812685
0.3786986537172272,0.00905977640471833,0.745282520217769,0.0,0.00962741888899586,0.12836558518661123
0.47110837304535447,0.0036239105618873324,0.8509963528727728,0.0,0.014441128333493789,0.004813709444497929
0.6106289296780172,0.0018119552809436662,0.35414133939425935,0.0,0.014441128333493789,0.0
0.5000996575404532,0.0018119552809436662,0.30128442306675807,0.0,0.06418279259330568,0.0
0.4874159705738475,0.0036239105618873324,0.2484275067392568,0.0,0.3289368120406928,0.0
0.4747322836072418,0.0036239105618873324,0.17442782388075492,0.0,0.747729533712017,0.0
0.44392904383119935,0.0018119552809436662,0.10571383265500296,0.0,0.6931741600077065,0.011231988703828504
0.33702368225552276,0.00905977640471833,0.09514244938950267,0.0,0.28882256666987627,0.14601585314977025
0.32252804000797336,0.03986301618076066,0.11628521592050327,0.005285691632750146,0.09306504926029317,1.2884695613106232
0.3913823406838329,0.13227273550888788,0.13214229081875373,0.015857074898250438,0.02406854722248965,5.055999486537291
0.4421170885502557,0.27179329214155057,0.13214229081875373,0.031714149796500876,0.008022849074163216,11.763101312536358
0.37326278787439615,0.2899128449509873,0.08985675775675252,0.015857074898250438,0.0032091396296652862,14.66737267738472
0.32433999528891705,0.26092156045588855,0.08457106612400236,0.015857074898250438,0.0,18.3755335194654
0.44030513326931203,0.25729764989400117,0.09514244938950267,0.015857074898250438,0.004813709444497929,23.954622765642178
0.5780137346210311,0.24823787348928283,0.24314181510650665,0.021142766531000584,0.00962741888899586,27.378774750497293
0.7211582018155811,0.26092156045588855,0.2642845816375072,0.021142766531000584,0.014441128333493789,32.25666698759174
0.5417746290021577,0.13046078022794422,0.18499920714625523,0.015857074898250438,0.008022849074163216,15.8948685857325
0.3968182065266639,0.04711083730453532,0.13742798245150387,0.005285691632750146,0.0064182792593305725,4.305060813195769
0.25186178405117016,0.00905977640471833,0.11099952428775312,0.0,0.012836558518661145,0.35781906870768065
0.19025530449908537,0.0,0.08985675775675252,0.0,0.01925483777799172,0.0032091396296652862
0.25910960517494486,0.0,0.14799936571700417,0.0,0.05455537370430986,0.0
0.24461396292739548,0.0,0.14799936571700417,0.0,0.05134623407464458,0.0
0.291724800231931,0.010871731685661997,0.216713356942756,0.0,0.21501235518757394,0.07541478129713415
0.31709217416514235,0.0018119552809436662,0.17971351551350506,0.0,0.6835467411187106,0.011231988703828504
0.3388356375364664,0.0,0.142713674084254,0.0,2.5929848207695754,0.0016045698148326431
0.3642030114696778,0.0,0.12685659918600356,0.0,9.744552485477309,0.0
0.31165630832231134,0.0,0.12157090755325342,0.0,20.84336189467963,0.0
0.3460834586602411,0.0,0.11099952428775312,0.0,28.854978980144296,0.0016045698148326431
0.3533312797840158,0.0036239105618873324,0.08457106612400236,0.005285691632750146,32.916145181488396,0.0016045698148326431
0.38232256427911454,0.010871731685661997,0.09514244938950267,0.021142766531000584,31.152722954986157,0.00962741888899586
0.3460834586602411,0.10871731685662014,0.08457106612400236,0.12157090755325342,18.879368441323184,0.09146047944546054
0.26092156045588855,0.08697385348529608,0.11099952428775312,0.06342829959300177,11.485510734570369,0.10429703796412165
0.2319302759607898,0.03442715033792966,0.08985675775675252,0.03699984142925102,6.922114181187271,0.08343763037129734
0.20293899146569105,0.007247821123774665,0.10571383265500296,0.015857074898250438,1.6687526074259633,0.059369083148807775
0.2319302759607898,0.007247821123774665,0.08457106612400236,0.0,0.34337794037418673,0.041718815185648725
0.21381072315135308,0.0036239105618873324,0.04228553306200117,0.0,0.6546644844517227,0.00962741888899586
0.20837485730852207,0.0018119552809436662,0.05285691632750146,0.0,1.0959211835307041,0.0016045698148326431
0.25910960517494486,0.0036239105618873324,0.07399968285850206,0.0,1.6719617470556287,0.0016045698148326431
0.23917809708456447,0.0,0.04757122469475131,0.0,3.26529957318443,0.0016045698148326431
0.23374223124173346,0.0018119552809436662,0.05814260796025161,0.0,5.656108597284576,0.0032091396296652862
0.1993150809038037,0.01449564224754933,0.10042814102225281,0.005285691632750146,7.028015788966203,0.01604569814832643
0.27904111326532527,0.25910960517494486,0.3065701146995082,0.04757122469475131,8.000385096754584,0.09146047944546054
0.3587671456268468,0.8806102665386195,0.6871399122575175,0.12685659918600356,9.040146336765924,0.19094380796508412
0.43124535686459364,1.5383500335211409,1.0729954014482819,0.22728474020825626,8.46250120342629,0.3417733705593541
0.5544583159687634,1.7050499193679642,1.099423859612033,0.33299857286325885,9.166907352137677,0.4187927216713217
0.5091594339451716,0.5490224501259323,0.6607114540937669,0.0687139912257519,13.900388305894209,0.1363884342607744
0.43124535686459364,0.04348692674264799,0.32242718959775857,0.015857074898250438,18.638682969098127,0.03369596611148551
0.4674844624834671,0.0018119552809436662,0.20614197367725576,0.0,23.237380058411514,0.004813709444497929
0.3786986537172272,0.0,0.11628521592050327,0.0,24.87083212991222,0.0032091396296652862
0.4058779829313823,0.0,0.08457106612400236,0.0,19.156959019289413,0.0064182792593305725
0.39319429596477656,0.005435865842830998,0.08457106612400236,0.010571383265500292,5.31914893616979,0.05455537370430986
0.6233126166446229,0.1503922883183246,0.11628521592050327,0.04228553306200117,0.5712268540804244,1.020506402233569
1.1252242294660035,1.0237547337331627,0.27485596490300745,0.28014165653575757,0.3000545553737049,10.957607265490537
1.7720922647628832,1.8391346101578023,0.5074263967440131,0.5919974628680152,0.3995378838933298,24.75690767305903
1.1216003189041164,1.1596513798039316,0.38056979755801,0.27485596490300745,0.9178139340842788,12.931228137734655
0.5544583159687634,0.32977586113174806,0.22728474020825626,0.07399968285850206,1.5548281505728447,1.4954590674240364
0.3207160847270297,0.03623910561887332,0.17971351551350506,0.031714149796500876,2.8416931420686375,0.16687526074259454
0.3660149667506215,0.00905977640471833,0.28014165653575757,0.04228553306200117,11.304194345494317,0.041718815185648725
0.5417746290021577,0.016307597528492996,0.5338548549077637,0.03699984142925102,23.638522512119938,0.040114245370816086
0.6957908278823697,0.02355541865226766,0.6924256038902676,0.021142766531000584,23.922531369345503,0.020859407592824362
0.7682690391201166,0.01811955280943666,0.5602833130715145,0.010571383265500292,19.12165848336307,0.012836558518661145
0.5381507184402703,0.005435865842830998,0.33299857286325885,0.005285691632750146,10.145694939185388,0.01604569814832643
0.3913823406838329,0.0018119552809436662,0.24314181510650665,0.0,2.779114919290164,0.06578736240813833
0.34427150337929746,0.007247821123774665,0.2537131983720069,0.010571383265500292,0.6081319598215755,0.5423445974134365
0.5309028973164956,0.08878580876623976,0.45985517204926196,0.021142766531000584,0.24229004203972915,3.6889060043001605
0.6722354092301019,0.6233126166446229,0.48628363021301263,0.11099952428775312,0.23105805333590054,13.191168447737715
0.5798256899019747,0.771892949682004,0.4439980971510116,0.15857074898250448,0.26956772889188435,17.07904110907977
0.45661273079780507,0.8117559658627633,0.5391405465405139,0.12685659918600356,0.3128911138923662,15.832290362953986
0.3551432350649595,0.3406475928174101,0.43342671388551135,0.04228553306200117,0.44446583870864426,7.4644587786005925
0.3406475928174101,0.0,0.16385644061525462,0.0,0.9081865151952828,0.285613427040211
0.36963887731250883,0.0018119552809436662,0.33828426449600896,0.0,1.0365521003818956,0.37707390648567257
0.5073474786642279,0.0036239105618873324,0.6448543791955165,0.0,1.3077243990886152,0.2968454157440396
0.7030386490061444,0.010871731685661997,0.6977112955230178,0.010571383265500292,1.6125926639068204,0.22624434389140255
0.7012266937252007,0.01993150809038033,0.6237116126645159,0.010571383265500292,1.5516190109431793,0.18773466833541883
0.5254670314736646,0.012683686966605663,0.34885564776150924,0.010571383265500292,1.8757421135393766,0.0898559096306279
0.3986301618076076,0.0036239105618873324,0.216713356942756,0.010571383265500292,2.183819517987247,0.057764513333975136
0.36239105618873413,0.0018119552809436662,0.1955705904117555,0.0,1.506691056127865,0.03209139629665286
0.34427150337929746,0.0018119552809436662,0.4122839473545108,0.0,1.0189018324187364,0.012836558518661145
0.40225407236949495,0.0018119552809436662,1.6808499392145526,0.005285691632750146,1.1536856968646798,0.004813709444497929
0.5707659134972564,0.00905977640471833,5.269834557851972,0.015857074898250438,0.9948332851962465,0.004813709444497929
0.6758593197919893,0.01449564224754933,8.478249378931457,0.0,1.1873816629761658,0.0064182792593305725
0.5109713892261152,0.021743463371323993,4.905121835192195,0.0,1.8966015211322012,0.00962741888899586
0.4765442388881855,0.010871731685661997,2.0614197367725557,0.0,2.8769936779949563,0.01604569814832643
0.24099005236550816,0.0018119552809436662,0.3065701146995082,0.0,0.285613427040211,0.01604569814832643
0.2772291579843816,0.0018119552809436662,0.2907130398012578,0.0,0.3289368120406928,0.012836558518661145
0.2754172027034379,0.0,0.2325704318410064,0.0,0.4011424537081624,0.0064182792593305725
0.32796390585080437,0.0,0.20614197367725576,0.0,0.361028208337346,0.0016045698148326431
0.2772291579843816,0.0,0.12685659918600356,0.0,0.2166169250024066,0.0
0.181195528094367,0.0,0.13214229081875373,0.0,0.08825133981579526,0.0
0.1503922883183246,0.0,0.15857074898250448,0.0,0.059369083148807775,0.0
0.2772291579843816,0.0,0.25899889000475707,0.0,0.060973652963640414,0.0032091396296652862
0.4819801047310165,0.0018119552809436662,0.27485596490300745,0.0,0.02567311703732229,0.0898559096306279
0.5870735110257495,0.005435865842830998,0.216713356942756,0.005285691632750146,0.01604569814832643,0.44927954815314225
0.39319429596477656,0.005435865842830998,0.14799936571700417,0.0,0.05295080388947722,0.2679631590770517
0.2844769791081563,0.0036239105618873324,0.08457106612400236,0.0,0.2166169250024066,0.16847983055742718
0.26816938157966325,0.0036239105618873324,0.08457106612400236,0.0,0.5760405635249224,0.11713359648278275
0.31528021888419866,0.0018119552809436662,0.08985675775675252,0.005285691632750146,1.190590802605831,0.08664677000096262
0.3460834586602411,0.0018119552809436662,0.08985675775675252,0.0,1.0477840890857242,0.02567311703732229
0.2899128449509873,0.0,0.142713674084254,0.005285691632750146,0.6626873335258859,0.014441128333493789
0.31528021888419866,0.0,0.142713674084254,0.0,0.5246943294502773,0.004813709444497929
0.297160666074762,0.0,0.1532850573497543,0.0,0.8712814094541317,0.0016045698148326431
0.4421170885502557,0.0,0.17442782388075492,0.0,2.0747087705786265,0.0
0.5037235681023405,0.0,0.14799936571700417,0.0,4.545746285420615,0.0
0.5453985395640449,0.0,0.15857074898250448,0.0,5.179551362279379,0.012836558518661145
0.7139103806918065,0.0018119552809436662,0.2695702732702573,0.0,4.9308430409803705,0.06257822277847305
0.8063201000199326,0.01449564224754933,0.40171256408901057,0.015857074898250438,2.910689644106442,0.577645133339755
0.7447136204678488,0.07791407708057772,0.43342671388551135,0.04757122469475131,1.0638297872340507,2.6924681492892004
0.7990722788961582,0.11958904854228218,0.5708546963370147,0.0687139912257519,0.5680177144507591,5.906421488398417
0.9567123883382501,0.37326278787439615,0.7717109783815196,0.13214229081875373,0.5455537370431018,12.619941593656916
0.9168493721574913,0.7120984254108628,0.6237116126645159,0.2325704318410064,0.4059561631526604,20.59144443375074
0.7682690391201166,0.8842341771005067,0.5497119298060141,0.23785612347375654,0.2968454157440396,23.94178620712351
0.6033811085542424,0.8280635633912556,0.4281410222527612,0.18499920714625523,0.2535220307435578,25.093867334174103
0.36239105618873413,1.1632752903658188,0.35414133939425935,0.2537131983720069,0.28240428741054563,30.098520586640415
0.25367373933211385,1.5365380782401972,0.33828426449600896,0.3964268724562604,0.4637206764866362,29.036295369220504
0.26273351573683223,1.6561271267824826,0.36999841429250974,0.40171256408901057,1.251564455569472,23.15715156766983
0.27179329214155057,1.9659714798238654,0.5814260796025149,0.5867117712352651,2.820833734475813,20.1277237572638
0.2500498287702265,2.1091159470184224,0.9197103440985255,0.6871399122575175,3.9616828728216538,16.49658226629514
0.19387921506097272,1.0201308231712756,0.9302817273640259,0.42285533062001107,5.3271717852439515,9.325759763806076
0.181195528094367,0.4149377593361006,0.7188540620540183,0.1955705904117555,7.151567664708292,5.113763999871254
0.17394770697059234,0.1431444671945499,0.665997145726517,0.10042814102225281,8.14961008953399,2.7406052437341804
0.16126402000398662,0.01811955280943666,0.2484275067392568,0.03699984142925102,10.08472128622176,0.6739193222297146
0.1993150809038037,0.0018119552809436662,0.18499920714625523,0.015857074898250438,16.912165848337064,0.1347838644459418
0.3062204424794803,0.0036239105618873324,0.216713356942756,0.0,23.21812522063351,0.060973652963640414
