0_normal,1_benign_lesion,2_malignant
0.0003860920373740539,0.008423197956484076,-0.001681999465288575
0.0007695364838890751,0.006997020275311987,-0.0015769155502083894
0.001207186209250109,0.005452900385778234,-0.0014466912705158946
0.0011897629752461176,0.004372973333826678,-0.0017565061126274483
0.0007819456226999034,0.0039717843105141655,-0.0029487481717150976
0.0004572654624989506,0.004026737375232234,-0.003023786092873429
0.00014053504445053395,0.003397190602407003,-0.001843838804292717
-0.00011153270512033662,0.002624521726124834,0.00028495354851669176
0.00047528890483930465,0.001976301838484839,0.004042593515506421
0.0011273450662203188,0.0017447341564349782,0.008233118643963094
0.0015694853462909315,0.0014911506396718603,0.011073973372534638
0.0020636619209546637,0.0012805467843949097,0.010813680931906022
0.002626256835523217,0.0012814311386746785,0.010715393812717395
0.003202481590709755,0.0013821092526202007,0.012060997840515408
0.003569401962015988,0.0018405079555666596,0.011622100369937091
0.003636140401792402,0.0019982062133876823,0.006856424086962323
0.0034460064131500807,0.0023055227773273786,0.003642834743553094
0.003080170934816697,0.002719795349581338,0.00206550025271937
0.0024249553402768236,0.0032973646362046854,0.0013586434037634967
0.0019893756729438025,0.003897178142974857,0.0008996059693702179
0.0019246568516687176,0.0048309077555450525,0.0008895077654273684
0.002062092540389082,0.0038253445913482005,0.0004467180460727538
0.002042021350660536,0.001997324203372956,-0.000985296943075455
0.002371860808039555,-3.6826936265238166e-05,-0.00552756250985151
0.0026956756878609607,-0.0014645467627029392,-0.020412865118642175
0.0033232399955565243,-0.003275035214036011,-0.05616923559178036
0.0023096483103759165,-0.002817847947885688,-0.09978531073155833
0.0010951821257389484,-0.0013067238060009896,-0.11294000465920201
-0.00013669341045808905,0.000726848647679857,-0.1167333990245514
-0.0003113921782705431,0.003088029516195586,-0.09861744933193634
-0.0002304677753576534,0.006357534195112094,-0.07087194102263723
-0.0009237168690288213,0.011440744478355738,-0.038281585843332154
-0.001819396369916935,0.016428079566048366,-0.016539159688760158
-0.0024438003425938113,0.01944806839814343,-0.0038542168564218737
-0.0033570208200894317,0.021660718416820667,-0.000798681655986328
-0.004317743114325674,0.02347911890811335,0.001790463247141972
-0.003864679087029601,0.018218040927362178,0.0030822554586254548
-0.002905316463354507,0.012461806196688,0.0015796451153955943
-0.001884537416907975,0.009425726373094178,-0.0012655166974708198
-0.0005237425836789099,0.005887124075316005,-0.002788738316409597
0.0010206266010492743,0.0026681010034380324,-0.0026669362364081764
0.0011895508371951254,0.0021216038651353823,-0.0019496032291455665
0.0010024836618302733,0.0016825154478552532,-0.0017128967591360429
0.0005965372141077377,0.0012422043703570918,-0.001786591076903736
-0.00013289989335966984,0.002717049249759087,-0.002110489762186421
-8.703828643237363e-05,0.003919986497988851,-0.003145515542244455
0.0001277876073877905,0.0038787458782847755,-0.004190234317338064
0.00011795969782790062,0.0020844243749965257,-0.003508333711827667
-0.00024365691748951394,0.0008935293632591791,-0.003630901642567616
0.0002643381987088699,0.00012842791363047563,-0.0025681859077541606
0.0005771184955548743,0.0006811538323498166,-0.0014237954186821528
0.0004775611521535548,0.0017603132266792816,-0.0013335429135210213
-0.00017648845781572975,0.004163409757774508,-0.003958258808541479
-0.00026894161873115385,0.006881817049171992,-0.00775456312078294
-0.0006271132267149659,0.008121852170368276,-0.018166969977849366
-0.0012351018141514116,0.00773508435051259,-0.03427573882503391
-0.0015516416119567287,0.007191616348441283,-0.04829553636301602
-0.0013635154747212465,0.005456234378958322,-0.04145055739764644
-0.0011818770559132233,0.004642865887182013,-0.02948998208930053
-0.00027989254265686986,0.0033464175557118285,-0.012541403948316914
0.0006576613905786509,0.0019758228808840366,0.0006233815312868753
0.0015438893365623224,0.0014663419612344407,0.008573756979537491
0.0017187246537424636,0.0012813783509078485,0.016821512362795252
0.0017700400140002492,0.0015903624519607751,0.018516650442947525
0.0016502404201556341,0.002802200927358302,0.01072787710559301
0.0014561167458741174,0.0033310021947029894,0.0034925371432261835
0.001713788599646172,0.002044332882394708,0.0005289790959786025
0.0023341706972681195,0.0006594943963708854,-4.845679152705719e-05
0.003040201126425929,-0.0009420604135029782,-6.37913045567196e-05
0.004464549897081657,-0.004795551163393035,2.5849788313889273e-05
0.0062584532815859765,-0.01116438358439046,8.438128509574919e-06
0.005611821035586675,-0.010501491972775721,0.0007728370507553128
0.004676352759928827,-0.007116113504378982,0.001334265202247451
0.004042497178164014,-0.0041956563522522585,0.0008743553578969422
0.003414657968970152,-0.0016181089493314885,0.00041807418642591994
0.0027695634317544604,0.0012006765445303675,0.0011903051872224999
0.00240012876531091,0.0027301711805481016,0.0023071575854520013
0.0024078921770988152,0.0034143260168192128,0.0021450605115103816
0.002400857569674267,0.004238768703071011,0.002725942690311012
0.002281720581860805,0.005288299123913753,0.0025385093340825216
0.0018099380738177417,0.006242757309174595,0.001225709270177379
0.0014162459952372696,0.007218525239102059,0.0007069169119174186
0.0009669477545615802,0.007986081378894222,0.0006301352426075073
0.0007028348889398157,0.008125128807590266,0.0005962392703664589
0.0013055770456901169,0.006158252914423163,0.0016471135755459555
0.001672264799065004,0.004581518775965517,0.007303070719209602
0.0019597770541418006,0.0036183446308404297,0.013764735780537489
0.002653916435021638,0.0028032949592157437,0.01948801689827432
0.00336422805838684,0.001726886432978592,0.021606366492217643
0.0033529761709080504,0.0011039891722088929,0.012014466598164141
0.003130595981025118,0.00107301856687429,0.0033009058481331052
0.0029255836488659825,0.001266348652017323,0.0009195995063374403
0.0026876896801200246,0.0014263718936629748,0.0003231833895008165
0.0024255023189014577,0.001646532304637666,-6.109265615077078e-06
0.0018891635020535833,0.002340478671723914,-0.0004599742303554584
0.0015552715345066737,0.004017036830845234,-0.0007319320920093025
0.0014464266203299838,0.005960455808898152,-0.0009458253916951818
0.001764386771237378,0.007864651846650954,-0.0006584946086802137
0.0020253865143236393,0.007996057887374551,-0.0003693702580683832
0.0022980964312519832,0.00507640002217762,-5.9899207271319374e-05
0.00280732899577828,0.0029600644223773554,0.0001704778860250426
0.0033271938641133516,0.0015755683731190173,0.0006452026797976945
0.003444386959191266,0.0011501602984453506,0.0010679655185875303
0.003108805408055432,0.0013104432768340436,0.0028147601375633664
0.00299780085222439,0.0015813561823664593,0.008055063294315991
0.002579733903259541,0.0018779041393891752,0.011029295981835753
0.0021548903469446913,0.0023892284814311404,0.005271053811185616
0.0023116385611375405,0.002645507095270975,0.0039769642242983
0.002448948171921128,0.0027958035888063287,0.0025836636743045414
0.0027233751239733347,0.003282168944141105,0.0013836250117531179
0.0029057225960628826,0.0029769932504482,0.0013536167204028747
0.0030110185986544384,0.0019783298354298165,0.0018264595178024221
0.0032663435818629833,0.0013962632383629223,0.0019081998022991127
0.003584071927465598,0.001025755535424986,0.002739962326010779
0.0036865036422508678,0.0003301838470682134,0.005073263932741841
0.0035567117349713717,0.00019221004929348713,0.004406294051495382
0.003231425678915891,0.00137187605580621,0.0026048429854287486
0.002483504041653615,0.002552705528492063,0.0008175492321553948
-9.188713108067375e-05,0.007104784411651217,-0.00473898510778623
-0.006370505976109936,0.018579520164390538,-0.03516204244624235
-0.009476773647464274,0.03229412067787811,-0.0836788196449162
-0.012280692697763992,0.0473695077313883,-0.12752250657835773
-0.016386448965543924,0.062439731810809904,-0.16046644249057862
-0.01503486248654056,0.06192793504374665,-0.17614010743484124
-0.011312667182938402,0.04986206758517326,-0.17750844313699204
-0.009713777437823567,0.03893484133851116,-0.1552492535308629
-0.008054160707757985,0.02795340215900539,-0.12195977639634578
-0.0057250121064377334,0.01664359712431618,-0.08406168191749114
-0.004061494683254463,0.011590491567428899,-0.048123386671913904
-0.003849206931358239,0.010310351096131359,-0.020836000117802466
-0.003190139015193961,0.008179675894520221,-0.015599258006339682
-0.001428730404012415,0.004824040654671655,-0.010012893505048439
0.0007915333497475552,0.002628262795071347,-0.0024121840944405105
0.0024852489990561423,0.0017211120100594963,-3.1969737159843616e-05
0.0026294034252191336,0.001404221877362129,0.00031921059983064647
0.002851592673596075,0.001624410342985852,0.0009224255809524527
0.0031925203916554246,0.0021641298021032604,0.001784379368547131
0.0030922883593686216,0.0027326602674722558,-0.000137442541795422
0.0025425261108090965,0.0038144998693000844,-0.00737200577422067
0.002071418461583274,0.005063394083012034,-0.016475319107192733
0.002171553229974392,0.007101544203343907,-0.02016337946748921
0.0023168274493528913,0.008862535214682964,-0.01938778514085392
0.003052545495693016,0.008200892050217028,-0.007440103967960591
0.0029051304309403165,0.006703848855242509,-0.0022992215030416584
0.0025165852806941346,0.005406113498351223,-0.0007212068962319395
0.0023842191786723078,0.004186428318287682,0.0004811692353825911
0.003134971246787143,0.0017661624217719003,0.0026182333132536446
0.0038364383360476695,0.0007247214438055233,0.0038673769546650285
0.004442343186673128,0.00019221441916667415,0.0038472202466484505
0.004118166703704891,0.00013994349577860465,0.004186495312663795
0.003895207843642815,2.743996243543377e-05,0.006335573629505548
0.0035648769456719975,0.00016205959419229412,0.01014999423626454
0.003504469173980019,0.0005180099327491761,0.018365046415957507
0.0036215953114284586,0.00034717581568858907,0.03841361141369192
0.0038307522614720673,0.00011666480335396397,0.055683731889569696
0.0046232483338592405,-7.76335701506424e-05,0.07217429100919648
0.005478128846848505,-0.00040821047112140664,0.07418438489187187
0.005883952943308525,-0.0005225478864619743,0.06535279827086804
0.005740688643396123,-5.9915113217148504e-05,0.04646174054990069
0.0055811074021178825,0.0008141099212238486,0.035551750239935793
0.0052151415710194535,0.00236869474964542,0.022919365848549596
0.005472486038388558,0.004479053132781642,0.013923712096587599
0.0054380776074289695,0.005866845254802201,0.008260314241908496
0.005014890567277462,0.005569409281074332,0.006741618370084982
0.004662390446413689,0.0038847100320419862,0.006916056545984394
0.003869730916268134,0.001942691822488903,0.0060672207139851496
0.003168000027704034,-4.1577377339266284e-05,0.005148870925185499
0.0036673435930588126,-0.0024391392046509202,0.00479471471385682
0.00475776973380179,-0.004347163496411266,0.0030555310841139925
0.005560037605609003,-0.00493780482525088,0.0012037540839655424
0.005707839785842011,-0.0041668342393704864,0.0013426932219146787
0.004720265508511354,-0.0020511496548501706,0.0028337820318836025
0.004590552273824549,-0.00045299250829986177,0.0046426100368233275
0.005421401088983685,0.002839639119625627,0.005763971650062128
0.005983883395151311,0.006518088130499406,0.00697911763328857
0.005901013208103363,0.008760102493958722,0.006425368916368177
0.0072941791303669885,0.006616937742853438,0.006074273765102095
0.008528675206810112,0.004357928744069878,0.006645956943683334
0.009112918953702072,0.0008785784663568895,0.009740178502468671
0.007783430891065646,-0.001028330614883065,0.014160775959763694
0.005781632541555947,-0.0020594053706742923,0.022137590286079895
0.003977040842851478,-0.0010558257221387707,0.03284337110335046
0.00335159151295127,-0.00017191900562387824,0.034949827335686405
0.0028919113352193354,0.0006814255480158385,0.02666596051497591
0.0026369353302578887,0.0015935329033779078,0.023181651899793446
0.001858338199764477,0.0036963980002963663,0.021250898020947186
0.0005424232254204514,0.005341616043100645,0.01748488353053475
-0.0001453077692863398,0.005976272359419424,0.01073762183199114
-0.00047031291599610413,0.004662924692440983,0.007374297094614478
-0.0005107055999192887,0.0036777271831424543,0.004545028488651037
0.0005272359686273754,0.0025487404683157515,0.00441652517427884
0.001457293043335143,0.0019002925981138842,0.005339060749420931
0.001696249590055661,0.001622288010296813,0.007849736034739374
0.0018894488573228732,0.0012643106114353043,0.00992671279673494
0.0023653319964866333,0.0005981331424975237,0.010703077085684186
0.0029522354828946445,1.1621230555611335e-05,0.008890808552409063
0.003612658902526995,-0.00029265014881268444,0.00968321088528339
0.004323954296328568,-0.0008686898458996605,0.010649496692097318
0.004892876025916458,-0.0015054817349742754,0.013010421858828674
0.002626291719300419,-0.003504840257603091,0.015367419545003027
0.0032405331310509716,-0.004050044191926206,0.014883010173392875
0.003482696747997492,-0.003395991370221169,0.013663475886587105
0.0033971160169664607,-0.0030861371144685025,0.010502554762770306
0.0039008206486938293,-0.004199990854733759,0.009007249922308384
0.004215931258092808,-0.004725482302799679,0.011016157536479994
0.0035965305730529576,-0.003949957511344542,0.009541728513330676
0.002997917183655212,-0.0027137096621917683,0.006656257256023671
0.0024335411752578386,-0.0016373121936417603,0.0021802651854205867
0.0013078583002461485,-0.000455870283758712,0.000227903213678225
0.0004202014473512172,0.00031159340819697376,-0.00012833800935243628
0.000503245847512469,0.0011256966616550157,-6.089619491280628e-05
0.0007533549012375621,0.0018783268361793665,0.0005609096032458775
0.001440869101929211,0.0022947611626084707,0.0046953986387315225
0.002441363780524536,0.0023600950150587598,0.01679180041217104
0.0029391706388860145,0.0037414771873905913,0.03898174282635949
0.003123532475395249,0.004514500183108894,0.06529925129488753
0.003238049807048965,0.004648586293568162,0.07971580086361554
0.003286057223935925,0.004510918294517076,0.08454066518715518
0.0033569469835396425,0.0038263380354712486,0.10553114952705756
0.003295650090563997,0.0017458790461949353,0.12242848932415366
0.0029027568069135653,0.00041149495414543577,0.11580919703663413
0.002720674487222553,-0.00017782604070252966,0.10218132148123514
0.0016044025748216104,0.00017582065043457085,0.06968694918281412
0.00014477999001683754,0.0013961845422287848,0.019829705558125764
-0.000756016724734886,0.0029282291790918265,0.005500052380910556
-0.0003781484536136749,0.004734075688810569,0.0037944701259321114
-0.0002176183495607908,0.006199563090064368,0.0035571612827596044
0.00015183622578788185,0.005255245061429126,0.006386225630504841
0.0009259028062061026,0.003041444659236466,0.013531920229150615
0.001067998475210801,0.0023441458718060863,0.019720238051749713
0.0006614689311348068,0.0016350273289508607,0.015815151520612036
0.000271048768011975,0.0016050948257188037,0.009967223404731185
6.991903280203722e-05,0.0022579937243505173,0.003829941191810145
-0.00010826325375973274,0.0032424942138766684,0.0020950571636559126
-0.00036436246305797507,0.0030176092873296237,0.0012746985765980318
-0.0006920223716390378,0.003357624405428384,0.0007575674028831983
-8.235561571450723e-05,0.0031467864058763325,0.0006186979798841811
0.0002732564485202663,0.003941641432143048,0.0005145250895684042
0.0005265164538645956,0.005580390663967905,0.00015597391104375284
0.0005874524660416321,0.007677456463920098,-0.00045405855115908573
0.0006319921782129964,0.006611423599029905,-0.0018144999092635792
0.0006386667063988679,0.004573681800791637,-0.012416826923472382
0.0005795575655066239,0.0030842521484872173,-0.03709827528817052
0.0009930457833445345,0.0018485578881473272,-0.05596770005400302
0.0021199086054535052,0.0005580906636559863,-0.046037580816399755
0.0036912202333726275,-0.0003130038378558831,-0.024721982159677285
0.004316497670715294,0.0003363941661503233,-0.005711285104585937
0.004706982180614127,0.000939975789246406,-3.925589625568951e-05
0.004854811888325814,0.0010064713732826466,0.0005122633378409884
0.004882218023686188,0.0012180075045883224,0.00033932911779041406
0.004535487101350795,0.0012221046151820669,0.00026254098959162497
0.004774142083855247,0.0009792479435162217,0.0002856882875341292
0.004790669829982911,0.0007377550816719565,0.00037817008073475454
0.0034177198780645183,0.0011558404337718208,0.0007662266875052982
0.0020421658255692695,0.0016050742772507206,0.0013675593231036712
0.0011213943831865974,0.0020994657856110207,0.002497287427178386
0.000641464967982603,0.002505154309741158,0.003981402229801127
0.0006086866903613431,0.0026953329625872473,0.007180369645128063
0.0016445134674404652,0.001993944275012218,0.00562466093377938
0.0021995288017724363,0.0014911822188193283,0.004503743590874512
0.0026574307247042555,0.0014387437289821916,0.005259453695257869
0.0031328108909626476,0.0012406547747901434,0.00528868494293125
0.0036033235818333383,0.0016328399697150301,0.007380338173273499
0.0037813855601640848,0.0028300182751698198,0.012061782346616572
0.0039975961055204925,0.004745840003879157,0.01657851789282131
0.003987670838338767,0.007083951319814869,0.01878636932845533
0.0036451350172505034,0.006456098732737966,0.029637847843496493
0.0027389348981410786,0.0049391238501848775,0.028788643072148658
0.002112925946665031,0.0035516621871880707,0.021564940545016013
0.0020163580084608533,0.002942591695690096,0.018981049735737394
0.001788675500228247,0.0027302649341649867,0.010964029399921612
0.0015542938770450121,0.003039007893930425,0.006140951736476752
0.0014310771591900756,0.0030302550886407344,0.004074653607485197
0.0016440375813233962,0.002529513146881299,0.00437234743003942
0.00192427841175909,0.0022370221348876297,0.006995603442479258
0.002221451528482351,0.0016501516673853827,0.01688956962106543
0.003172955185052594,0.0010732908316828007,0.02534936090998414
0.004239969060385416,0.0003283367456384169,0.043778537719899965
0.004986399327610524,-0.0006747077812103646,0.06602160286185481
0.005496415225408588,-0.002170412695366604,0.07942666939798548
0.005528076982498081,-0.002387155512921463,0.08829585392153572
0.00507707038113477,-0.0014959006224738905,0.09404206307057136
0.004414220118656042,-0.00025797323119762115,0.07462555253544227
0.0035798381995336965,0.0006803885205962893,0.0491922397321593
0.0028562744499645307,0.0010827540367575063,0.03353476486498695
0.00240845262938944,0.0012349012757805718,0.023235470583400697
0.0019170907512627104,0.0019540916733378337,0.013393630842803745
0.001660063863369271,0.002881756656600169,0.01007331631265909
0.001539788439669113,0.0035501699650573953,0.006594227622859921
0.0014178998114050617,0.004933401915946065,0.0040548412081009766
0.0010363449432138363,0.0075372495752345945,0.0032668031973268085
0.0007925116080576235,0.007871194891249092,0.00395409430649544
0.0006692081199010906,0.006295519621545849,0.004654467766174289
0.0015644962445267004,0.002762902070255521,0.006060039707316785
0.002597627772157384,0.00015268500055528336,0.007009390227918606
0.0041345697279573206,-0.0017590417816770647,0.00433412204577464
0.005749691393008724,-0.0036166462067714613,0.0038389644332931052
0.006503529337672446,-0.005184350581123807,0.0029247662615691527
0.005341598693685044,-0.004058856500983297,0.0033852438237186046
0.004983588405277252,-0.0031637719586842367,0.0035192158007536665
0.004342474816062135,-0.0024944994252302567,0.0021585500480209084
0.0034775647427853448,-0.0022387887986797888,0.001603890320300134
0.0026911843924237715,-0.0008698295739342012,0.004331523655660149
0.0023234946401852405,-0.0012110532115818054,0.00813001784295132
0.0016621118578986306,-0.0009369591188131021,0.01543615512289891
0.0017467569769814527,-0.0008640348705306128,0.03555319977896006
0.0022955943249864876,-0.00047253179133017667,0.05463972834757155
0.0030815518903670154,-0.0004876241923665671,0.03900395547570321
0.004560068848048113,-0.00039898343448782435,0.023977713190850892
0.004393745345275553,-2.644016447888922e-05,0.013107208454127762
0.003734422283333159,0.0005897263433633768,0.005063218316712982
0.0030412774567271177,0.0013183704710530114,-0.0009126229169367114
0.0027388055006092277,0.0021033478452481278,-0.0032419560104400814
0.002402810456113408,0.002145181473000994,-0.0026755907839101146
0.002389927549424161,0.0017536284844060764,-0.0006371068051875759
0.0022965890235327594,0.001563047062170534,0.00013582761033441854
0.002511758781842447,0.0020354482734999883,0.0005265744535407043
0.002640934904126994,0.0020847160120956855,0.0015148278510575073
0.002852284222092075,0.0021929866969429158,0.007224442069833636
0.003184697348726549,0.0027045498918082784,0.016057640004881062
0.00358576735478049,0.003297330272883401,0.023259564441701516
0.003967817101602757,0.004006194399109918,0.01911121598457802
0.0032730760324721658,0.004478842802847212,0.011238463167303129
0.0028678460715011057,0.0041100393455879534,0.004149816128658393
0.0026911174664450864,0.0037673957385292904,0.0025655204779590794
0.0026549342997897866,0.0036667261257465173,0.003164338273720317
0.0026662828112683995,0.004053747033748415,0.003575973409989167
0.002718485745927027,0.005169425929173809,0.003570511494204012
0.0022580044331511184,0.007907214265536486,0.0035571365497551735
0.0019098303040432525,0.0010921200491328345,0.003287759224349276
0.0014705734280594462,0.0012102287978655326,0.004255239413621887
0.0012418768757350195,0.0012850097988022489,0.007457939662462103
0.0011433527290482714,0.0013427206072828242,0.007484392762473965
0.001669268442756841,0.0015333647923465655,0.011624776429817324
0.0021232322549697754,0.0014230449630419787,0.017798872032364788
0.0024876811495031853,0.0014090541894749592,0.022191099620941297
0.0024876660680444593,0.0012199759483283719,0.025707956503179953
0.0019737799722641283,0.0011378024659045704,0.030188868590730358
0.0016531645427514605,0.0012765115901229953,0.036024035532974626
0.00150005585464731,0.001995784483378493,0.039992768644275624
0.0011356603019694368,0.0030496033681515003,0.04433791313155891
0.0010678707731021375,0.002816203543330083,0.03821066956311005
0.0012803795268991204,0.001362554733816288,0.02550382844986827
0.001430666393682917,-0.0003315399145401192,0.010564021672434643
0.0015422238354365929,-0.0019129937626820314,0.0016906843632458095
0.001823420890618854,-0.0034424303481164,-0.002567017048883416
0.001965468832891289,-0.004204930447921138,-0.009222529278139617
0.0024612831847877614,-0.0031134595117638278,-0.0064612706402242745
0.002707731084350956,-0.0012608762053708139,-0.0015634694207425025
0.0027910682760868516,-6.691086856962427e-05,0.00025286428177105803
0.0028052299004716784,0.0009777773608372238,0.0009085634859433973
0.0031403027513762526,0.0015575323978423846,0.002877331434264886
0.0031006130379519835,0.0019446053620108626,0.004810832643286613
0.002979197406731516,0.002201236372241628,0.0059909854570059425
0.0024546822716557466,0.0024082859585600695,0.008831965294028474
0.0013973325692604526,0.0032537164968714284,0.00844634345396152
3.873773754769661e-05,0.0038184882926875223,0.004371951975247886
-0.0007555393261436163,0.004818602045145002,0.002117370083715448
-0.0010169496225935037,0.005875209684959958,0.0010946414954009591
-0.0007312548136001292,0.005945140888932546,-0.00026386524521412565
0.00040216063442252107,0.005684490048717523,0.00020177378594243115
0.0011860996583043276,0.0056915305734790336,0.0008516201291883859
0.0014319974441598998,0.0058448248854246375,-0.00024067285734191108
0.0012353984567097893,0.006765599580348401,-0.002581774352871206
0.0007750977026538576,0.007496655686745007,-0.007958171140204367
-0.00014604542303360438,0.009838240988523686,-0.021943380127699436
-0.001234683149607096,0.01262773245242303,-0.043019720378037564
-0.0011428165753909392,0.013781977284937123,-0.02738196617568707
-0.0012219504032778142,0.012809559399989706,-0.009307627219842924
-0.0010176256619572471,0.012407383105865328,-0.0008928910350031517
-0.00011002784635775323,0.00894679374593027,0.0026752783132370926
0.0008952282658810012,0.004771189572404484,0.012385930929425663
0.001654206985894555,0.0030048910450799146,0.029362254286398284
0.002253914279536954,0.0018449368044498311,0.04726946453204539
0.0029713722945268646,0.0005816983787920182,0.06795115650162077
0.003999512708635093,-0.001030897580052577,0.0771401579627682
0.005167835328525296,-0.0027520896996589364,0.08560297219736418
0.006163968029970543,-0.0047450122675450354,0.06400848696779081
0.00652738018130607,-0.005434983090043078,0.0459363496624091
0.005420204449908807,-0.003844229182949616,0.022485475182857775
0.00417499475962851,-0.0008536951027674656,0.010850842341762576
0.0034382232317458684,0.0010999004411098568,0.003711289017216838
0.003092321837007158,0.0023671399427313768,0.0029113683839494036
0.0026045219483890546,0.0032781475025157165,0.0019504535475613014
0.0019256681402783215,0.0032590906535359906,0.0008424907138931071
0.0018302767381097348,0.002737649404599593,-0.0015543348474042523
0.0023818441235616827,0.003293914681051227,-0.00034366729551634775
0.003034217722671482,0.003966210004651222,0.0004898893440536268
0.003123227335559478,0.003516555964198131,0.0011193946071490892
0.0035311028949321544,0.0034604410473161487,0.002113644376682481
0.004084580485609535,0.0036016159364081887,0.005331416705331113
0.004663462927478433,0.0020694063821225565,0.009514720346686854
0.004248770498417114,0.0009072107462223926,0.00863726797664358
0.0036777276681744225,0.0002216376359719622,0.004245357254990125
0.0033665344224000438,0.00010947642959179765,0.0037086157812214874
0.0029351280203347685,0.00025100546741600835,0.005523914919909966
0.0029282529436151132,0.0007292589955540379,0.009884142939717854
0.0024821887593446047,0.0017927215986069578,0.016753557666270406
0.0026109760293920358,0.00191051347774155,0.026315887979051506
0.0027220280347390506,0.0017266830252557694,0.0284121575141592
0.0027481445557930562,0.001068477315510183,0.020608787582727543
0.0034737408129293106,0.00023864474861224228,0.0140285869642732
0.004120911955000517,-0.0014515006151687257,0.00962917680374726
0.0038860196837788787,-0.0023528760435000667,0.006036998994167272
0.003981580232350189,-0.002313466288880252,0.006715456138911406
0.003630287309037053,-0.0017492647165142851,0.01025485892963548
0.002931121453923697,-0.0009730965387797471,0.013356339113962437
0.0027744718787276663,-0.00048470810270117204,0.018466151133931376
0.0029161932360862396,-0.00039911920648757235,0.031893086878280595
0.0032435041862669055,-0.0002623782550379476,0.03573015123066116
0.0037671835468784617,-0.0006354678524098979,0.030111895530956955
0.003990524938457099,-0.0009663653600154207,0.025942905935028526
0.003781001832607325,-0.001676955571446931,0.03020623326989526
0.003461661588346088,-0.0011779720238544935,0.024167371437322276
0.0038446216843179486,-0.00033893121422425725,0.01623034623917138
0.004649559609822603,-0.00011988725039892459,0.012850370830931152
0.005146822590146088,-0.0003309244011011864,0.008552816070253854
0.005319032673273672,-0.0007396045221395632,0.002024387087911755
0.005666544083795956,-0.0017350352483222124,0.0006496148378547013
0.005780298512319096,-0.002436639902084848,0.0002610705825463789
0.005697073683821184,-0.003366986511478148,0.00011058166397203484
0.005566403679229757,-0.0038321710666322823,0.00018099598271271376
0.005762866313790332,-0.003945978163701268,0.0011756288154660547
0.004958153440646002,-0.0022170173204578243,0.002343458407680306
0.004245189354925866,-0.002011978426127159,0.004089788554968122
0.004164685331156014,-0.0020422214755081228,0.011999006156597429
0.005158610074356963,-0.002590580487240239,0.03983459967625033
0.005996432010408942,-0.0020675637096231685,0.06216539640713299
0.006459524622104029,-0.0015338493311364521,0.07899875113727195
0.006175702777190298,-0.0011492976270945905,0.0873075768200662
0.0046390451458089045,-0.0006735255141724901,0.06437064357924586
0.0033979426344855268,-0.0002772014518607412,0.02563076525958028
0.0027749897445460622,6.260241723285583e-05,0.007390989067505553
0.0024472977129717903,0.00037970586410511617,0.0028433111100340056
0.0019838789650295256,0.0006242844241909916,0.0014422133343268487
0.0017674707852377326,0.0008359062494160522,0.0013739106072336263
0.001924316040641446,0.0008709143392418034,0.0017617682338055916
0.002452330145568813,0.001177107340424729,0.003993276898065079
0.003135145353756857,0.001574897870962343,0.00417547522691371
0.004293778733191634,0.0018092521948519487,0.005481394986915266
0.005289136524092694,0.002367331965753459,0.00983512827443117
0.005650415894584759,0.002852561394920686,0.011235817947271454
0.005900728246728971,0.0021666136704473417,0.008618038538256774
0.006225667940996964,0.0017997588603126296,0.009124542267782879
0.0019375732686606234,0.00024825410885625566,-0.0002945746321560267
0.0030615140253228883,-0.0020409745100137804,-0.0032461513553813455
0.003046096025436149,-0.0018009393598707936,-0.0030296206912133225
0.0023994456300768107,0.001370119887031669,-0.0015871900299337129
0.0018954780874786312,0.002186122694759428,-2.9653562454577446e-05
0.0018427518765529618,0.0022156170450705177,0.0005673819086170071
0.001903176250551525,0.0026954705811415925,0.0019103942701483734
0.001917489196829029,0.004102398515536709,0.005117183878318292
0.002620829772576947,0.0037323647849375158,0.009424079646711263
0.0032971691388624263,0.002259965756590145,0.010894918428329806
0.0035610639143853337,0.001127630540460991,0.006725024818669385
0.003266877996964554,0.00024967972707889925,0.00609422543802418
0.002836854230681332,-0.0004077894987431007,0.0066108021408642255
0.002493633809570497,-0.0007419042991336295,0.006134776161718364
0.002052345823958268,-0.0004059498416232439,0.008513090812623145
0.0018625575275872982,0.00028422835138181967,0.016488772890830474
0.0018281818704728823,0.0007001198814431957,0.01367299626129052
0.0019340428113741488,0.000508497290186861,0.008280324546230636
0.002416869929941373,0.0006600958039225043,0.007264116375441388
0.0031358906085465236,0.0005161736032602162,0.005701511501785689
0.0037916986901376276,-0.0005488600805080822,0.004534202265679231
0.0049300727572358545,-0.0021277396090322617,0.005722845690406292
0.005719988389768177,-0.002958194627885416,0.006042719913959756
0.006967673407931747,-0.0032279874205657275,0.005322724301904884
0.005953324075846138,-0.0037854125577318426,0.0038943864494265104
0.00689784141317969,-0.004992696295376215,0.0021756503697293126
0.010699241917259497,-0.006639492673141222,0.0011704151773540747
0.01463259904567749,-0.011003072644086752,0.0012267274594865772
0.01682981710183335,-0.015315044563051147,0.0008066771181367392
0.016352187395640327,-0.014810429308652636,-1.63678592306052e-05
0.013863134368727567,-0.010570618294716411,-0.0015831502313619534
0.010763262266001269,-0.0070791006661849445,-0.0032147901629223864
0.00706958808394225,-0.004089993027573995,-0.0032117997676009854
0.004230988276727698,-0.002118152103803448,-0.00016763388666912797
0.003170074632904176,-0.0017559426906753298,0.0029497612407519266
0.003531639617146691,-0.0013797447025453403,0.008163662236454004
0.004578196435062092,-0.0013023721435684427,0.022684596204588854
0.005667207604304323,-0.001763794002353398,0.03168827850709905
0.005530964369668354,-0.0015140843936888308,0.03256947411175289
0.004480958226723442,-0.0009797422857107543,0.0344372436401504
0.003901512977091362,-0.0008875487574794215,0.029922253062992545
0.0033303596420064417,-0.0010165806776153226,0.014032107167402549
0.0027451644411144627,-0.0012533943492441261,0.003011242481317715
0.002365240297450413,-0.002222236094937345,-0.0028079261967173755
0.002003415681756194,-0.0027220664818110325,-0.007474415211657549
0.0017986515415248138,-0.0032306039472664535,-0.01586919894597923
0.0016437754225640212,-0.003042750506962375,-0.024081938787488464
0.001266066717017004,-0.0016008982403171855,-0.017741860915321213
0.0005931724611331641,0.0002170134099069129,-0.011163140691700952
0.00011834978373241202,0.0018590580199736126,-0.006633109911009733
0.0006510910398647377,0.002978039525300806,-0.001999476772552804
0.001467531583622517,0.003488782556993623,0.0006114783004741375
0.0016458124491957014,0.004008200141802945,0.002112762618496697
0.0016369899710919366,0.004077506000965296,0.004655057964127881
0.0015183773992476677,0.004381954376011347,0.005564010758097105
0.0011728851163531186,0.005857295179915841,0.006871929805581827
0.0012008987223196372,0.006477965828747487,0.010151003889587696
0.0019776873783882874,0.004016140632896313,0.012317729777762665
0.0022956372183725953,0.002359386620395038,0.009628996867164645
0.00240433374414614,0.0017985958316332337,0.009336789087703273
0.002656331097220453,0.0014225551487713462,0.013765861796350335
0.0027300318282813536,0.0011820936082459455,0.014384482183821061
0.0027043737809914264,0.001302809095678461,0.013609364361518739
0.002769080681842489,0.0014715902961436452,0.016723160859681317
0.002999657270737996,0.0012241928918651462,0.02079002888572842
0.002887216140211826,0.001056435842795411,0.016224819238940338
0.0029808603616444202,0.0011173928457252679,0.012086931844851335
0.0034428799303601243,0.0006109133628120831,0.01087515567916179
0.0037112545939449295,0.0004716611305295247,0.007743311970042238
0.0037463442643519834,0.0003831996261034869,0.006202198639572434
0.0031390272532524125,0.00031990360932894664,0.004539565144406722
0.002813910214322768,0.003448346697664275,0.0019210287218931808
0.0033767804630280784,0.003465966414687068,0.0049564913407656
0.0036833655378539516,0.0021622405581212464,0.012330385017637828
0.003632274736707834,0.0015530629971537999,0.026625432219250334
0.0038229922339880614,0.0014077725984565162,0.05450652582953092
0.0037413780925621993,0.0015792163728166736,0.06300593936404411
0.003782580305988389,0.0018542205623431353,0.053039412025966286
0.003421013694248615,0.00220656197550771,0.03521379496794823
0.0032516958701435993,0.0031521908719999276,0.01562347005886654
0.003178996424944009,0.00431577296243531,0.002577158827404017
0.0033869475252075454,0.004382354681820174,0.0003482990562304156
0.003963914389332673,0.0024318560924277443,0.0003721896261326134
0.004061696002813481,0.000952651907718331,0.001072933954389019
0.004505155120694796,0.00040229488201717434,0.0038707568578394587
0.004834789167775284,0.0003968363561147166,0.010974853218433195
0.005004677381663408,-0.0016072700460784692,0.031837788041182466
0.004670016383279828,-0.00212110461437299,0.05509293427485861
0.0038238876327142055,-0.0017846334172202738,0.06435176591187715
0.003648223450686604,-0.001236465402709423,0.05519945294329304
0.0035612041493451787,-0.0005675262430189587,0.04045305603437666
0.0030769141462115013,0.000744803640620929,0.016305680568347705
0.002299162879995548,0.0011116085796629574,0.005761202388633222
0.0016429452112998138,0.0006781423442972469,0.002328806619206608
0.0005952314513395911,0.0005188489633391036,0.0010817755371814563
0.00029826628460986263,0.0008259280336732236,0.0013976741337969301
0.0007860166593192782,0.0012241477398566142,0.00337046233952091
0.0008183196885243808,0.0012751572184825759,0.006659772420730155
0.000944182272855241,0.0010963491056639745,0.013516049558925953
0.0013818427702867594,0.0008019746328973259,0.018240328214588625
0.0015541005883656079,0.0005431131207110647,0.015158963019387352
0.0019295106387904144,0.0006465747497428231,0.01210340958439102
0.002466266485207546,0.0010452668441239916,0.010124571464692174
0.0032597106005201612,0.0007372051329828912,0.010435575568663097
0.004095524916835114,-0.00016158395378718904,0.019363684631014417
0.004535814392214115,-0.0008424869116532196,0.031391103326470604
0.004241601533088133,-0.0005663034849709979,0.03962538443509718
0.003998963052499045,-0.00019392844146802582,0.05241315417994405
0.0035410701770942753,0.0006917429941232375,0.06527344992979892
0.002771702119941721,0.0019038770432841974,0.05416287035531364
0.0024510245734216127,0.0026640431982726115,0.052564461448167205
0.002177211832881229,0.002984270714253452,0.052826628528341815
0.0020348916359068654,0.0030277941000045015,0.03913196982644623
0.0021501516495157566,0.00254286194007993,0.01642649617133872
0.0024193864412413303,0.0011683130456283865,0.005282170172373055
0.0023899381382932175,-0.0004591643869910805,0.0005856508721514052
0.0020157054790061815,-0.002643060222935983,-0.001963667308167831
0.002769913969477669,-0.004852257833634992,-0.007437373402585971
0.0025808505595497143,-0.00647262381937124,-0.014488879196890625
0.002295576570756328,-0.00770388901317026,-0.019068111492207065
0.0029431910542192337,-0.007642102729954435,-0.011442811243391164
0.004259617715133896,-0.006170779442569313,-0.0008161182210869144
0.004547297778718547,-0.004145216595067605,0.002577453400670384
0.004519007950971109,-0.00286346146169455,0.003998949327748703
0.004169504611694304,-0.0017154460729814454,0.004567789783117157
0.0030822702845091144,0.0018160851532971788,0.0026200440481621663
0.0025886299196335714,0.004728183917966359,0.0007753831123562607
0.003156180662460896,0.005466288738902439,0.00030394837578503694
0.003021964234775863,0.003717022661142831,0.00012619270716581266
0.002603371249369874,0.0017229492744970758,3.969844182037046e-05
0.0029473870198800257,0.0014050499301657702,1.8667631836049832e-05
0.0035959275491582957,0.001585262530308579,3.6842799115298155e-05
0.003997928365496462,0.0015688928322107334,0.00011439233443034611
0.004035432823726864,0.0013271918452764995,0.0008669149332152354
0.00397346123355587,0.0013731345582869141,0.0026233802403845857
0.0038383394887206795,0.0013588662685864127,0.004161940776501478
0.0032610994879848972,0.0009997846954457566,0.0026566060028250936
0.002604792317208746,0.00043285072104845123,0.0011885513752473626
0.002633822967108387,0.000197167721884425,0.0005073358329876269
0.0034736850450517902,0.0006390991216621866,-0.0012130089077744138
0.0042458024738610345,0.0011727197664653452,-0.0072485731538398995
0.004680810303525873,0.0012705569705594112,-0.009618127657210642
0.004507312908209436,0.0016974176802271972,-0.0032561164249117636
0.003668213915932294,0.0021603308682857213,-0.000192526024632
0.0028836995251157213,0.002158823927372774,0.001002181750427258
0.002663694494339952,0.002044771090816922,0.0020139648911957765
0.0028336260892099494,0.0024332721669898154,0.002467142692197035
0.002982319753246286,0.0024108939434968773,0.0020007941415771976
0.0030428358794646997,0.0013630205816242901,0.0017128586630301439
0.002947172210391467,-0.0018534559809440785,0.0021397172486549054
0.0029159517056672403,-0.005601102789816505,0.0012291555209448706
0.0038136765902278707,-0.007274298899470607,0.000688740921111044
0.003942308714078039,-0.006484933254489334,0.00027124941343757827
0.002999747003737934,-0.003677831791424394,0.0011332410045663101
0.0016559209452653347,-0.0005554864941797055,0.0016483063196497505
0.0012313163912021701,0.0015297036728322193,0.0029398198980968766
0.000829728485056656,0.003125317554001199,0.00394811988858908
0.00090796199465825,0.003018250135057895,0.004524265540520523
0.0024777269189125845,-0.0014260503359260345,0.006717591582500356
0.0034077843201074085,-0.002548089068708892,0.00577947100220311
0.005239807751858664,-0.004625878148088993,0.00838813314526055
0.006215194782330567,-0.006199272402621458,0.01740697539152734
0.007158129056534026,-0.007995111764898153,0.031058082411886637
0.007365970415546959,-0.008420934710843033,0.03825498931159556
0.007344766104738309,-0.007043951997573264,0.03551466217016114
0.005942450106380511,-0.0033284461338795395,0.020439679314409497
0.004773043998742033,-0.0009455648305879476,0.006471768873708844
0.0038756459240369616,0.0002325813759757684,0.0012259624197920615
0.003453481903295263,0.0005103764249510444,0.0003805328558107018
0.0034905830978137985,0.00023367545096858358,0.00021197520363282218
0.0040583501293883295,-0.0019169800701536103,-0.00023174040959243725
0.005354540809798327,-0.005112846593996062,-0.011327339376036628
0.006804736360413577,-0.008733637510372629,-0.031479241756438577
0.00819638001979327,-0.012211187501440155,-0.06021939547299323
0.008533035029792373,-0.013487522650674676,-0.0801838600163012
0.007657547659869682,-0.011373599426813267,-0.0806037959272609
0.006715906335417203,-0.009002516969860834,-0.08238385526624285
0.0069497754378349515,-0.008853899867532631,-0.10083978065299762
0.0072143767195244355,-0.006722014938627647,-0.09966784690577148
0.008027921155192002,-0.006009970480029558,-0.10213716360814239
0.008744757377047512,-0.008160116302412191,-0.11320646201273359
0.00938197990775689,-0.01042468416804759,-0.11786955133561221
0.007652645174070649,-0.004113133531381089,-0.10609620937768835
0.007459957594362714,0.0007321399459871365,-0.12060059404692672
0.007246426167929625,0.006916617205249789,-0.13580353349116064
0.004813067956376529,0.012027001824881997,-0.1488095911338986
0.0021194251674724884,0.014565285325076003,-0.1575379298123264
0.00016494114377912805,0.010460265187937285,-0.16989852923705925
-0.0006255694055219812,0.005840917437234175,-0.15470461616241557
-0.00022747062763527732,-7.592849604169534e-05,-0.13310518676877298
0.0018144351340745471,-0.0036466630613713707,-0.08085678031560602
0.0027146846934535747,-0.0042979764836667345,-0.02295785418770679
0.003020363545324819,-0.0034358026859256834,-0.002416805383046382
0.0031094827870634728,-0.0027250043300357813,0.00039002688737100965
0.0031188854762163962,-0.0011769465882088266,0.002393777385115891
0.0027518510024433754,0.0002787674038650031,0.003041426376343915
0.0022900116537459794,0.0007605288919476231,0.0018355200615335877
0.00209290285998558,0.0009985173205982547,0.0012041373679705075
0.0020878907948520017,0.0016182927318836593,0.0013072390172648694
0.0018241541985183427,0.00269660311638673,0.0007174838017356397
0.0014100724160488124,0.003936722487369045,-7.502757135760069e-05
0.0010608480489204667,0.004812590820423714,-0.0009402461742838619
0.0010472480746836334,0.004804991429830325,-0.0012625100382974146
0.0016689379426092416,0.003001096326397635,-0.0006465703401872407
0.0028239801855114437,0.0018860183663487952,0.0003742165624573021
0.0034896173704379724,0.0013619044816857945,0.0011762212133036168
0.0038116591849957607,0.0009443036397473081,0.0035007025883307943
0.003968841823892342,0.000347098113121155,0.00722381192469388
0.003842153749797082,-3.2977925609857254e-05,0.013040207617219034
0.0037187852192513216,-0.000289284304023677,0.013304010774207693
0.0036286248705402545,-1.0623166628780338e-05,0.011201674661597818
0.003331871750509466,0.00020796351920582905,0.010537889721832356
0.0026559026755966484,0.0005202248819204974,0.007299685335024934
0.0020732738840930492,0.000753054952688497,0.0035446349871108263
0.0017080836789618592,0.0013482399739071249,0.003708119419764596
0.002193247725514291,0.000987324184703728,0.005258109541725214
0.0027774492019192404,0.00014052381332479763,0.006813501017840173
0.0032468729216084307,-0.0005469074189033809,0.008050764935680898
0.003545837424374169,-0.0009571436672710264,0.012857386946430729
0.003609389645374246,-0.0013157423706250562,0.017756268195095175
0.003402388935502582,-0.0009681959872747273,0.020786417283606532
0.0030444118392144144,-0.0005857611827111528,0.025287288837143207
0.0027989932638834095,-0.0004457713361678365,0.03773788499240907
0.0027704417737903814,-0.0005226062892544415,0.04724050134571604
0.002916632616986751,-0.0016460708886239727,0.05036198734934468
0.0029288924530686145,-0.002927939485928967,0.04058070945507972
0.0032676382399254873,-0.001627611469650118,0.0244341497396019
0.0035600113363671794,0.000514302718737559,0.009082754948643168
0.003388165608342275,0.0008569010938705658,0.0033908014290828918
0.0034199615547580654,0.0029644342624553783,0.0011250442527584508
0.0033052670148465625,0.002006307160750595,0.0006657403694596397
0.003187799864173331,0.0009184211284565614,0.0006237335174794085
0.0034215372140091443,-7.943800354947722e-05,0.0013944356063348485
0.003828056892011364,-0.000925000438583562,0.0018753424533460717
0.00422437809733136,-0.0036170766374206105,0.0017132873238423767
0.004266414438658062,-0.004839368989696243,0.0022699712547849314
0.004578562658458301,-0.007196593329326804,0.0024038840874635484
0.005120010759450929,-0.008743397874551013,0.0008205524986560767
0.006281763119172597,-0.009719609830909613,-0.00036678880922464205
0.0076243775801552675,-0.01070857955772352,0.0008758212492558599
0.008460283244357368,-0.011833433922126938,0.0003987552081845251
0.0073120315634756785,-0.00955880615307532,0.0025776341827298097
0.004977732186984909,-0.005625832319564765,0.009061718612330337
0.003187592175557184,-0.002659341314822998,0.01995533407842617
0.0029115419819364316,-0.0008162791313465655,0.02403454451077984
0.003738115274044949,2.3716132952807856e-05,0.0402981660117097
0.004604621384450515,0.0004610375136205551,0.05200782070323135
0.005794127372064423,-0.0013208353334176457,0.05430952009359424
0.0062740055689607796,-0.004364700808934977,0.05070743678403476
0.006480036166479449,-0.0055180166514319385,0.0607410145713278
0.006645924656061157,-0.0060040299986620655,0.04267375825282694
0.00682664881733961,-0.005677020758316686,0.022738920200943015
0.004840230884914421,-0.001349887711819361,0.01680507021483984
-8.15541917483933e-05,0.0008774574348206592,0.010284638169746884
-0.0016754201787804288,0.002317342085517726,0.0006101177746620559
-0.0021841070696348025,0.005513215438231243,-0.005943465420040256
-0.0025744606461877437,0.009365854508179002,-0.012512809929421333
-0.0022965896013214747,0.012705686582861888,-0.016929045896776136
-0.001444540251595704,0.012041189794862068,-0.01556167308967069
-0.0001792750166598294,0.006948869672315798,-0.009488507774946257
0.0008275195711389729,0.0030954842683242607,-0.005320788277414863
0.0015942632853235411,0.0012138218708351595,-0.0029851366352623932
0.0024632187131782596,0.0008491834162621916,-0.00014109498471723424
0.003048053010539345,0.0005929792969396623,0.0006404061479930778
0.0032627615056501917,0.0002782209459369295,0.0010083190310390465
0.0032684787614588717,0.00030341250446424645,0.0007721107836198727
0.003613213453666902,0.0005982223162003083,0.0009405036535118093
0.00435716753057043,0.00080903868121947,0.0014756524768549614
0.005148301371397027,0.0010753853946711535,0.0018565083998026291
0.004812528949489666,0.0011723522108002817,0.0015781528103887789
0.0037883279923637517,0.0009660035916099122,0.0019840126673703086
0.0030898062662859903,0.0008088808946036155,0.002331601453927901
0.0025552929949042577,0.0016114026409748095,0.0017053121947489974
0.002120685444497524,0.0025763005200925924,0.0008489580902903816
0.0016506260948248262,0.0037073840708781738,-0.0007743353580677472
0.0015936721114557485,0.00467328198013371,-0.002559505144721635
0.001501275849681464,0.004344682265820164,-0.003089494038505249
0.0006764138318469977,0.0034404483302565457,-0.0030311944627171663
0.0001693019146156597,0.003124097732432961,-0.00234522072602551
0.00028301570475090934,0.0011847306401872493,-0.0019232949662878122
0.0014024113378470772,-0.0019298404341178239,-0.0002485830034760383
0.002126935503328912,-0.004106147649162773,0.0028512900875499745
0.0028253433333475767,-0.005409238252577602,0.006906514094300455
0.003950356214521973,-0.006310387247048854,0.007162416362223005
0.0036553244007333386,-0.005018538262633856,0.010377645690254018
0.002214312521530116,-0.001186284539860195,0.012508985224280043
0.0011928772987694189,0.0009966099368841391,0.007237073045616801
0.0008303200052943634,0.0014921724121139321,0.004656699269861068
0.0014310975566139096,0.0016224851381241312,0.004514209971886074
0.0023060488863326776,0.0019931000471850443,0.002796764859136806
0.0039000753580633114,0.0008848136534727619,0.001754527424842626
0.005813227913221756,-0.0005675579400688211,0.002599962926967139
0.006738850176344828,-0.0020103174923734946,0.004400534472702558
0.006374555578032903,-0.0015755691639575667,0.0038719691107664956
0.004635959698429736,0.0015750811300777694,0.0033665195148315664
0.0013813094010701056,0.006852976779307683,0.002787553617917912
-0.0012034385143657332,0.01248779595649555,0.001035527977243049
-0.002804087973878274,0.016980661746727948,-0.000579807223538646
-0.0015943032529872451,0.014197805713759896,-0.0004572704639997502
-0.0001522112910117567,0.009266886326573489,-0.0005030566726490627
0.0006319237089135437,0.005713236967650097,-0.0012143914449617079
0.0011311230293843,0.004191147605745089,-0.00042572140302894594
0.0011750094443238593,0.004048124364746536,-0.000150766210986406
0.0004543342103175928,0.005136327008282544,4.789638833764834e-05
-0.00023310990543216865,0.007145414850584544,0.0006953446521669426
1.58549489455487e-05,0.006822729356915694,0.004611428797900839
0.0006795924679031341,0.00423952058082069,0.0118687064606181
0.0013524862404216919,0.0012368973650879382,0.03538968330756682
0.002696362807104156,-0.0015097157733814119,0.06710473567023538
0.004334029377549386,-0.003283616791337982,0.07434500140166782
0.004644101120505624,-0.002702081996376996,0.06807743812675494
0.004079249035891604,-0.001045324542186957,0.05637699849982268
0.002949122386098556,0.0019368049897876736,0.026967284875582684
0.0021162504017763354,0.004906557763906583,0.010396783188948473
0.001632320513841046,0.005635684630782838,0.0033545744126107758
0.0015690282025506287,0.004255483511881081,0.0016092842302818735
0.0014933443586099084,0.0027728131727855912,0.0012858255270106385
0.0016392115615249784,0.0011831231283957176,0.00331217881854535
0.0020487018663946925,0.0005492668185747815,0.012473193590994712
0.0023277606288689538,0.0005951337070627455,0.04247003874057241
0.0028449254591762525,0.0012605247871641685,0.0679860641672199
0.0035775356265697173,0.0009973209744467326,0.08446573541039999
0.00394141466705603,0.0005008599380829437,0.0861818129022801
0.003529914475441672,4.610724849138101e-05,0.06518132623889347
0.0030562434851153612,-0.0005908100721794619,0.03818187520061524
0.0025276048144493813,-0.0005892255577135648,0.020131724913946547
0.002076101755674368,0.00014176649650148395,0.007492665265593029
0.002097520361053263,0.0006669745683415886,0.0018919284585999846
0.002364851061399176,0.0009482467116711161,0.00027398477076061593
0.002600787033445062,0.0011886772976679076,-2.4123720314278797e-05
0.003224087817697336,0.0017689060422197492,-0.00010643241551022783
0.0040896631300421345,0.002167636598611817,-5.608982049260695e-05
0.004322889478166687,0.0017738950078639768,-6.325293956930162e-06
0.00376926386366491,0.0007785664052579194,-6.023208642794549e-06
0.0031952631302180614,0.0009167598753402998,5.476491811298135e-06
0.0027314991407407906,0.0011836235733215395,6.566163045115909e-05
0.0026105174481167257,0.001948196455354804,0.0003334792885367962
0.0026866323177439904,0.003245476891818668,0.0005592247148084511
0.0029101182547389554,0.004435594909158434,0.0007853317357633426
0.0035201057955620923,0.00358375464698761,0.0014595909590677351
0.003554496233203768,0.002310136324457149,0.0035456504604034662
0.002784874966722641,0.0015263738176028207,0.04707625228867517
0.002412464286456267,0.002102661128136623,0.05211684749649485
0.002417537568041369,0.0025555223325019697,0.05330551043497534
0.0027667112463672966,0.001839148167895005,0.04013536668634154
0.003313028168624801,0.0008210392317036896,0.02644991460422246
0.004573026578521348,-0.0005422295675794537,0.014286765843689328
0.0061900047285668395,-0.002709307149577468,0.006437688869419523
0.007441536437538609,-0.004490945164306783,0.0040341687602662496
0.007399073740124258,-0.004115807112109509,0.00433921923847024
0.006790511244059994,-0.0022411839065744083,0.005527880882291633
0.005393550757282607,7.910441591861241e-05,0.0076194785682869885
0.0035124119705056906,0.0013758885279510458,0.012005986030991192
0.0019032971277141545,0.0020970849045186873,0.01340746467883426
0.0014949000024437507,0.003114763168569123,0.010773410411276675
0.0013257767499237371,0.005044432724966781,0.009270221820649478
0.0014380749142507553,0.005177438284928632,0.013183697060230285
0.002280157552598246,0.0027606967096993787,0.019275259659581323
0.0021109272122083796,0.00029595185823382605,0.03154542046550801
0.001039304740320093,-0.0018544589193453366,0.048493404051034514
0.0010321232496610766,-0.004029483109697034,0.06593993448136415
0.0009428780940043204,-0.00427380091164583,0.06783396088483967
0.0005402666789016138,-0.0026718613205089195,0.06072586255120472
0.00016381045412174782,-0.001163975871197913,0.06359627613921107
0.0003353727423032287,0.00012312045845253082,0.080515742724341
0.0014075138665647225,0.0009249731371358015,0.08823414662985612
0.0020498056448087824,0.0014765032005642255,0.09185048980225977
0.0023501122296340406,0.002681247572449403,0.09785360685075001
0.0021863625656454583,0.003309296838068489,0.08923210395602749
0.0019925423056313322,0.0036415791701899613,0.06300719311700886
0.001817135106205023,0.0035259192722869844,0.04627739838718314
0.0021858693737686475,0.0022774701717042226,0.034724593722737944
0.0025100756772961008,0.0012258191376233278,0.0277574198254141
0.002934434653494125,0.0007109027492114625,0.023266480333522528
0.002820614770613355,0.0006339747684847218,0.022778597272954816
0.0027714353944535966,0.0005653687840699948,0.029419686782319533
0.0023954894433536617,0.0009925363175382616,0.0309877647560136
0.0017772800592095607,0.0015928059546153077,0.03151655372155109
0.0004248856605111995,0.001851888393956456,0.03807001322109483
-0.001386969522616871,0.0018039240821910597,0.04422573531088701
-0.0024107805587317383,0.001884678694231372,0.04575093184346276
-0.0021364179701075167,0.0012331400646234162,0.05800106728131068
-0.0018147613905466172,-4.2465727574752935e-05,0.06434192425089519
-0.0008276611062997126,-0.0008241671232970038,0.06277076330476972
-0.00042192011200763575,-0.0005207855616423452,0.05457933069203998
-0.0002856252154436419,-0.000175800809896464,0.04885384894887547
-0.00014561781763589677,0.0003042367472084552,0.04230808711251204
0.00019554804484226112,0.0010681916732318455,0.05116882433341374
0.000813363979460192,0.0017037431131154196,0.061427376842684484
0.0014686850881992556,0.001510030972653826,0.0809135259637897
0.002062781203686484,0.0014764128329596581,0.09956469885914596
0.00263818179252719,0.0012176104309760537,0.12502853265268085
0.0033157502430687324,0.0009832495723438848,0.1570013253721979
0.003994724013436631,0.0007150645058102641,0.175818392892536
0.004624622498756673,0.0004687002414728213,0.17817354927198223
0.004142249301779119,0.0007965894109978543,0.1675605520117365
0.00350379543977081,0.0021736552074976025,0.13331867543398265
0.0024226982020061965,0.004112360846042454,0.04623047217890689
0.0014171754040103884,0.00799753030820618,0.008188477600872742
-0.0002093506025441544,0.012516998041469054,0.0026159828896201603
-0.002263958485621057,0.01663936739878459,-0.001623509979745172
0.0030453272033005,0.0024755276122190657,0.018600025947899078
0.0030344772804124526,0.0021140474148670825,0.0070693028488066885
0.002437066129427499,0.0009892338234452644,0.0013845226859912619
0.0024759349777312436,-0.00022172048347018038,-0.0002563784703139703
0.0027497514697114116,-0.0010819112437655699,-0.00036832931019562253
0.0032803467400167358,-0.0016138314004231942,-6.679016851369366e-05
0.0040331753691221365,-0.0018797199376242785,-1.0286662658595181e-05
0.004529203814486309,-6.884206646825502e-05,0.0004067475512224617
0.003721509812243864,0.0033120095566149758,0.0006290734430705934
0.003034709795150496,0.006742457471967205,-0.00013990480064839705
0.0023058346365253386,0.007476924243639872,-9.207527578562726e-05
0.0017214874458673162,0.008668538218963968,0.00031403772953486614
0.001347590263079122,0.009777528873193095,0.0009116788942388773
0.0011313559692535185,0.008847801798857437,0.0009513771890578652
0.00138330493692629,0.005419285885720468,0.001440811765186509
0.0018244331436211953,0.0030756878742758437,0.0014218342916277834
0.0018864891268906502,0.0019143150683622481,0.0011294403502595124
0.0022521322981534104,0.001308053273682759,0.0013687298457062114
0.003227150238757448,0.0008567003865051592,0.0032840468680022414
0.0038533917265734974,0.00018866644248764067,0.007981879892486858
0.0032045838065752363,-0.00038076595077797434,0.013776661047175327
0.0030283309618998958,-0.0003822699195137815,0.02535189504772199
0.0024422890795527297,8.002533275768827e-05,0.0378245527203936
0.0019441629522396642,0.00015242296846837517,0.04114424530922618
0.0020100997483162336,0.0007351065093164093,0.0433511122080793
0.0029357980932143185,0.0005309105057667429,0.03855456180378218
0.0037104328170638103,0.000911861607137838,0.027910621999007634
0.004033990751246086,0.0013544225578444916,0.014421020605357783
0.003714779714077913,0.001131418040790796,0.006721078334068272
0.003079558562275927,0.0006566293843475409,0.0020357239582940944
0.0022069142465874717,0.0010781935250049964,0.0006094803333495536
0.0015214216232273467,0.002339614909623405,7.829213154817048e-05
0.0013991113730613819,0.0023217829559889947,-0.00035423151152043554
0.0018630120229074349,0.0010015935368554389,-0.0007456596533847769
0.0022217759580494033,0.00016625803229719378,-0.0006968561765793521
0.0028809365478586935,-0.0008928999358264832,-0.0004294413860530097
0.003482464122358801,-0.001953391320841344,-0.00017437135341034628
0.0033968087497483895,-0.002858893527016654,-0.0007480228856118292
0.0030726736042446592,-0.0031385702014351527,-0.0010241437134311058
0.00370030678485901,-0.0031800790689201198,-0.00045707707419500687
0.003877476825312543,-0.001940302837172198,-0.0003175088837338024
0.003937370537774293,-0.0011038990408076764,-0.0002973070896238081
0.004092518816944367,-0.0008399014390228527,-4.7859094414984894e-05
0.003470508060244902,-3.4545397888429016e-06,0.00016721059161420803
0.0027066566331941,0.0017986292664236554,-0.0005922477274446428
0.0017870804068672126,0.00299748480286251,-0.0017333969672598299
0.0004983571124484265,0.0026706172990783325,-0.004881052083286673
-0.001284266853161942,0.0038040220083322136,-0.01242797337176084
-0.003411144746788442,0.009699482147190542,-0.028598043659593477
-0.004002756146201354,0.014512713184202369,-0.03759524540243835
-0.004328408616943515,0.02004194921451917,-0.05011916469854948
-0.004690403391055251,0.027666767810246306,-0.053354459789629084
-0.005070907460432664,0.031477074542604316,-0.04392090841006103
-0.0037966385913904203,0.02477391005627133,-0.019143743454349483
-0.0023583100187689224,0.01963621841070993,-0.0034389514526428984
-0.0004106737549578516,0.014790080313949565,0.00789125916662916
0.0012025670968067558,0.007882517008209395,0.018253406983047362
0.0021766892108326156,0.003996989347085334,0.02484567100054795
0.002480881122640486,0.002972724263401759,0.02201059720912705
0.00248117131529192,0.002539993742923513,0.008511387821276035
0.002392860524486855,0.0021103008003861114,-0.0002993298999647063
0.003125104401002771,0.0029069670423890913,-0.0023173885794017805
0.004374095570765889,0.005041500546507977,-0.002959220077858991
0.005332259269956609,0.008817262537876094,-0.007249334850010713
0.0034427309208917008,0.00992110853694724,-0.01306077079647694
0.0005050195295134537,0.009664258888859325,-0.022250069476529164
-0.0012465726603181585,0.010288008980433066,-0.0540654271747784
-0.002282041214823394,0.011828855668578204,-0.08855736222351908
0.0009719827058280932,0.011741832980039295,0.0029886422004991855
0.0009597973114044865,0.00914186612523748,0.003546706188637055
0.0011989646903755502,0.005549168763551586,0.0048518433149955294
0.0019341366466993496,0.0021892938617122408,0.004375590150556329
0.0029867137716695627,-0.0007269174257362818,0.004241238710797785
0.005226034308285045,-0.007735378578496312,0.0030695443134584697
0.0056854684532744474,-0.008364436890713693,0.0047501820101802025
0.005753297454296857,-0.0063325746378421945,0.011981208476596025
0.005937191420929956,-0.0038138792200409083,0.02925989709546688
0.005999423958324404,-0.0024125687907487698,0.0566040191539546
0.006006227575599593,-0.0016172746532732074,0.08954659709100769
0.005964552658613087,-0.00154968962531824,0.10623392615231991
0.005844311262565239,-0.001876400358421872,0.10398625563779879
0.0050778600669639,-0.00141576728068358,0.08672543017987547
0.004108868204317957,-0.0004958692032527752,0.051612559754059796
0.0035454511617341636,0.0005012058421481561,0.01819541838811584
0.0033763274884359854,0.0014989384490617006,0.006523610423130895
0.003185035091395264,0.002255955736382211,0.0043517612741814544
0.002975609133990852,0.0022746969393821247,0.007669363030637829
0.0028811686286737835,0.0018706676462927811,0.01740100382387801
0.003093964673294241,0.0009480348824245868,0.04061785710388263
0.0037222404931481746,-0.001237492652487126,0.06427956609708221
0.004876949711170997,-0.004484210625478371,0.09013069160455016
0.005669810809839031,-0.005958147459470224,0.0922399321012859
0.0055304064075408785,-0.005627811470946833,0.07933790979409068
0.00404575203937828,-0.004070067488580045,0.05175215263622063
0.0027227250061640884,-0.0024267569810021094,0.028497097893393983
0.001117310467053422,-0.0002322917529270439,0.011159155243176667
1.6602294192809614e-05,0.002235741279282416,0.005991269550409269
-0.0006239520185606544,0.004509809058606887,0.006748258074000461
-0.00017902301863378847,0.003941886828499427,0.008715924549403798
0.0006746097873605775,0.002488857668934652,0.0089208070884605
0.0014597624446412146,0.0015801516124291592,0.00899805584813219
0.0016392785226203653,0.0011737110883406855,0.007222903222842791
0.0017510365249174518,0.0011394558269122886,0.0036322864698540907
0.0019683360165840456,0.0014784584840244624,0.002762307926906323
0.002276138135150852,0.0024114664789418754,0.0039887666619207165
0.0024584117701708947,0.0041891532870636985,0.00659263419338266
0.0027880402517503266,0.006435368550343477,0.011925351661517595
0.0029251455591062913,0.0065288034523574975,0.020689865932877815
0.0030028913998314494,0.005578179137774815,0.023698381921823525
0.003277052918791122,0.004582173565393239,0.024372722552509923
0.003341830957891182,0.0032553733874497973,0.031563078365786645
0.0034483341552639154,0.001900690533428775,0.040421934217032815
0.0032375770557107877,0.0009444947026620221,0.038279204808662995
0.0029283999174450105,0.00020454269211246984,0.035547707446630064
0.0027452285397580054,-7.282761117484745e-05,0.034113914474147564
0.0024665061701747,0.000348675374880544,0.02189387681084424
0.0020841929948547115,0.0010601375887307593,0.00959115959547718
0.0017893600539779023,0.0017663486283842748,0.005610568004796193
0.0016606070280673207,0.002606224528301894,0.0039991577813806535
0.0014335011559621698,0.0038262226468590587,0.0029938627595522366
0.0012561737357752083,0.004075855504437419,0.0029041071539140343
0.0013413812616587667,0.0034590647505235057,0.005566525534276045
0.0014538314496061115,0.003182843523575014,0.009619179679503936
0.0017255577024968356,0.002785039106195632,0.012731425752057747
0.0021188735351087775,0.0017300753306247352,0.01654174147928724
0.0025672258123243053,0.0009169610330973957,0.016569938738402644
0.003645707900094941,-1.789322870221932e-06,0.010384776096462314
0.004693210322074137,-0.0017342880823324946,0.006868887037133402
0.005006989702737049,-0.0028290994076722877,0.005592090219392131
0.004342048285077949,-0.001816004844356647,0.005934063756609447
0.0035576274235134897,-0.0007792105804560734,0.005216894140169744
0.0024783022563455203,-3.6727180859253066e-05,0.004510536268524016
0.0009231034411168752,0.0014117524000720838,0.004446944845903874
0.0009376740758459897,0.0027309994539154465,0.007195742549373118
0.001408281282555621,0.0030298830006084522,0.0104359921159584
0.0014087062293330096,0.0035171392008604236,0.013380204654113595
0.0015086611977757091,0.0041848063498531604,0.019794365667666666
0.0017584544796134958,0.00540199620530849,0.021187976614418444
-0.005516642738915455,0.028925814032626434,-0.0944474965893693
-0.0019917014294068736,0.01602289786805492,-0.05164724009777266
0.0004733048362252632,0.004856093749414948,-0.021431470352425368
0.0026840358323684268,-0.0006944301635780541,-0.0070139804238096405
0.0037787749716811847,-0.0025769438156506446,-0.0006600543304913595
0.003925744869269365,-0.003288540545001873,-0.00021241380871677362
0.004269023994102736,-0.0018505803701058402,-0.0001723201702098681
0.0035135299004930972,0.00015164997056669484,-9.579921221576143e-05
0.0032520978193374176,0.0012596379178122033,-9.478665173931265e-05
0.0027620213529694335,0.0011250748083254886,-0.00039285069391507425
0.002365585077830982,0.00039366856757311135,-0.0021272630021380774
0.0018588772871168113,-6.823104065319974e-05,-0.0029536450627947923
0.001499717838410075,-0.0007124817930312172,-0.004137226716027558
0.0015272191318018845,-0.0012287650850553592,-0.004228582631010442
0.0019476094271991828,-0.0010429501669484598,-0.0013866559914100934
0.000953803768590893,0.0007133541307629242,0.002146142360140179
-0.0002858245347871176,0.0035611664443763835,0.004515418217751864
-0.0010731781944875955,0.005698979819953868,0.0021036135626877187
-0.0005172689076065099,0.005745301717874275,-0.0009190915741216784
0.000982054963565015,0.004916928800024766,3.888037354843024e-05
0.001969971083045778,0.003257122287327673,0.0007575869451399884
0.00271207335267088,0.001224843581977518,0.0004172918862907647
0.0029451026440332926,0.00010840655070355777,0.0003334726121557977
0.003089267395439891,-0.0002780754699243398,0.0007170879753505311
0.0032428532391902388,-0.0006542535145463227,0.0008023453515486498
0.003412627685995901,-0.0014320003884964814,0.0005277088644721165
0.0032710165393998116,-0.0018213335628015615,0.0003012760684179933
0.003426961653651757,-0.0018131846872681422,0.00011442946402928124
0.003627815220209396,-0.0015988402899471065,-0.00011846777810523078
0.003526860734674223,-0.0013640650365582437,-0.00010718247339154618
0.00287592219962175,-0.0010192957431423705,-0.00019480794869812832
0.0024852720480959666,-0.0015072936751255779,-6.541760194629693e-05
0.0026166350196316366,-0.0007596327225533432,0.00036060246751087703
0.002381023843305114,0.0005542937331385288,0.0003665130850206264
0.001879261915964312,0.0015679439320347183,0.00020581227339697706
0.0016297775445007594,0.0020504847177482237,0.00021506733309831352
0.0020425537039194656,0.002643595083691513,0.00022031387051570146
0.0026876832242586084,0.002445091532019304,0.00018367248933194645
0.003001210733927665,0.0018093934325378372,0.00011678686642158097
0.0031656033598150613,0.0015961213539425942,7.226348627563182e-05
0.002776636118998522,0.0012740346344763851,-0.0003706559381479108
0.0030820407082270797,0.002940184415542012,-0.01781220330947915
0.0031672728617157353,0.008677436575781964,-0.08961566906101766
0.0003201529723132479,0.01547638497563599,-0.15537336341958774
-0.0027354642192787895,0.02008449008635574,-0.19850715660060334
-0.003755115155867055,0.02065189194031965,-0.2039585649270218
-0.0033773486160767205,0.020517706787991898,-0.1825854390391803
-0.003862093050797886,0.020596237228297173,-0.16565050171428441
-0.0055022145052885055,0.021508813965608924,-0.14673135187575795
-0.006094461834264372,0.020888605157550772,-0.12200666455222166
-0.006082028500069,0.023268293720429885,-0.12622347995867383
-0.006326116016054754,0.023311717653138903,-0.1491354117654674
-0.004880822677952087,0.01872330937123654,-0.13909007199770654
-0.0023374350006818046,0.011430650406568287,-0.11473649053360167
-0.001174127512806546,0.007740579979474776,-0.10360786555112611
-0.0003898010322388742,0.004753879130963908,-0.08428050130427656
0.0005962927386632351,0.0013688083434660633,-0.05135523739663222
0.0008684142730897914,0.00022399762013199255,-0.05420448408019969
0.0006364144145143958,0.0007330811557791554,-0.053240531395405896
0.000659923428528931,0.0018811555511085765,-0.019577962611700007
0.0007139238658854314,0.0026235784280215736,-0.0023470453727856312
0.00014987406096791183,0.00462763831649752,-0.0016807662099142839
-0.0005618095714765303,0.007208526644981684,0.00344904741393242
-0.0014057795714316975,0.01096943764551932,0.004756934282185137
-0.002388738236425275,0.01397738193786778,0.0015231928233336099
-0.0027736790233650996,0.015466106788257073,0.0018787133404255904
-0.002178319314865942,0.013206752040715948,0.006060411135862797
-0.001175087246096119,0.010968416538645496,0.006706992504359434
-0.00013263646741147752,0.00913339059263528,0.006592793534391989
0.000513585038231779,0.007780941857400946,0.0062240944158192205
0.0007464510138133385,0.00796864368779862,0.005537646980811327
0.0007307301420934943,0.008140236021940552,0.004632291387529301
0.0003413135147066697,0.007777712516553733,0.0056097945535768376
6.916339009781939e-05,0.005685378740968349,0.004925143056660067
-5.7800258606073576e-05,0.002718316128396588,0.0020198431044259565
0.0004655647894983628,0.0011318804619826958,0.0018949992987922638
0.00100623860749369,0.0005021190065274947,0.0043941414408666685
0.0015701866030557884,0.00030787923161624685,0.004549523996515924
0.0020931229073893167,0.00039521108594641055,0.0042283217045208914
0.002645993636537868,0.0008050979629104382,0.004415884298073955
0.0029561226903499225,0.0013025636199870863,0.004334452089492935
0.0030798481857244905,0.001868367923448333,0.004123570853473985
0.0032777450024795603,0.001969396361606668,0.0030172325156777612
0.0036464105520358126,0.0014250452474955106,0.0010867654496481798
0.004242069095219927,0.000522151141383869,-0.0009335584680342018
0.005003901388306121,-0.0025466934239016157,-0.002057998769653455
0.00561676730953387,-0.005996614226469509,-0.0038296841257185717
0.006091325591545123,-0.005354759790058538,-0.0037918740153034098
0.006063333810490303,-0.0030780116036674995,-0.0017430613071919806
0.005179604325181858,-0.0014883268208026863,-0.00017508123176871327
0.004218193395488094,-6.342365474265977e-05,0.0006099465656815343
0.0033809055477782104,0.0017948220544023708,0.0005502098953611445
0.0035137782558973965,0.003581349522086095,0.0003994043203262916
0.002829091584796566,0.005244192532351891,0.00026955112433824156
0.002783887261884717,0.006047030197069369,0.0002601541760648387
0.002769853879390561,0.00743470644170029,0.0003370018322802027
0.002145020466943178,0.006594679633215205,0.00013967181211965553
0.0016243238279124075,0.006314262304617051,-0.0007016313970812678
0.0011528305684524599,0.006142638028596021,-0.002500603492077913
0.0008271398452505295,0.00613201975417492,-0.007883068628763935
0.0014695653850865893,0.0042731308742461815,-0.017339907922580174
0.0022458326851470395,0.003243628416844743,-0.014594756753618687
0.0030245508368482526,0.0023036451686865027,-0.009748040271743785
0.003201923849742792,0.0010713760861374164,-0.005350138745619397
0.0031877278277013103,-0.00017011895845930896,-0.001323064923734795
0.0027588862008472007,0.0001669371256581551,-0.00025598008775562124
0.0024824174070918813,0.0003980121254551232,-0.00025218948592553006
-0.0018659012874060216,0.006584097007668787,-0.04562847824952375
-0.0036094055795065348,0.011135812624190684,-0.11076876138650346
-0.0035498938266445134,0.011384357400702424,-0.11708111712100143
-0.0029706140638905924,0.009810028850761541,-0.0918556274047264
-0.0007872317766153497,0.007225214535643965,-0.03383271676926025
0.001920866766242797,0.004277996452282774,-0.0026877355409422525
0.00414458623586108,0.0027099600966258974,0.0005223818171944659
0.006719271025267386,0.0012666258161666184,0.0013629259905678771
0.008541228267029832,-0.00015591107185750544,0.0013951132953525488
0.009289817826328128,0.00016487457971476322,0.0008833218637132194
0.008581266364449983,0.000871530105450218,0.0006989029582541898
0.007518571896797219,0.000908009021254886,0.0006613708542086316
0.006682221447803541,0.0008583114194040084,0.0007799492855470957
0.005885344743966603,0.0007059208923695244,0.002026702757227831
0.005404885199702597,0.0001639911760071823,0.006955032753019843
0.005614767766906704,-0.00026278269601856996,0.01047055184380222
0.004739322700580987,-0.00035651400282180496,0.008111414076221402
0.003822620395521279,-0.0012652536092594047,0.005926177781734915
0.003270125813996072,-0.0019007807664316592,0.005762463806530971
0.0027497891870332646,-0.0009285181882002539,0.005007019288499175
0.002221501901968592,0.000618880621705001,0.0057296175339022195
0.002538541131952437,0.0017937819189736736,0.014833264320273562
0.0029196372364659407,0.002664058322497514,0.03764247528158091
0.0031352460040834727,0.002521021047751776,0.07142074014861614
0.00330997995180326,0.002511782707249869,0.1062339272382982
0.0034243658989713704,0.0021519484321388042,0.13779773741242468
0.0028568825580596287,0.002051379955883034,0.13264478410580038
0.0027246240772166304,0.0024908557211056046,0.1112136073733561
0.0025159518172671617,0.003558243190120544,0.08219356693998293
0.002296446500144545,0.0034328700768430673,0.03786898618967049
0.002260253378380467,0.0025189066491645745,0.008223264999333901
0.0026815953578319973,0.0018094174478213224,0.002161566151030911
0.0033532602093620067,0.0017470245190505536,0.0013109543010375354
0.004224072693394984,0.0009957475884812264,-0.00199606072944302
0.003484068455236695,-0.0003465323515313112,-0.0026591671065827054
0.002840970939554069,-0.0006154301795979932,-0.000215172476948506
0.0024710717902743386,-0.00018260919494235842,0.0008036009273407645
0.002476144915488914,0.0005796632181264132,0.00033999526982108025
0.0019336826532110698,0.002223610398372408,-0.0011786780183060367
8.436571815915443e-05,0.008731777808096539,-0.008050648723788951
-0.002246439680618167,0.014069841734407444,-0.03756134002911063
-0.004510330529093362,0.018506049383682825,-0.0965933574703254
-0.004363917037716496,0.0184282587822905,-0.11295143495270603
-0.003718900436174016,0.01786283912522212,-0.11812799162412438
-0.0029624823512771296,0.011921917359873805,-0.1307037047612184
-0.0031957979025682877,0.008926923398008369,-0.16453371110612672
-0.002847075323757584,0.0072465874643809144,-0.18305546414246085
-0.0035632586988569295,0.008278975626282537,-0.21750305923401003
-0.0033722063590939256,0.00801756661090946,-0.23467996803153646
-0.0040082351279645215,0.009773531984453946,-0.22995859430106522
-0.004486969862403747,0.011624732956955874,-0.18923197872349815
-0.004538930810529775,0.013710382131616721,-0.14822010453793527
-0.0019981419636125475,0.010346693752968048,-0.051751349878886244
4.467977160643587e-05,0.009173808985891343,-0.00234010815648405
0.0013025890889452765,0.005887703499534859,0.0014301405706592298
0.0019494341018381765,0.003044831218946687,0.004264419780025584
0.0027609199463582805,0.0015190159549688144,0.022430011669959386
0.002909140676514087,0.0010932765754505613,0.03849265705209321
0.0032475992856237645,0.00040054114244712,0.044268034340018414
0.0038428578496469286,-0.00028122345621179804,0.04927684419147308
0.004701322548089001,-0.0014409984362903808,0.043920918781261024
0.004525412764533106,-0.001966791220778787,0.02832908328710915
0.003964898018161288,-0.001403482515448749,0.01819601932060023
0.003500379564498614,-0.00014638280135919495,0.010358207842536687
0.0037873425113450587,0.0005520141116628071,0.005931054048204207
0.004011942959279847,0.0013049284272866034,0.003083906050780565
0.004196599327644271,0.0016640848003511173,0.001865658400557306
0.004494476666853112,0.0010497891158297117,0.00133538179714213
0.005208914338600663,0.0007017168989024388,0.0014353708392005151
0.004816766419811525,-0.0001425367933704915,0.0025118129570110915
0.0033531582646951596,-0.0007090682544472037,0.006204238510620941
0.002416383571514983,6.080854134502361e-05,0.011174876825779188
0.0019467149772410947,0.001214217133608402,0.011685961589064615
0.001449324745872555,0.002790235273408654,0.014335471561455908
0.0015854814874886327,0.0038990727185858488,0.01570436462674399
0.0018253850863399034,0.005289392359086694,0.0154443194968726
0.0012530802600284783,0.007136985004939499,0.01816502293582993
0.0009884907461182322,0.008325959318587609,0.026564868699697708
0.0009701166577148056,0.00623247059627505,0.022368737669793255
0.0009614884555118475,0.0043759207473595485,0.016789685241598927
0.00040468159332726985,0.003754818417283577,0.014326981387239321
-0.0005395029814175127,0.004404248296475705,0.011366868745592257
-0.0016725389745585978,0.005728577292685244,0.008385389339296409
-0.0014768372304509116,0.006962813596802786,0.009800581407922776
-0.0018911054789979445,0.00816391721707656,0.013520617334714088
-0.0013677504300562916,0.006058918003354289,0.014999183932998596
-0.0006256952063885937,0.004325036121062336,0.014403503596475018
-0.0008196590546863176,0.0032765013224775215,0.009237462806806485
-0.001618600805030528,0.0035056117893525916,0.004952936899334993
-0.0024652662224210423,0.003545092056825887,0.0005874067094022069
-0.003594850095363938,0.005826777894562746,-0.004714659922451201
-0.0038002048242179935,0.007752011968764,-0.0032131516592394938
-0.0025973773286132556,0.006912413714184676,0.004791268081608312
-0.00118874420525062,0.006036617700608719,0.008965104088095085
0.00012457211063701565,0.002841867488337553,0.012157931506432141
0.0011521108867832653,0.0006010225390095669,0.015486863868228016
0.0020685660398713965,-0.0005597676463513265,0.014125678797491138
0.0024547785030953322,-0.0010850036213347982,0.009064190822188569
0.0027199416849264593,-0.001290161823370663,0.006702300625119425
0.0027554246205196246,-0.00038913305879320777,0.005630337207078877
0.0014100164338478086,0.0003790684423287816,-0.003682442570277613
0.0017230966065059179,0.00011780094468011601,-0.007949901347589007
0.0023743389763198237,0.0003145946763085131,-0.004508029478149946
0.0027998050511667573,0.0006777172875160783,-0.0023664055590584166
0.0035667298178447184,0.0013276834383868707,-0.0005714020077906228
0.004020041228769904,0.001873668978972,0.0010325917796395758
0.0038461159143223225,0.0017293264527133065,0.003510246903370732
0.0034336180193651204,0.0016820814201726599,0.005714960514539431
0.003445077180389564,0.0008823161131638858,0.01160233919796964
0.003734480110969269,-0.00048218147099285565,0.016310581862862432
0.004198314342362949,-0.0027613105433144463,0.010701288279907043
0.003941388522450941,-0.004532457474188419,0.0030523670617920626
0.003506953777694599,-0.005881441251148106,-0.0006788358379041024
0.0029537815622020995,-0.005701613242307758,-0.0041241935487633195
0.002407018236148702,-0.004472335413017342,-0.004687309110231916
0.002021451525427066,-0.0034718855741730625,-0.0032500291900399918
0.002004218627059674,-0.00253245750389789,-0.00024327213815876757
0.0026754397158839575,-0.0012375168437459415,0.0027121261339002802
0.003288714911508092,-0.0006830449258566993,0.0035891781532444503
0.0033016586390489954,-0.00030418806877969136,0.0024376590079199165
0.003276669107001498,0.0001331136004943405,0.0015208763964486042
0.003195836391100294,0.0003284180058134864,0.0014081297675481146
0.003482383035724475,0.00017058223841606772,0.0012569835535351805
0.003665564245173295,0.0004152916891888105,0.0011394452579900805
0.0030639802953824216,0.0009816662045968104,0.0010827787935508801
0.002405900876615747,0.001266187774493587,0.0018676155130186408
0.0021209722621739874,0.0016750217814905277,0.003362138838130993
0.002610043812139874,0.0023388461989873872,0.011004876115665134
0.0034164317973688772,0.0028905954501285856,0.029005097361838615
0.003643751527260541,0.002278533699603193,0.04618910942660644
0.003288797053898402,0.0018360921416443762,0.04452611625767262
0.0033157301176585984,0.0014333168821930916,0.043548236955426436
0.0039802689088720145,0.0008283284902415093,0.0345686640982136
0.004854614488985492,-0.00021748092096656856,0.031535927271971576
0.003289907080953111,0.0011106142457912001,6.9174021554028475e-06
0.0029282767481511904,0.0012531254935148784,-1.353809529474716e-05
0.00239067265077806,0.001053724486116471,-4.246479078254799e-06
0.0025099059804597466,0.0010872214254919136,-1.1021008724194493e-05
0.0025082253616876085,0.0012620412761810032,-0.0009326349716142934
0.0018480996723178767,0.0017709991594816975,-0.007550143305615388
0.0010238144399171262,0.0023227204059983863,-0.017021120022317014
0.0005600002455508457,0.0030240877102772393,-0.025849730394404663
0.0005232615910532296,0.004087391235720804,-0.03422575827597462
0.00034812556958653404,0.0054311511828433745,-0.03550527233867562
0.0006937285464178712,0.004715377689141829,-0.010504097504844878
0.0010181658694338807,0.002766898875991143,-0.0008891322763264262
0.001636229776564942,0.0005640431580312483,-0.00014320685801716946
0.0025720152732348557,-0.0012836470612275185,0.0009719790365654884
0.004063048847602277,-0.0048318477886009435,0.0067522884076539735
0.005849076647770985,-0.01000896837417234,0.008184401293928655
0.006475208563747919,-0.012979187001231416,0.004247723462437774
0.004335408863730967,-0.00866248026819509,0.0015946846830156827
0.0026312554618153575,-0.004718489660732544,-0.0003522388801610978
0.0014592671793646071,-0.0016345549104727951,-0.0026567667835223686
0.0007791264384938315,0.0008775381585995531,-0.0040513562594087955
0.00045548360120296,0.0032586113706020913,-0.0013385161605293072
0.00023811769274162083,0.004632171476531003,0.001140150558310012
-6.459651890861271e-05,0.0061973591789257244,0.0023780869964594954
-0.0004540345629467558,0.006881673554008445,0.0038945932255706156
-0.0007294500871044277,0.005950364231061431,0.005385219502693353
-0.0006807418373456899,0.004422643269380322,0.0056068415320901024
-0.00011399691406080281,0.002986717206288082,0.007086163841024198
0.0008395974682270014,0.0015169840523067202,0.011504449448575139
0.0021334119030627713,0.0008634171234641546,0.02488968181685891
0.002871752829485572,1.8052342897093433e-05,0.04874645249611491
0.0032480450929764574,-0.0008205464567243813,0.0683484311831247
0.0030478964138224585,-0.001383331484513102,0.05632107940667092
0.0025410094290477143,-0.0019367832934947238,0.04884969744440285
0.0022626115853817776,-0.0024358808144882907,0.03688179548353425
0.0017774472624887312,-0.0019244404429820665,0.024753064327989353
0.0016683096807607806,-0.0007824389511298834,0.015916335042612723
0.0022387269767709115,-0.00015358585283908188,0.017871021033588008
0.0028109712529133446,-0.000346289724861268,0.011173027797142252
0.00334969140567128,-0.000407989831867207,0.0050894181552779
0.003570322378285843,-0.0005035227102179047,0.0022336897689296756
0.0037130658716591366,3.725389721103619e-05,0.0008351061058283858
0.003522096813568654,0.0009825351738850447,-6.762710183947574e-06
0.0031520696685323167,0.002627371040315252,0.00021375527969778093
0.002999813608141774,0.003430741438149046,0.00042403180388293836
0.0032943033652554736,0.004056164819740192,0.0012515500346630267
0.0032903493977751285,0.004313295978511616,0.002678497002092478
0.0031632993114407136,0.005065334311021914,0.005084890455711688
0.002338760079718034,0.006737109748795528,0.006623690490193166
0.001240264910438222,0.008668565886667423,0.005884649126017483
-0.00012441843310042616,0.012210478638658435,-0.00019531321627508288
-0.0008322967659065382,0.016677125819615172,-0.0037288662720730108
-0.0008520327617344744,0.019097432340837515,-0.005699386085812982
0.0006397524467106663,0.016365347663267527,-0.0050093214205632
0.0023537251182645202,0.010202293055481844,-0.003077844528080525
0.0036461286649444005,0.005140841089295957,-0.0007896904467402712
0.0042385943744184616,0.0009704889251533828,0.0015239673882573583
0.0043177298192736795,-0.0023124662422035753,0.005370371911342488
0.004128977608800329,-0.003776218247205164,0.008198603592107202
0.003863057807071194,-0.003764877536347496,0.010846344071854567
0.0040025398391357525,-0.003955774609033033,0.007965284787252792
0.004122607117201236,-0.00292687105201486,0.004036646387619378
0.004173674926366577,-0.0010240322585573708,0.001779710472956647
0.004461313620456202,-0.0002090783989985039,0.001008858399400312
0.004904585422955332,0.00021906850139159656,0.0005321266276856078
0.0029796214001197516,0.0009350702783764396,0.0030098701022882985
0.003270839780899858,0.0007436957178823496,0.0015226391984647558
0.002961863516730043,0.001381354191376355,0.0006217752541713824
0.002144040736857437,0.002345101147911465,9.551612489488477e-05
0.0014034710089191418,0.004508413005474998,-0.0003106155786496662
0.0012135601959803706,0.00857639266005266,-0.00015256221057267827
0.001021461721886923,0.01349488395076685,2.962199742290981e-05
0.0011705266202341536,0.012100557410233618,0.0002495473201874459
0.001593605505477186,0.006867997379181052,0.0005909840422973499
0.0018853943455803277,0.002991046467201631,0.0008659913655420542
0.0023608135659763502,0.001315566327960406,0.0004053235058296278
0.0029908851551417957,-7.163454174729608e-05,-0.0021313328045035047
0.0035040605680270267,-0.00167126428782633,-0.012725403311603616
0.004170002980748655,-0.0031511921008561938,-0.030360250675188452
0.005301204231199386,-0.004417864490354109,-0.02968091815461853
0.0053509319781026325,-0.004386896471396602,-0.013407805179574439
0.004252278787218046,-0.003368050709507673,-0.0031651755840741125
0.0035276146505929216,-0.0014119944324847754,0.004487342788217733
0.003074308022328624,0.00045700217204039276,0.018335567429381944
0.002510230253240062,0.0026657845542971442,0.03620992110676484
0.0019730659327726525,0.005343992338161233,0.05080995076439904
0.0023717373092075997,0.0070346785831076316,0.06069317696899626
0.002836685463119109,0.0065423873024153464,0.054390485197368964
0.002409646640791227,0.00681369258977585,0.041092884761742006
0.002398672503123104,0.006074649169555784,0.0256118902844665
0.0021052922616363197,0.005788784719401291,0.01639952571374394
0.0016188241321186242,0.004846284415629862,0.011753405087794076
0.0010488760119583503,0.004281398636534177,0.00946321502705128
0.00044935855116648313,0.0037090894492282545,0.008008940932612636
-0.00012089040834087907,0.0035747186582469614,0.008917763204763776
-8.597053781496204e-05,0.0037106149909085814,0.009406172249765348
0.00020952789034177837,0.0038827887784016785,0.008633447516349549
0.00015625815309153825,0.004606305347560493,0.007183859938478595
0.0009177812414919355,0.005213011373033125,0.007185259251738422
0.001395183123593531,0.004821989251475327,0.006104014895804484
0.0018880241351120345,0.003615423449055896,0.004587605453624857
0.002037669370261787,0.0032359598327066723,0.00416723129517707
0.002015405623650187,0.0024510213362949015,0.00478457753853387
0.0015607528715859257,0.0023486909558511925,0.006012192872542192
0.0013888925346810497,0.0020117858079847653,0.006828060015446103
0.0010897115297264313,0.0016149293312429504,0.0075404543279289785
0.001061857163559558,0.0014849927768418552,0.008054369065935103
0.0017405270700622411,0.0005113686848158725,0.007373719806164455
0.0023160708441913335,-0.00039080617365044667,0.00671311348950892
0.0025335106514489045,-0.0008933447613357942,0.00721739237193854
0.00209378241245495,-0.0013096897831160715,0.007905324716753759
0.0023491518121915894,-0.002294895429581172,0.008896092820195885
0.0023636879616614303,-0.00163804576713501,0.010299973864214145
0.002292278912131115,-0.0008993537874378481,0.01270318275842907
0.002145894898419886,0.00025470156149739315,0.014883538628307309
0.0020211580214020124,0.0018058680261527449,0.016212398859935154
0.0020302637719533663,0.0033514235281514124,0.01696602856865262
0.0023630232592160103,0.0036162119471456386,0.018701295118293347
0.002937291323904169,0.002431618105733005,0.01940714497446088
-0.0010812558903921365,0.02126566099794126,-0.0002185703661606481
-0.0024011258872579403,0.021121402677880916,-0.007723765011941867
-0.003727950619256024,0.021017221838980072,-0.021960744618985763
-0.0041865177030297835,0.020099959020513293,-0.0449243019208282
-0.0038507373452794365,0.0213753563869674,-0.046797140462075025
-0.0037482727821718334,0.024777106194892318,-0.0399093179135748
-0.0028189663555299293,0.02621939846876464,-0.024963192786785052
-0.0020540992166131504,0.027551309369912732,-0.007550722045252856
-0.0002467532947792547,0.023962351347257535,0.0005686861446694904
0.0009546430791082913,0.01837575712613334,0.000841272622507136
0.0011828965473364584,0.011666801194016831,0.0007584062206666621
0.00101269134916079,0.007805669516075597,0.0016723702668047678
0.0011401100038152818,0.005257067853138647,0.0022251108674298374
0.001142827316455493,0.004702736296912317,0.003197953919397583
0.001257967708197733,0.0037276621417425392,0.005177854891648889
0.0015406590234024384,0.00354393916737944,0.00926667058492459
0.0018278770381589537,0.002854824888965088,0.013878097353621752
0.002125800902076916,0.00209632414623438,0.015564856814894302
0.0023532493650623844,0.0014018216591175703,0.014444572578128529
0.002649329868628843,0.0010668296218101102,0.009159881905216181
0.0026123607942984376,0.0008988506129660052,0.00490892061586749
0.0029432132309584,0.0007941459823014087,0.003499883211871869
0.0028213460721136993,0.0012392735419694823,0.0051649632089542106
0.0027614580338395506,0.0009849016634860066,0.005834969896956871
0.0023554295247120763,0.0011756840924199887,0.008182375038787184
0.0023598455466256724,0.001356106932685189,0.01129566207837753
0.002234297613082301,0.0015695271025758662,0.00739108653264398
0.002304675043533179,0.0014567823286536794,0.00393197242086299
0.0021886202307296247,0.0018216018596240629,0.0014849325139803982
0.002338504459171958,0.0021709898054678625,0.0004579233355328137
0.002688050508389382,0.0022789195706535113,-1.6943584866823166e-06
0.002742686371449676,0.00181215588762505,-0.000457641478571802
0.002722182931634807,0.0016215988394756178,-0.003196038497080597
0.0030122569782766975,0.000818698768095567,-0.009806684741123565
0.0032769315160931936,0.0003890941722369892,-0.013767277754948471
0.003046823756501243,0.0007742977137698389,-0.008081123057315938
0.002967818760700287,0.0009557708132890776,-0.004700266762350198
0.002630064507636682,0.001226420306029639,-0.0012026225544435364
0.0025552792511870643,0.001474492476613841,-0.00011865567316951322
0.0025174794166356873,0.0017860653129546824,6.542107784805452e-05
0.002535673184181423,0.0016215066698998996,0.0007443908189941433
0.002528249204459191,0.0016275173709466098,0.004684387295527389
0.002884998046124618,0.0010752178588496477,0.009963506973748999
0.006905599090667434,-0.0011052324995230003,0.006942029175013102
0.012085487509763463,-0.006250971413931005,0.003279775991097143
0.01572147495821091,-0.013297015048705365,-0.00023990964797086952
0.017506061813694396,-0.0196889577588852,-0.004277195060158397
0.017704867147219472,-0.020461773530754075,-0.011204244251710066
0.015215036491021927,-0.010777327199400399,-0.007039085216413826
0.012426160946851224,-0.002687361156732936,-0.0016097046248147943
0.008426516722855094,0.0008667949288293014,0.0003261597416528266
0.0037805779672664243,0.002768107175908412,0.0009150016657333682
0.0035051995849310377,0.00564367966595512,0.0010640318698059324
0.00447824763051589,0.007130280049546421,0.0010314586657130486
0.004890238714706491,0.007401291891855045,0.000692045525973249
0.005098498325855789,0.007599014147300398,0.0005671571791485469
0.004843929967184304,0.007041202080615341,0.0007775227149638086
0.003881475385885447,0.005507179050875304,0.0018593711463425306
0.002818796178261061,0.003636601173882898,0.00577399882567391
0.0023364438495021627,0.0032488097251885096,0.015404369318286822
0.0021960339220598647,0.00371712705016552,0.027021932313010158
0.002096689016081554,0.0042329774412134475,0.03828155561507373
0.0022606645912785295,0.003335024120859342,0.04127367031292852
0.0022914685571639453,0.003229209753146337,0.035837552707871714
0.002241852714536458,0.002939712231755597,0.030265549569328615
0.0021336045734106847,0.002718778841510588,0.02457751844662416
0.0022434675525622714,0.003480120446944991,0.01371401897501718
0.0025077991866288476,0.005471777687221253,0.0044834110740892795
0.0028293287153991586,0.005731071316790854,0.002093682860570171
0.003076926436522205,0.0063691067177269025,0.001947294599248473
0.002980190978823757,0.006085609921627467,0.0018322750636374657
0.0025474680676665635,0.005907185379535054,0.0012244804600224264
0.0019339462701039205,0.005839102199552046,0.0011157585945981987
0.0008444167403191515,0.007960190541232816,-0.001988736306030523
8.857105412953572e-05,0.010185421340344286,-0.007084877204341736
-0.0009429023194353274,0.013292625449287564,-0.010679367819398343
0.002476172168172183,0.0009019673329423996,0.0033601433987874383
0.0022801874810652093,0.0013612408185732408,0.0006350906715639695
0.00188762007314143,0.002340550287877724,6.979324241871054e-05
0.00099493511607973,0.004948903741602971,-0.0010956576034483402
-0.0002444807638112415,0.007949317456769087,-0.005986173956384374
-0.0009064319095771106,0.00923271480182867,-0.01111602268495915
-0.0011826405479462454,0.010343545832014366,-0.016813391676956953
-0.0009715487587241219,0.010050793518309138,-0.01941880697146234
-0.0004823944106339826,0.008028590648612983,-0.01984752432459352
-0.0007392369459931522,0.007029994006247861,-0.03012445069327193
-0.0006756613348537252,0.004993753756778393,-0.03906274059353221
-0.0001185734369624225,0.002855246401579379,-0.04444396052018912
0.00012095283728296676,0.0015174599813487172,-0.06300157304403295
0.000597304273178493,0.0009133404980802566,-0.0580296865753497
0.001231087026391966,0.000854882228403477,-0.03822510211806445
0.001563348752656217,0.0008330629696951547,-0.0187872747567859
0.0016895968411879331,0.0009947077508024084,-0.010832357851997347
0.0021442114988166902,0.0012209687755120192,-0.0024927570423033635
0.0025379922474221225,0.0013823224740264915,0.0026253908649201203
0.0032383266326131903,0.001147130677068139,0.006685639787800487
0.003814367663383456,0.0004793749192200507,0.0036758660413360933
0.004199538515429904,-0.0005697764307358416,0.0006441709505984826
0.004307367805266786,-0.0006904836891079132,-0.0008558333390642902
0.004012362632622533,-0.0002632501562410163,-0.0009539448200484215
0.003283250419312453,0.00055604573556852,-0.0008094698916242071
0.0029212076653651565,0.0010277481898057599,-0.00018023981215826038
0.003090093256144126,0.001442910431181757,0.0007325923755277634
0.0032576326734919565,0.00177762410927248,0.0006912970087289956
0.0029379195606511993,0.002199045969938525,0.0008538111953395183
0.002339352059488129,0.002105164036388872,0.001308670651473153
0.0014253793251139263,0.0022502304445605305,0.001561739291485282
0.0006414099959967921,0.0026511833707779054,0.0034279789621440957
0.00042717694806815326,0.003097367806697903,0.013056455728591876
0.0007943395418535115,0.0032886820399148173,0.03352087056189522
0.0012855100809654606,0.0039438001803406945,0.04892021488351711
0.0022508181120512406,0.004577103044299209,0.05147415320271673
0.002921176667514234,0.004305358298406662,0.03808267538581847
0.003801457873371884,0.003730014134783688,0.01368301607046429
0.005023134315926414,0.00291368201768164,0.0043799114496336795
0.006758846120306114,0.0025110401632655235,0.0027186569084282934
0.008214488978255876,0.0020076521567196667,0.0026221834338417144
0.00823272363336175,0.0011943229028482983,0.00412806041549005
0.0055012459398002984,0.00022557859206756434,0.007512486519704662
0.003455959712896445,-0.0006763487078048994,0.006776567014992027
0.002210177493882193,-0.0012923997483270983,0.0011112802778424176
0.0027751560381976863,-0.0011274584780371804,-0.005088452430078118
0.004468972803314122,-0.00046883268314176345,-0.0037178157875217555
0.006745997226190926,-0.00016056196936397335,-0.003935648151265804
0.006612395897772317,0.0007046902740693967,-0.004397278577630269
0.0048011627570581274,0.0014893661923518044,-0.003112982096656355
0.0036027469688595312,0.00279234886292343,-0.004435215566605399
0.002735924573630504,0.004704226290667195,-0.00886122094919244
0.0020066419931233643,0.007873521598668992,-0.01534824247188129
0.0020408458425527787,0.006562366327002277,-0.00851441955089102
0.0016426412640170543,0.004701845371070816,-0.002781726053277242
0.00163872910666242,0.00284797164007406,0.00012717944298794908
0.0019699979410250875,0.0017110722813026469,0.0011255917053404193
0.0021401415898091463,0.000707423859502322,0.0017685406138253405
0.0013130350987521015,0.0003300597574350304,0.0006715832897421658
0.001970970151499977,-0.0005943640020517702,0.001365778442373121
0.0025921780447303003,-0.0020711460317743634,0.0013603227290909592
0.0034279551231487454,-0.0037582691674685987,0.002428828061556419
0.0037004492848123206,-0.004062020647160391,0.004052938945496629
0.003305676382278149,-0.002115846495159477,0.008049373543152978
0.0031994470895666117,-4.137555266452579e-05,0.012223438818447242
0.0030793444070317155,0.0019788851271348657,0.015172010009691705
0.0026134051991396914,0.004366703383720441,0.012851701405551415
0.0017739536908877764,0.008541537089591617,0.00756696290159207
0.000949809973225659,0.013707113135258438,0.004569181152438551
0.00018642482774404892,0.018182081128585922,0.0032220025005672043
4.910781810663366e-05,0.01672138693109766,0.0026453494048638043
0.00048316887030984716,0.010828815748873092,0.003911208441612482
0.0011546484355162343,0.005459285243554659,0.00579163149010036
0.0021670496527101805,0.0021600744010214796,0.008007876720699988
0.0026105848666598684,0.0006251742912784897,0.012370986390694626
0.002800322829227429,-0.00028751076330351056,0.016532720118449203
0.0026597570105592106,4.0334767966928864e-05,0.01649019261880009
0.002847332672389474,0.0002561372215953969,0.017442138883400946
0.0030378959710313552,0.00025320633165591406,0.023993386744889347
0.0031270600989686823,-0.0004710045540662164,0.034710271522044936
0.0033470751219047295,-0.001203370132180779,0.05587112458954947
0.0038659973210800167,-0.002530988562953837,0.08193472719956796
0.004065857439210751,-0.002363645629393674,0.09909453661838644
0.004500615437108964,-0.0025520130250389367,0.09848458874393512
0.0037808261815209213,-0.001967784592834872,0.08555031978449963
0.0031515674002259857,-0.001185558354779486,0.07670908329932827
0.002966635820186281,-0.0007704545304962297,0.07931739756378325
0.00302029508238375,4.527220660110626e-05,0.07740493640121707
0.0031327177289785556,0.00103106692053026,0.05977175112332268
0.0034140328426437282,0.0012586449158575631,0.04279472036095876
0.002746582061500844,0.0017595013976389531,0.020657566334004663
0.001645894557159603,0.0030845022321997735,0.004067494001390341
0.0006685637899496823,0.007708048317680801,0.00032400692916799
-0.00016206858561933042,0.01665350200823163,0.00018933581164240902
-0.002132209348754601,0.029427135559973498,0.00016586146876774736
-0.0032553749460061373,0.033408691029888714,-0.0006478617158809922
-0.0024384870354866297,0.029162863154815834,-0.00012748066889899944
-0.0012259355656460609,0.021653460168862066,0.0003342176308837815
0.0004200579693974135,0.012627518093005819,-7.470173929942649e-05
0.002412145707932647,0.004798386394367801,-0.0003932001027889125
0.003876398161042932,0.0014248432763809505,-0.0003726211336880754
0.0042178594724559156,0.0004772130839099846,0.00034117464474030744
0.004065179021967741,-0.00013429821547123545,0.0011952291533197325
0.00304999941287796,0.00011872281074557208,0.001992965788090433
0.0023136144341421396,0.0004512764392434276,0.0027895479988862895
0.0012193386979610411,0.0017070329788894478,0.0027713916515730045
-6.623272877369979e-05,0.004739879988071993,-0.0015240513585810108
-0.000996742482688967,0.009470184757996391,-0.009548741554268117
0.002812080625236005,-0.0006422103611220219,0.040013092774775064
0.0033301521098579112,-0.0001829060965402165,0.05115558566740125
0.0031081894987817016,0.0005229576041786518,0.07141943871296368
0.003238689769525769,0.0011574777724488534,0.07122616750923874
0.0036369870647525596,0.0015134690174730598,0.0641813512765158
0.00435813620767933,0.0015358156130429524,0.06045721057744818
0.0043235294887677194,0.001430273504980819,0.03991516022773992
0.003977733986344219,0.0011141654797679995,0.014410468983221673
0.003730255360612687,0.0009089727585067561,0.006329017639812608
0.0035000349827421662,0.0009761032095124723,0.005513669564330369
0.00320554225402064,0.001022146393067842,0.004748062520877584
0.0028537756536885068,0.0013812786581822013,0.006574369990603987
0.0025902715059209665,0.0018313866297466623,0.009038884622837412
0.0027812594997183243,0.002134175080174828,0.006601827327270404
0.0030156433137904,0.001930711224358029,0.004694799463608809
0.003084612164001917,0.0013287555409203892,0.003272918568197204
0.0029389079536640333,-1.0121493236742436e-06,0.0016389721242858046
0.003061919896707764,-0.0010241640031838294,0.0008107940043502905
0.003735555277153261,-0.002372980882308405,0.0009010132343823272
0.004792165317050208,-0.004244995678510748,0.0006637540333970308
0.005528693222133998,-0.006549972442553374,0.0002587814921595196
0.005711434420617539,-0.007479730942499339,-6.884632310538348e-05
-0.0077441940799061445,0.02985418349361944,-0.14295637804405162
-0.00635840071015275,0.022331263131503146,-0.14530511127382734
-0.003910718401166549,0.013104844075795413,-0.13372679009791238
-0.0013284809792039993,0.0056618444704621225,-0.11967570057131006
0.0015622971619503373,-0.00010091920058750719,-0.09527090399920952
0.002669367704664826,-0.0010004158584403459,-0.05732780672124595
0.002309541048280678,-0.0003505542259516035,-0.04218755739386605
0.0015139073172168098,0.0007242894637022718,-0.03831443008304868
0.0005803289500193755,0.002344847697131009,-0.04644342931931024
-9.231150526175665e-05,0.004594271520272602,-0.051870126367488445
-0.0009742010492302696,0.006647664193639632,-0.07188984216640923
-0.0017844265086015916,0.00956406069916481,-0.0878442677255554
-0.002709223398219231,0.013260141698117333,-0.10035351718591841
-0.003075242077195485,0.01628115233280474,-0.09239247922265552
-0.0030666540422020997,0.014901488406181948,-0.0720891378718886
-0.0022510533669805374,0.013174453284864494,-0.06137938259987306
-0.0006288522873153095,0.00928477046871767,-0.0497591986769586
0.0007664803276770308,0.006041945352094383,-0.03870463572308294
0.0015837399425134484,0.0038951626656041727,-0.03719077476420666
0.0019149464020811072,0.0026283625548497486,-0.05231949655139868
0.002272857539011859,0.0014837189804107294,-0.04038236837393085
0.002085165546614436,0.0012245845382840368,-0.02799101000169829
0.0017438348034184803,0.0011788530290885062,-0.020165389086195213
0.001332015824793238,0.0012895228025357323,-0.016447351742497493
0.00124374642557234,0.0015559762669830664,-0.009136911203139874
0.0010400754076822514,0.002240063472243644,-0.006381768956255451
0.0011755427851731384,0.0027062922874685714,-0.0028459561336215623
0.001656824448651461,0.0030035258097263233,-0.00014187071727969028
0.0019197948689694887,0.0025460107463290975,-1.7670439772380623e-05
0.0017584499402922642,0.0016336378964135485,-0.001095184602618574
0.0016565915570561501,0.000816805151264436,-0.011775648838502666
0.0013180597835149247,0.00017433379531557185,-0.05837850267708946
0.0011066389047372947,-0.0006945393777344195,-0.11171542574190631
0.0019065712676090607,-0.00229124438441434,-0.1415327947362808
0.002849444331396376,-0.003235552885733268,-0.14237453651844367
0.0031388399029797847,-0.0024817112685771936,-0.11363488998574933
0.002620941323368416,-0.001248423568527798,-0.0743463213649185
0.0022685077133008697,3.988719814688712e-05,-0.03737546183652797
0.002196791378210371,0.0018477133848757777,-0.009569926837660453
0.002321600651431124,0.003684220595665191,-0.004065044343146652
0.002183414553370041,0.0060987858798281286,-0.005726745066161943
0.0018739685460780805,0.006376053759206002,-0.01216714891872164
0.0013537518570517907,0.007227506786398239,-0.028422991667154694
-0.00019049919875817147,0.009773433241048336,-0.07627923457418678
-0.00212579799142528,0.011932669249451387,-0.12257415178881817
-0.003171131674587392,0.013420474717122577,-0.15412950906784448
-0.0033338262052524876,0.01587201270069542,-0.15765752549804735
-0.003265650314166482,0.017497534107513417,-0.14764363446751197
-0.0015578701052208605,0.012899206974957568,-0.10825242521603537
5.478720681703188e-05,0.006989242003711513,-0.047722169072943015
0.0015697688998539546,0.0022152860570425026,-0.006371068607636507
0.003570987036524902,0.0008315022850314513,0.0004160555183320751
0.004943483533628577,0.0005009297618226555,0.0022099079312155284
0.004672771895042139,0.0007545571959511464,0.003666078923322618
0.0038285987970332423,0.000745953453795403,0.004335044689413362
0.0031762878873362404,0.000982907229929226,0.007159551374281376
0.002618518844202817,0.001178213824094227,0.010537686941555541
0.0022704724666364803,0.001414180937931714,0.014312138082506311
0.002153057603311181,0.001755842686003867,0.01637697388035247
0.001958358824140656,0.002446387202458936,0.011630003745475744
0.0019257620751190923,0.002687394726350627,0.004389987731300628
0.001970990039721805,0.0032082285448044685,0.0006015025778025908
0.001456496763151338,0.004329369871892686,-0.0017169139779878537
0.0008875728783249572,0.005336511898866469,-0.008833249333695812
0.0014743189177523835,0.005155005260707754,-0.007829238755148599
0.00226973223100185,0.003377989559619261,-0.0032177704672178105
0.0023887103995030804,0.00242229683593807,-0.0009353852655837898
0.0022845979766722485,0.0012262661781728985,0.0005161867351392877
0.001842723116237445,0.0008608936775214963,0.0011449361887737783
0.0013412842691108019,0.0013864246165078249,0.0010769742663912737
0.0006271761295332229,0.0023646814057462166,-0.0003301964216775628
0.0003465815312667106,0.00274882836668616,-0.006919027269711065
0.00048776209864675915,0.0020198500311269145,-0.01594602796806306
0.001555246767232979,-0.0005763490044817754,-0.02543674745745928
0.0033155242621425904,-0.0037108827470755156,-0.036381552554105474
0.003667752535946718,-0.004017500367336135,-0.032160013846978516
0.004329409782258702,-0.0038237206048339916,-0.021070795617974085
0.004721330534194464,-0.003683988661402432,-0.027240009251831163
0.004567709632241008,-0.00266854902973683,-0.030903354988313397
0.004564295872592906,-0.0012501127187989787,-0.03376559640985728
0.004953059803137607,-0.0011847561807795978,-0.04294292861450612
0.004151156305101729,-0.0014155285158921266,-0.05177547425807856
0.0038735752328112978,-0.0009852897141551496,-0.02622362719358882
0.0034174590511668822,-0.0007473560334385318,-0.0070567682768866175
0.0035052309720658113,-0.0004249866106357129,-0.001005354184448061
0.0036309255635486007,0.00039091147027304373,-8.050862543585988e-05
0.003413017041364301,0.0010139551681644144,0.0003811410295781728
0.0029891495993378285,0.00022302768613224763,0.0015031165979338215
0.0029969195858346636,-0.0005042430852550245,0.003911904910794189
0.0034985028316066235,-0.001754753017013993,0.005852011834174836
0.0036470025682100956,-0.003118197271203013,0.0055050383141283
0.003811796249368914,-0.0035170565651140044,0.003940082993907879
0.002768196418199655,-0.0011139292483157701,0.0032002917739873083
0.0019857213112104526,0.0009211825762587178,0.0024676737601109083
0.001630572399970982,0.0041018040263025345,0.0019827497058763984
0.0010851549088404713,0.009818033145198643,0.002843761941532302
3.4068684971941126e-05,0.015535257296019782,0.002092211199751124
-1.5581312331006712e-05,0.01614769541695578,-0.0020900285161049455
0.00015349908491579372,0.014243102986036576,-0.013669861047816461
0.00039464571314927076,0.009399696193218544,-0.036420840146758365
-0.00013454457177118818,0.005372186150357769,-0.09533283731868931
0.0006458964912064783,0.001524442837169516,-0.136892110672707
0.0014288976020908443,-0.0005154254833993011,-0.1661098591176938
0.002055369373540255,-0.0016684989189088718,-0.16909517539627383
0.0017223808021145438,-0.0011775130129454256,-0.1736071547963687
0.0012888262024370102,0.0012391573166164527,-0.1319814840118714
0.0005492773217076139,0.004782190926609511,-0.07755409612197013
0.0011301602388571197,0.0069375346853339116,-0.0291541299661817
0.001618352493567605,0.00888531201202819,-0.006913472429874552
0.0021361903181273453,0.01138539719644038,-0.0001878611904789011
0.002770597051939209,0.012606481164847678,-8.707905240061085e-05
0.0037790313366091264,0.006691505689266641,-0.0001909197623198249
0.0038422613925980786,0.0031357789830907873,-0.00014817056167821125
0.0039087581587844,0.0016745751733186853,0.00028819128096729243
0.004035694506102839,0.00026951259168151755,0.0008681550918214968
0.004083394391316909,-0.002476089212118833,0.0006386902251474366
0.0037459905653074482,-0.0031524002080035407,-0.0003438674349600929
0.0037241809290208525,-0.0031103183160473406,-0.0023106890145287605
0.0034317870697579203,-0.0020199889153957834,-0.007350921333480699
0.002851699475369014,-0.000692457340064053,-0.016359352378023106
0.002558743484055628,0.0007448781845406678,-0.02023219725227908
0.002272780269153967,0.001518121398731635,-0.02540665890128345
0.002336288988731783,0.0028551831148147864,-0.0334476302178304
0.0024794368738930038,0.00418746175252935,-0.03820303540425592
0.0024821316017462677,0.004376076469254418,-0.04525972934058423
0.002600807946091202,0.003394051931833802,-0.021379531141518793
0.002700968836662221,0.002072123106131734,-0.005593811136796124
0.0027967278261242083,0.0013057863851552254,-0.00046543750505006153
0.002830800213585605,0.0011923834672713982,-1.1820231518198683e-06
0.0033392232915882562,0.0013858459963484748,6.987935842892861e-05
0.0033599008492350454,0.0015060905920048395,6.430805729395035e-05
0.0009905353178981148,0.005762938995907559,0.00044127230481906993
0.0017667068964519735,0.00263547104484794,0.0010147689465485684
0.002424183692984751,0.0016246389688463444,0.0036793212154027136
0.0029683306204121677,0.0008531718195254222,0.014471765051815112
0.0031278023951327085,0.00019327226262574656,0.033491504724509215
0.0029723203110726187,4.7947332690770766e-05,0.04985562726557201
0.002261648565259435,0.0003612995185576668,0.06005874347492278
0.0010225276227056673,0.0007314071493976982,0.05725600438534464
-0.00048047036773765184,0.001326210810576908,0.0330733216912942
-0.0003581629967318673,0.00282660749280287,0.019106653224509773
0.0005385147335289593,0.0022759378902064836,0.01098492819403357
0.0018810000102186437,0.0006838329272090563,0.0023386975711457833
0.00306150604866072,-7.717203669520284e-05,0.0004255798546241911
0.0035087818621960176,-0.0010400661389489336,0.0009865324872753896
0.003583456388043097,-0.0027812072744346854,0.0017369111687516728
0.0038425545980780287,-0.0033557571754058027,0.002999769553577837
0.002886247215807891,-0.0010404201342516127,0.005619250253480327
0.0020408620048892913,0.00039076178775173645,0.009547355785582889
0.0003338391045400478,0.002152440941819465,0.01198082583229249
-0.002665723576065431,0.008307622288505059,0.013958074118229484
-0.0045268191185965255,0.014166738478820502,0.015622700445258743
-0.00531502884090593,0.01639400188007331,0.014440708789613517
-0.0047804486599965475,0.014287383907073249,0.01533562015445201
-0.002667405825417886,0.00894170189494507,0.0234524383942016
-0.0001759042534129316,0.003954927381508277,0.031776004658154104
0.001985857639806686,0.0020001107896714717,0.04004580453746319
0.002721943145009716,0.0010018131388052412,0.04271883136665582
0.0028792270623635356,0.0007484737926745836,0.03203643291038306
0.0027992937033916227,0.0005991466065254389,0.007757275703419528
0.0026028481069671375,0.001034430575500391,-0.0009975779408621652
0.0014875045559789044,0.002618668488402356,-0.015709006658976718
0.0007398113716552201,0.004323196202980189,-0.03629495018572126
0.0012006716753309907,0.00440478178930628,-0.01793909475110348
0.0015726122555162873,0.004468954147144215,-0.0006206634087948303
0.0012767438240192481,0.0037975599305502166,0.003415112481145543
0.0011506883628880514,0.003548673542422267,0.01711549432789501
0.0011017562186098403,0.004049509416340872,0.03891225231038375
0.0014142502739682363,0.004432784966206489,0.0394799254489162
0.0021557358599175974,0.0036559297894819564,0.03094456777887699
0.002163895233894554,0.003666180063700342,0.01570260431469485
0.0017884598366266079,0.004428670204184178,0.00414782893566233
0.0013014137340586905,0.006655785404755922,0.00042279730248961884
0.000594206252822537,0.009902870668750317,-0.0042429011344185166
-0.0011739221405067698,0.013493791968968683,-0.0178086163038566
-0.0020633596063866417,0.015979534056393605,-0.023711550182722866
-0.0024128425468061786,0.016267154722352132,-0.021998611577334508
-0.0012867694413755597,0.013101588185977899,-0.009541285288629785
0.0007331682113977221,0.006721778290939048,0.0013208067459289424
0.0004934172599734604,0.009743091136568066,0.0014687788985017828
0.00026343023631503936,0.011021296617785012,0.001902429218547626
0.00016086706920127622,0.010720635258024854,0.0023424750710554216
0.0003783567891809627,0.010748279685357126,0.002185847486419139
0.0014706446917609642,0.0067166001572321905,0.0026529670901906197
0.0017134075446999075,0.004174173279909549,0.003031661296260419
0.0015797433798837924,0.0054435606731648685,0.0019229401864434643
0.0012507350892523585,0.009983043495907099,0.0011145603256615079
0.0012633514458065803,0.01730506008631681,0.0012605580126887
0.0009937591267769428,0.02763809038413963,0.0010860583187247068
0.00037423512913223745,0.03382861313521029,0.0015451445462316667
2.0792614103544346e-05,0.029965647659580655,0.002683572030239981
-6.801848437706917e-05,0.024309725947057652,0.004271826470972201
0.00165931088245504,0.005587533068356305,0.0006681107015831445
0.0017968852304265934,0.00435406132934659,0.0006796836164846126
0.001978007632874684,0.0028668613802672474,0.0006831876984366072
0.0024353164509514627,0.0020333691740980443,0.0005723614029418615
0.0027693771909633605,0.0015587548212162665,0.00032536990284875403
0.002538736518820792,0.0012189153218084782,0.000143003176153982
0.0024567863654246127,0.0010424241464412187,0.00010602668530122507
0.0027900506514463713,0.0011538601017649429,0.00010714876032689716
0.003203186889922383,0.0009598634502073877,-3.8133923508077935e-05
0.0030587637749114353,-4.9350236475475425e-05,-0.00047523736128401577
0.002818003198298233,-0.0005663707792265634,-0.00025476974356197454
0.0026740543149134936,-0.0005275241259045066,7.113765303244909e-05
0.002854883421728911,-0.0005386065874642658,0.0006093858856939018
0.0031902650818674,-0.0006177858352116507,0.0015404473272229598
0.0032760844680898007,-4.14901186499158e-05,0.0014049256796400294
0.0026098275552825082,0.0007538645280208535,0.0009451450456689665
0.002738440892977767,0.0009626205156876149,0.0008648556320236423
0.0027066998680219264,0.0010844111872595462,0.0014891436689983579
0.003224709715852454,0.0012069454394857658,0.0033836261779119294
0.003660391288809427,0.0008224291845550266,0.007042511030569733
0.00372758218948137,0.000426712723228957,0.007946209962570555
0.0034971575508195908,0.0008458956781110978,0.00756020242764773
0.0028818013555247865,0.0008902411396479595,0.0038569578550744174
0.0018869953619068231,0.001686359365894217,-0.0016049820549744627
0.0018112539058760767,0.002874629402649062,-0.006567429612764682
0.0017467686504133494,0.0036323504364986856,-0.01618817510902613
0.001338812342965073,0.0034678258311599806,-0.029020567268494554
0.0009534759325876516,0.0028448308091154864,-0.035002547986159024
0.0002668105387434514,0.0028974267410460317,-0.036645870914040826
-0.0013203816045393997,0.0034567803512807185,-0.04455445231653935
-0.0031449378704210404,0.004974648358858391,-0.04241048745173654
-0.00396100362887222,0.00540425717044662,-0.03124722795350689
-0.005044414345172134,0.009939966855944457,-0.024115587856643913
-0.005630546452962154,0.014755316208571805,-0.01666807373251013
-0.004913465900795722,0.01597518511035185,-0.003136995188011554
-0.0038640209846467614,0.014581121960765794,0.006917928703486024
-0.0027656026097322385,0.013965870589542514,0.013192544041053394
-0.000465065479309139,0.008384203944441535,0.020250698795361965
0.0012742749101122646,0.00465847214005471,0.034231275092228355
0.002354277063742342,0.0032036213652324994,0.04672468016223046
