names,scores,logfoldchanges,pvals,pvals_adj
LINC02167,32.17397,26.668306,4.0824590370060006e-227,1.553744237179884e-226
AC010542.3,15.371099,25.401318,2.557919655352634e-53,6.924133048177037e-53
AC108488.2,14.44556,25.288607,2.673725274273305e-47,7.088804753931649e-47
AC090796.1,11.346796,25.19062,7.693013365196794e-30,1.8812080546063377e-29
PAX3,6.647515,23.793968,2.980833015631574e-11,6.282492252630104e-11
AC064834.1,144.13393,14.7283945,0.0,0.0
AL365273.2,39.79943,14.491671,0.0,0.0
AP000311.1,87.35297,14.051401,0.0,0.0
LINC02428,112.24954,13.895264,0.0,0.0
CASP14,20.654398,13.798116,8.912490154007758e-95,2.7233633510745973e-94
FP671120.1,257.6284,13.740941,0.0,0.0
CDH9,71.58809,13.733842,0.0,0.0
AP003086.2,60.82414,13.720758,0.0,0.0
PANCR,15.213587,13.360028,2.873571252728255e-52,7.753706057480388e-52
XACT,145.99622,13.25543,0.0,0.0
AC104823.1,47.41422,13.231619,0.0,0.0
AL139023.1,46.497356,13.166427,0.0,0.0
AC027644.4,125.898796,13.0638075,0.0,0.0
AC010983.1,54.871567,12.986509,0.0,0.0
AL117329.1,57.658638,12.930147,0.0,0.0
LINC01804,27.515203,12.785149,1.1549567747336848e-166,4.0500977981101666e-166
FP236383.1,253.32475,12.755833,0.0,0.0
AC112178.1,12.269167,12.131788,1.3261021309229963e-34,3.325955149155434e-34
AC006978.2,79.63191,12.026128,0.0,0.0
AP000282.1,15.119485,11.910193,1.2048051393986255e-51,3.244086419845118e-51
AC093821.1,23.504606,11.872986,3.65947220055385e-122,1.1842653598066322e-121
AC093152.1,32.57493,11.818723,9.29144304361946e-233,3.5587070438143016e-232
AP002075.1,70.015144,11.815495,0.0,0.0
AC022973.2,24.211615,11.798727,1.678714575347985e-129,5.511723527910385e-129
LINC01518,34.85378,11.743846,3.732037886702216e-266,1.4844703501389607e-265
AL021937.3,11.434602,11.704491,2.808231974843795e-30,6.888204187817698e-30
AC068234.1,56.556515,11.6267,0.0,0.0
AL138752.2,62.24891,11.577959,0.0,0.0
AC025576.2,8.055559,11.57106,7.911606534006294e-16,1.7496423346753977e-15
AL133467.2,10.21859,11.551315,1.6370541640343818e-24,3.87295381060209e-24
LINC02471,22.687502,11.507149,5.952485724851482e-114,1.9002908481606946e-113
AC090568.2,55.060047,11.444127,0.0,0.0
AC022387.1,8.423728,11.426305,3.6469068955822875e-17,8.17281328273089e-17
AC026316.5,7.850037,11.395392,4.15913867733229e-15,9.145831047853343e-15
LINC00355,27.128685,11.352738,4.518803249360209e-162,1.573773557655466e-161
AL078581.3,11.98884,11.344478,4.0655793137829355e-33,1.012879078174387e-32
MIR4713HG,83.23226,11.320657,0.0,0.0
GPR75-ASB3,48.64281,11.310749,0.0,0.0
AP000943.3,30.736256,11.301137,1.8665484502055582e-207,6.943710724939549e-207
AL136234.1,49.407825,11.293579,0.0,0.0
COL19A1,154.30466,11.190394,0.0,0.0
AC004870.3,38.859062,11.184882,0.0,0.0
AC109454.3,34.921753,11.160924,3.47660027830605e-267,1.3837984393904521e-266
C1QTNF3-AMACR,102.90901,11.127519,0.0,0.0
AC009690.1,61.376057,11.104762,0.0,0.0
AC022784.6,37.116753,11.093331,1.5081278798753638e-301,6.2173692995559816e-301
AC114316.2,17.765333,11.053242,1.3115888335387933e-70,3.759947408445837e-70
AC084337.2,19.827599,10.958559,1.720585456265644e-87,5.155645715223183e-87
AP001610.1,9.622195,10.951471,6.44409119491785e-22,1.5006230816648854e-21
GRIK3,45.87155,10.925519,0.0,0.0
AL365255.1,14.330681,10.92192,1.4073440206865758e-46,3.7199130800997655e-46
AL357507.1,254.62737,10.891438,0.0,0.0
AC004076.1,33.98117,10.826213,4.227193292361463e-253,1.6619493798886167e-252
AC005208.1,39.64703,10.744597,0.0,0.0
LINC02267,78.60974,10.714526,0.0,0.0
AC019068.1,15.671408,10.696888,2.3726642388836084e-55,6.474889102137784e-55
AC073896.1,15.290076,10.682491,8.904534651008235e-53,2.4066530134017317e-52
AC008537.1,29.225769,10.617838,9.126750684154288e-188,3.307719043974916e-187
AL353593.3,24.4776,10.544023,2.5588230003111054e-132,8.456859899181527e-132
AC099792.1,7.3210115,10.490209,2.4610823985091944e-13,5.319555206263835e-13
LINC01192,7.0950804,10.486036,1.2927653747771915e-12,2.770948792710348e-12
NR1H4,91.759926,10.483814,0.0,0.0
AC025283.3,37.786854,10.4456415,0.0,0.0
AL139393.1,67.98679,10.405573,0.0,0.0
AC097347.1,19.237207,10.3915615,1.8068155121273804e-82,5.343006416294967e-82
MARCOL,24.292006,10.340968,2.3813746217873142e-130,7.83881312912489e-130
AL355303.1,7.1880326,10.316863,6.573148411003032e-13,1.4131120601115285e-12
CASR,39.972347,10.280305,0.0,0.0
LINC01845,11.038543,10.233349,2.490383137769894e-28,6.03834584599269e-28
SLC17A1,8.414293,10.204552,3.9527042203187856e-17,8.853409862410022e-17
AL132671.2,9.406298,10.19585,5.139219968871445e-21,1.1898170574737262e-20
C6orf10,9.965647,10.170938,2.154665878105953e-23,5.063044750574425e-23
PTPN5,31.372293,10.152878,4.8318503226018054e-216,1.8169430794146354e-215
AC007326.4,42.33688,10.104568,0.0,0.0
AL110118.2,11.00473,10.099957,3.6260083752517935e-28,8.779602108985362e-28
OPN5,33.518635,10.090621,2.579881251147088e-246,1.0049319792424946e-245
SLC36A2,20.029396,10.07631,3.053394541118048e-89,9.198810528383592e-89
SOD2-1,24.471752,10.071406,2.953279830478497e-132,9.758347699902653e-132
TIMD4,44.810654,10.051238,0.0,0.0
CHURC1-FNTB,40.012318,9.998746,0.0,0.0
RDH8,15.015544,9.998202,5.808343231681356e-51,1.5599852262987761e-50
LINC02405,14.995402,9.982314,7.868393655014111e-51,2.11211403174772e-50
LINC01606,78.09583,9.946217,0.0,0.0
NKX2-1,10.55975,9.942478,4.578810099869625e-26,1.0938618416725995e-25
FP700111.1,62.508858,9.928049,0.0,0.0
AC011483.1,30.06607,9.91139,1.3461953509468144e-198,4.948730077612278e-198
AC105402.3,44.02634,9.904589,0.0,0.0
LINC01317,12.5274105,9.812693,5.2860505635926356e-36,1.334733417211548e-35
AL356277.3,116.45195,9.798784,0.0,0.0
AL139158.2,10.238573,9.797268,1.3318602293695526e-24,3.1524392892980833e-24
AL049650.1,10.783682,9.777307,4.110961068988887e-27,9.890555676001452e-27
RNASE10,8.71885,9.764415,2.810415122167799e-18,6.3599937587259645e-18
PKHD1,213.98395,9.745594,0.0,0.0
AL023755.1,61.63345,9.7274885,0.0,0.0
KCNQ2,110.50124,9.7240305,0.0,0.0
SLC5A4-AS1,69.61231,9.712673,0.0,0.0
AL845331.2,9.619812,9.711669,6.595144406957782e-22,1.5356774510129576e-21
AC012435.2,15.770516,9.64989,4.96420279715918e-56,1.3574674377267395e-55
AP000924.1,8.176811,9.635171,2.914534281165954e-16,6.473576331164394e-16
SLC1A6,30.118784,9.634141,2.7505479090473864e-199,1.0121330810488388e-198
AC005064.1,13.241155,9.6209545,5.076201818075153e-40,1.304841919287598e-39
OPCML,23.444128,9.619632,1.5174240982960972e-121,4.905258196243432e-121
AC068722.1,15.601472,9.617379,7.113541244742019e-55,1.9382069842889076e-54
AC090541.1,19.42575,9.6111555,4.675029564380541e-84,1.3881711718065093e-83
AC015660.3,26.008394,9.598249,3.979737420565636e-149,1.3586317460035056e-148
AL359710.1,45.6409,9.56515,0.0,0.0
DSCAM-AS1,11.620185,9.5590105,3.254309795887603e-31,8.026373362779663e-31
LINC01748,33.677044,9.531925,1.2536143981510433e-248,4.90126217097846e-248
AC019211.1,24.286448,9.523642,2.7261985330650774e-130,8.971875925711772e-130
APELA,24.471886,9.503127,2.943704800429118e-132,9.7277979808272e-132
SNAP25-AS1,79.199776,9.48826,0.0,0.0
AC011477.4,19.754904,9.466987,7.2794246743162465e-87,2.1774859261807006e-86
LINC02163,10.990143,9.452318,4.262506625217342e-28,1.0314825915157592e-27
FO393400.1,16.88901,9.450341,5.420582801899478e-64,1.520997815850357e-63
LINC01362,27.740114,9.445515,2.2931739649299088e-169,8.076019938506882e-169
MIR2052HG,22.98361,9.436298,6.799500179347541e-117,2.1784663154620036e-116
AC019197.1,77.07744,9.404222,0.0,0.0
LINC01169,14.793659,9.371574,1.609587652009201e-49,4.3006807241975844e-49
LINC02582,7.2576447,9.370178,3.93888997267293e-13,8.493896662263154e-13
CCR3,26.084549,9.355497,5.459201352926215e-150,1.8662909927287698e-149
HAVCR1,94.51287,9.34298,0.0,0.0
POU6F2,36.626442,9.335734,1.0855132048271599e-293,4.4379350600229867e-293
AC068533.4,31.91341,9.303998,1.7398861685316162e-223,6.5963331052431154e-223
AL354993.2,15.216132,9.243442,2.7639752008154826e-52,7.458666515588157e-52
LINC02100,21.220036,9.241751,6.23767736501455e-100,1.9293873739277224e-99
AC133919.2,21.405863,9.229413,1.1782205492115215e-101,3.660093921545995e-101
PDCL2,21.492212,9.224413,1.841246779704795e-102,5.733630433900939e-102
FAM196B,7.686701,9.22118,1.5097751664773177e-14,3.302004196865293e-14
AL591926.2,20.074589,9.206896,1.2309608787820677e-89,3.711863039970842e-89
AC008691.1,55.165104,9.175753,0.0,0.0
AC093772.1,20.86316,9.159015,1.1576789479191681e-96,3.5536652112321245e-96
AL356270.1,25.665573,9.118717,2.8336991116530346e-145,9.607248538130208e-145
TACR3,43.59388,9.112799,0.0,0.0
AP002884.3,18.044598,9.104351,8.699435765464042e-73,2.507019987841838e-72
AC106798.1,15.425408,9.100557,1.1045462101683205e-53,2.992133711243969e-53
TBX15,176.62457,9.087167,0.0,0.0
AC011997.1,54.979027,9.085592,0.0,0.0
AC099329.1,53.68359,9.077788,0.0,0.0
NEURL1,91.522125,9.066248,0.0,0.0
AC007163.1,13.594502,9.053004,4.3168898602110386e-42,1.1202896350472974e-41
AC005237.1,125.926735,9.052477,0.0,0.0
AC005355.1,39.2101,8.993461,0.0,0.0
AC007679.1,11.890765,8.984817,1.3219064885045326e-32,3.2850205003398846e-32
MSLNL,34.197662,8.982692,2.6192481801691425e-256,1.0329380176334774e-255
CATIP-AS2,43.799843,8.960406,0.0,0.0
AL136164.2,84.05311,8.890398,0.0,0.0
LINC02532,200.45103,8.8813,0.0,0.0
AC006030.1,33.630356,8.87628,6.04090515892325e-248,2.358069125485837e-247
VAX2,30.574762,8.874905,2.650863704604482e-205,9.826764398314128e-205
SYS1-DBNDD2,14.93139,8.860368,2.0592904052342715e-50,5.521231674829131e-50
GLYAT,7.6141133,8.849618,2.655076658774127e-14,5.794428625644813e-14
LINC00854,81.02547,8.839457,0.0,0.0
AC018695.2,18.605848,8.809956,2.880940799014248e-77,8.396583280190559e-77
HTR2C,14.919616,8.789362,2.4568534269377673e-50,6.584162056218555e-50
AP003438.1,9.429952,8.788503,4.1027793399028414e-21,9.509071023258057e-21
AP001574.1,38.101418,8.786022,0.0,0.0
AC046195.1,7.6085668,8.777756,2.7715172826655385e-14,6.04586727909532e-14
AC106729.1,23.974648,8.767036,5.113724886359064e-127,1.671000286535168e-126
IL20RB-AS1,21.163528,8.737822,2.0712640408559087e-99,6.398621940210794e-99
AC093766.1,9.01383,8.734786,1.9898349163436333e-19,4.540593855160149e-19
U91328.2,18.156261,8.734727,1.1456734461271439e-73,3.3096983823258225e-73
TRABD2B,137.93689,8.712936,0.0,0.0
ISPD-AS1,12.589065,8.710009,2.4253006354369106e-36,6.132299663023544e-36
AC009229.2,6.709875,8.699052,1.947909601288468e-11,4.115459005941795e-11
RDH10-AS1,103.009476,8.691755,0.0,0.0
AC005154.6,38.322033,8.663214,0.0,0.0
ARG1,17.996162,8.654006,2.0879798335084742e-72,6.011899813134287e-72
AL589669.1,17.932333,8.650119,6.595322371752719e-72,1.8969501279619925e-71
ELMO1-AS1,10.483375,8.641167,1.0300174119523236e-25,2.454520188424154e-25
AL592295.3,21.930702,8.636073,1.323669192243952e-106,4.1640514804478435e-106
GNGT1,197.79654,8.627232,0.0,0.0
LINC-ROR,21.591516,8.626641,2.1581499144952424e-103,6.738228692645856e-103
LINC00970,14.884553,8.62418,4.1525214249955925e-50,1.1122354438106109e-49
LINC01933,29.575802,8.619423,3.060069811706153e-192,1.1156032288849716e-191
SFTA3,7.190163,8.612824,6.471390775689561e-13,1.3915398646043308e-12
AC106037.2,12.462202,8.612076,1.2000985696960496e-35,3.024313941212182e-35
U91319.1,20.412888,8.608461,1.2846854431322195e-92,3.905369686606387e-92
AL136531.2,65.07591,8.606078,0.0,0.0
TRDN-AS1,7.5150466,8.601475,5.689058990734346e-14,1.2379184437136928e-13
AC022146.2,57.273262,8.600016,0.0,0.0
COL4A3,128.49893,8.590667,0.0,0.0
AC092422.1,16.878271,8.589795,6.50212139835472e-64,1.8239540694729257e-63
GK-AS1,27.342047,8.589656,1.3426821409859699e-164,4.69168188655966e-164
AC009554.1,74.535126,8.573183,0.0,0.0
TMEM178B,127.374146,8.572478,0.0,0.0
OPRM1,31.628433,8.570246,1.5014175119070474e-219,5.668950150443052e-219
AL035634.1,21.401825,8.563663,1.2848022701832707e-101,3.990346133625576e-101
RALYL,11.00569,8.528416,3.5876014526992008e-28,8.68803271266257e-28
AC079210.1,31.34905,8.521038,1.0023294969839404e-215,3.767666757374715e-215
AL138720.1,19.450855,8.516369,2.8661193699237195e-84,8.51473893298264e-84
AP002954.1,14.810027,8.511226,1.2618893200807259e-49,3.373186532269742e-49
AC005609.5,16.178734,8.509617,7.1243937769524145e-59,1.969328355643591e-58
AL162718.1,14.177104,8.504918,1.269803934584321e-45,3.340517611427617e-45
HS3ST3A1,137.7383,8.502577,0.0,0.0
AC008050.1,38.97871,8.4987545,0.0,0.0
LINC01825,10.263492,8.486898,1.0291707530660067e-24,2.4385310389183327e-24
A2ML1-AS1,92.498924,8.484173,0.0,0.0
AC091180.5,9.846023,8.475443,7.131054739425965e-23,1.670209759321453e-22
AC074033.1,43.045574,8.468741,0.0,0.0
AC106795.3,37.320343,8.46448,7.678050000157122e-305,3.1728633711816372e-304
AL136418.1,159.3818,8.456228,0.0,0.0
AC017074.1,40.602573,8.443489,0.0,0.0
AC099313.1,6.769227,8.430719,1.2947237588678711e-11,2.7428935073798862e-11
AC022973.3,30.950323,8.425558,2.5152975633016846e-210,9.39023224327418e-210
ITIH6,7.0142922,8.425303,2.3111626440114243e-12,4.9394682548785816e-12
GRIN2D,58.124004,8.423405,0.0,0.0
POTEF,61.025692,8.416958,0.0,0.0
LPA,24.537874,8.407956,5.827013833327557e-133,1.928622713496556e-132
AC074286.1,14.05713,8.405954,6.965457158972107e-45,1.8270558705315894e-44
MAP1LC3C,9.103835,8.405523,8.719690560577765e-20,1.9935929254712094e-19
MIR4300HG,24.20074,8.399065,2.185092088909683e-129,7.170326634681957e-129
AC025211.1,11.038393,8.394311,2.4945455173604485e-28,6.04794163609639e-28
AC010235.1,14.699239,8.38113,6.518818220270699e-49,1.738783326208958e-48
AC104574.2,6.942657,8.380248,3.847928802976795e-12,8.20369197544616e-12
AC111170.1,12.636906,8.372489,1.3215356479311048e-36,3.344040075698845e-36
AC091544.5,11.055703,8.365873,2.0571760083655145e-28,4.992062414909495e-28
LINC01322,33.356148,8.365295,5.933052317875333e-244,2.307732283283174e-243
CYP19A1,18.562283,8.365221,6.4889087753366595e-77,1.8895323551493103e-76
UBE2F-SCLY,10.763015,8.334251,5.145850277649365e-27,1.23683020266145e-26
SPATC1,15.937983,8.332048,3.4532419792500923e-57,9.486857907456993e-57
LINC01470,16.805515,8.326247,2.2236866997017644e-63,6.229529289649284e-63
AC138811.1,7.392625,8.322624,1.4395839979928853e-13,3.1193803537371513e-13
AC009163.4,7.6233325,8.319835,2.47208744900326e-14,5.396270133727548e-14
AC068987.3,10.9728,8.31359,5.164780331370194e-28,1.2490046940083682e-27
MAP3K15,68.9665,8.302936,0.0,0.0
OTOG,9.484904,8.293531,2.4260551665082097e-21,5.633514906580753e-21
AC109927.1,71.04356,8.293077,0.0,0.0
SLC5A4,28.28834,8.291702,4.8085130858408996e-176,1.7128515250287305e-175
AC008250.1,26.249277,8.2877865,7.284639558739248e-152,2.4949594777263975e-151
SMIM36,21.882744,8.282931,3.7932195291545113e-106,1.1921431747119275e-105
AL117381.1,62.94495,8.281516,0.0,0.0
RNF219-AS1,14.315307,8.269706,1.7558734994274977e-46,4.6370009334729036e-46
ZIC5,7.279681,8.268705,3.346097149204102e-13,7.221387767009948e-13
AC025219.1,10.813553,8.25911,2.969428159430773e-27,7.151717930673741e-27
AC023794.1,14.3164835,8.253603,1.7263961867770654e-46,4.560379228511203e-46
LINC02050,7.7792783,8.251137,7.293935912128577e-15,1.6002223438718936e-14
SFTPB,11.916226,8.224994,9.74223809803547e-33,2.422434245831824e-32
AC068756.1,6.7873225,8.2195215,1.1423357503008726e-11,2.4216205819371693e-11
DENND5B-AS1,35.008152,8.219097,1.6908959234348562e-268,6.737573420460303e-268
SLC26A3,162.28278,8.18937,0.0,0.0
AP005230.1,11.811306,8.179383,3.4121947370438113e-32,8.461715702460846e-32
AC012593.1,104.44428,8.165037,0.0,0.0
OR9Q1,8.913066,8.161456,4.964049688187741e-19,1.1289925084117682e-18
AL359076.1,6.9593616,8.161344,3.4181853850214698e-12,7.289068054569901e-12
OTX2-AS1,10.005422,8.154759,1.4427571538419853e-23,3.3942494226381315e-23
GPR158,28.610907,8.154402,4.916131177260454e-180,1.7603171294349607e-179
AC099669.1,34.73452,8.14993,2.3742577327948533e-264,9.429970524469672e-264
WSCD2,6.6511254,8.139672,2.908600987387266e-11,6.131129071136124e-11
AC020559.1,19.020288,8.137801,1.1584584846969697e-80,3.408656741042399e-80
AC010197.1,33.082928,8.126682,5.231023368137596e-240,2.022415816458539e-239
RNF182,113.52176,8.124357,0.0,0.0
DPPA2,19.082447,8.12135,3.533283135850736e-81,1.0410881161611677e-80
AC104461.1,67.58353,8.118528,0.0,0.0
AP000424.1,73.61582,8.116941,0.0,0.0
AP001628.1,50.450954,8.107078,0.0,0.0
AL033384.2,8.19503,8.091291,2.5053027181925386e-16,5.569644603495119e-16
CNTNAP5,11.9244995,8.089103,8.821292118214894e-33,2.1938079522560703e-32
MAL2-AS1,32.92243,8.077466,1.0498393549123091e-237,4.047226651509202e-237
DLK1,42.575478,8.066326,0.0,0.0
AC103718.1,28.619146,8.062631,3.882333995192601e-180,1.3909891152394747e-179
AC093895.1,30.417257,8.038475,3.2483100102300343e-203,1.2012848416041693e-202
AC017083.3,10.797975,8.030625,3.518800361494722e-27,8.472089251931443e-27
AL451137.1,40.711723,8.029185,0.0,0.0
SLC30A10,20.721867,8.027471,2.199881795438017e-95,6.729774103313441e-95
LINC01594,13.97008,8.027347,2.373583575389659e-44,6.207769283611428e-44
LINC00536,12.83981,8.016543,9.811509039818197e-38,2.496895908845764e-37
FSTL5,9.056157,8.014204,1.351275145643213e-19,3.0860908778688383e-19
AL391987.2,40.193676,8.011284,0.0,0.0
AL033530.1,9.28819,8.005135,1.569349922237853e-20,3.6146090947417357e-20
AP005328.1,12.660203,8.004296,9.824514539629708e-37,2.48708027737047e-36
PCSK2,13.142509,8.004287,1.87890484477322e-39,4.816742778553102e-39
C1QTNF9B,17.056232,8.001346,3.1417160399586593e-65,8.850875277616792e-65
AL158198.1,25.940035,7.969049,2.3557266603347162e-148,8.031937221993323e-148
LINC00668,41.443047,7.943094,0.0,0.0
AC066613.2,18.59106,7.9357433,3.795921990597513e-77,1.1060047003684713e-76
AC015660.1,18.156578,7.9349656,1.13906597785978e-73,3.291254239354139e-73
AL138760.1,13.043261,7.9334297,6.942327204651566e-39,1.7752591128624934e-38
AC012309.1,10.844508,7.930359,2.1177151935325936e-27,5.104156845006325e-27
AC099520.1,21.645813,7.930296,6.655939355780429e-104,2.0812144131321057e-103
AC092343.1,13.137266,7.9289594,2.0137114204405213e-39,5.160987523486252e-39
AC126696.1,7.202778,7.9269037,5.899813836381732e-13,1.269373425051749e-12
NPSR1,8.52505,7.9194736,1.5274421587838584e-17,3.434767510576252e-17
TENT5D,6.880637,7.9192452,5.958544807316746e-12,1.267419348556245e-11
AL158071.4,38.708828,7.9187837,0.0,0.0
AC010522.1,14.82937,7.9185853,9.46170441960167e-50,2.5312930921438423e-49
MAGEA10,13.186674,7.915381,1.0470376283433013e-39,2.686974986093481e-39
IQCJ-SCHIP1,156.76338,7.90771,0.0,0.0
AGBL1,16.166382,7.907588,8.706461140546719e-59,2.4057434030162313e-58
AC092683.2,16.037294,7.906104,7.014438347725059e-58,1.9329634603240108e-57
ADGRF2,61.804806,7.9008017,0.0,0.0
ALK,52.791046,7.8996487,0.0,0.0
LINC01632,33.24117,7.89558,2.7386061727257292e-242,1.0621360688283528e-241
AL357052.1,32.05723,7.8949933,1.7406470438763718e-225,6.612801647455199e-225
AL358234.1,7.004284,7.894369,2.4825197809082584e-12,5.304544799581829e-12
CASC9,62.446583,7.8941135,0.0,0.0
AC067956.1,9.952514,7.8937426,2.458915852984256e-23,5.776134367880446e-23
LINC02026,15.482221,7.8896923,4.5740676220864915e-54,1.242386100811388e-53
IGSF1,59.092518,7.8847528,0.0,0.0
AL589666.1,10.021961,7.8789735,1.2205662503866406e-23,2.8722066598069564e-23
SLC22A10,8.544701,7.8740783,1.2887027509618266e-17,2.8996793840218485e-17
AC079594.2,18.348074,7.8640814,3.420235363229745e-75,9.927221375680593e-75
SLC8A1,219.91315,7.858806,0.0,0.0
AC073218.2,56.00985,7.857604,0.0,0.0
AL356056.2,29.431456,7.8551707,2.174642646484512e-190,7.910470232900669e-190
AC022973.4,15.180604,7.845248,4.75382526560633e-52,1.2821304237223028e-51
TRPC5,6.65147,7.82849,2.9017966783718316e-11,6.117222723609379e-11
LVRN,21.110268,7.824695,6.400849440516805e-99,1.9757194938691464e-98
AC010320.3,9.198023,7.822071,3.645972668805903e-20,8.367573864136031e-20
AC010997.3,13.320506,7.8181567,1.7591195839676537e-40,4.532088755414833e-40
AC011604.2,8.989838,7.814332,2.4759617553528215e-19,5.645085750121125e-19
ABHD15-AS1,83.18171,7.807989,0.0,0.0
CDH18,13.021456,7.802277,9.239231583619038e-39,2.360772766844944e-38
AL020995.1,39.29082,7.7887383,0.0,0.0
AL353693.1,9.123959,7.781611,7.242904463224759e-20,1.6576220165777505e-19
AC008758.6,7.883747,7.7810106,3.1770648590988778e-15,6.991484111274302e-15
SIRPB2,19.78711,7.776817,3.844709335388274e-87,1.1508795405374124e-86
LZTS1-AS1,12.770178,7.775123,2.4060362083850254e-37,6.112375192155007e-37
AL158152.2,37.476776,7.7750125,2.2011700912211447e-307,9.119045004736308e-307
AC233296.1,10.864651,7.7734604,1.698714486962257e-27,4.0976179382450126e-27
AC011287.1,49.530422,7.7731895,0.0,0.0
AC004835.1,7.2008557,7.773049,5.983583652918052e-13,1.2872093339452908e-12
RNF103-CHMP3,13.811293,7.771247,2.1788585933153523e-43,5.6793798446996515e-43
AC092902.3,19.264107,7.768677,1.0750429277252368e-82,3.1812824587359696e-82
AL691420.1,6.6629643,7.7662373,2.683591053879248e-11,5.65924757702308e-11
CACNA1B,36.537285,7.7614036,2.8386799931254075e-292,1.158781036729241e-291
AC027018.1,64.602844,7.7589645,0.0,0.0
AL121929.2,25.732666,7.755462,5.039434902479274e-146,1.7103150519504993e-145
LINC02320,39.013824,7.75172,0.0,0.0
AC087071.2,22.629389,7.7465296,2.2267287841234768e-113,7.099471064043001e-113
AC010320.4,15.046556,7.7443566,3.63679346775273e-51,9.773799699921561e-51
AL590006.1,25.320173,7.738609,1.9154793205148662e-141,6.447521296569474e-141
AC068491.2,11.0118475,7.7323513,3.350616759950605e-28,8.116127710716215e-28
LINC00534,24.483355,7.7320647,2.222140688358116e-132,7.344953495322942e-132
STRA8,9.701111,7.724988,2.982341199821637e-22,6.956989938441657e-22
AC009264.1,7.5133305,7.7228518,5.764186832072557e-14,1.2540811696095383e-13
LINC02343,22.463543,7.7227983,9.435583352264974e-112,2.9979855432793702e-111
FAM196A,48.67701,7.7213774,0.0,0.0
TMLHE-AS1,71.36429,7.720627,0.0,0.0
LINC02407,6.6472754,7.7109723,2.985684209717452e-11,6.292267678629487e-11
TSNAX-DISC1,29.415768,7.710653,3.4520727179748133e-190,1.2552605265582595e-189
COL26A1,126.63766,7.708224,0.0,0.0
MACROD2-AS1,7.9869947,7.702848,1.382678130123745e-15,3.0513777133662796e-15
LINC02241,51.304462,7.696795,0.0,0.0
RELN,96.88993,7.6962466,0.0,0.0
AC008770.2,11.114115,7.6951294,1.0710714209523044e-28,2.603188400059387e-28
SCN7A,41.146282,7.680669,0.0,0.0
AC010789.1,24.018698,7.6802244,1.7736401535579839e-127,5.801461423855479e-127
LINC01876,166.11469,7.6788597,0.0,0.0
AC092378.1,17.521645,7.6736712,9.795371316170682e-69,2.7909814257672735e-68
TESC-AS1,8.352643,7.6734147,6.67521077998633e-17,1.4909535915059098e-16
LINC00393,16.671862,7.6633644,2.099537816775859e-62,5.864486542696852e-62
AC092535.3,35.90538,7.6592813,2.5178269817629592e-282,1.0185127502939752e-281
AL158801.3,40.92525,7.6590285,0.0,0.0
PTCHD1-AS,19.853415,7.658608,1.029607438454491e-87,3.0873586167304143e-87
AC096711.2,72.224,7.6565604,0.0,0.0
FOXP1-AS1,9.308945,7.6492214,1.2910920260827246e-20,2.9769616249100384e-20
FREM2-AS1,6.6698895,7.6486177,2.5599594091622527e-11,5.401614959096915e-11
LINC02542,25.242722,7.646224,1.3613938052303443e-140,4.569442949358044e-140
AL391117.1,7.75675,7.6434774,8.713335946115056e-15,1.9100646610405882e-14
DCC,13.505921,7.6419773,1.442964367306426e-41,3.736472971462536e-41
TRHDE,49.695374,7.6304307,0.0,0.0
AC011933.4,48.84404,7.6228,0.0,0.0
AC005410.2,19.084532,7.6177554,3.395040180605812e-81,1.00045441106965e-80
PCSK1,6.725732,7.614509,1.747118741632906e-11,3.6944086244482436e-11
IGLC7,6.773528,7.61181,1.2567934791656832e-11,2.6631107519921516e-11
GABRG3,108.88868,7.6055,0.0,0.0
AC034114.2,12.465885,7.594328,1.1459204474994081e-35,2.8882750780690953e-35
LINC01671,31.05134,7.582027,1.0943160242849295e-211,4.09207954883297e-211
LINC01655,6.840962,7.56645,7.866309255569105e-12,1.6706855028549748e-11
SPON1-AS1,20.719198,7.5636353,2.325217190251646e-95,7.112457388453605e-95
DLEU7-AS1,24.01392,7.5626,1.989676554169326e-127,6.507381619738641e-127
AL357153.2,54.44036,7.546565,0.0,0.0
CCDC141,79.15091,7.5379605,0.0,0.0
SUGCT,177.7099,7.534745,0.0,0.0
SLC6A11,11.809153,7.5197616,3.5007349620458327e-32,8.679095242147044e-32
AC096719.1,12.882016,7.51607,5.683130490362689e-38,1.44724770076242e-37
AC004870.4,39.178677,7.5091596,0.0,0.0
AC016644.1,20.537197,7.50851,1.001815273629368e-93,3.053318715066079e-93
LINC02365,7.760373,7.5073857,8.467982781278943e-15,1.8565560288898002e-14
LINC02450,20.217312,7.504157,6.89379505376669e-91,2.086010533228101e-90
AP000919.2,45.147003,7.49499,0.0,0.0
AL365275.1,36.695473,7.4794254,8.623967160970342e-295,3.531139077418943e-294
AL157938.2,80.9549,7.4772234,0.0,0.0
AL391863.1,7.660706,7.4731617,1.849135934992914e-14,4.0409223829157665e-14
AC139769.2,31.21709,7.4718895,6.246640598187219e-214,2.342391071294839e-213
GUCY2C,19.284527,7.464852,7.244979571754764e-83,2.1443745289557803e-82
LINC01099,6.6293645,7.462194,3.3713565783287025e-11,7.098984580579478e-11
AC104958.1,11.971674,7.456847,5.000918348113552e-33,1.245169635917312e-32
LINGO1,144.72356,7.4551597,0.0,0.0
AC010260.1,32.196323,7.445798,1.9870345308146599e-227,7.566361018047312e-227
AC008592.4,10.536977,7.4440646,5.834412343628485e-26,1.3931446309319088e-25
AP001099.1,7.6581798,7.4438696,1.885868675178426e-14,4.120889594348004e-14
AC107021.1,18.1214,7.440652,2.160229911134602e-73,6.237566175398925e-73
AC036108.1,14.649444,7.423232,1.3582331922276444e-48,3.618279311365118e-48
AL596223.1,11.684122,7.4183426,1.5365893091641652e-31,3.7977470957162536e-31
GABBR2,15.986285,7.4155555,1.592481580635083e-57,4.3822552489193927e-57
TTC6,12.489954,7.4104886,8.470232072819543e-36,2.1356382608466625e-35
AL139095.4,20.938265,7.4064255,2.4003918533283943e-97,7.378325328280158e-97
AC099329.3,10.107515,7.404473,5.116535433542226e-24,1.206895849129339e-23
KLRG2,11.172364,7.402204,5.56787854666402e-29,1.3551426150415272e-28
AC015853.3,20.529703,7.401143,1.1688480524902163e-93,3.5616637075674425e-93
FIGNL2,28.112005,7.3984056,6.987672473287741e-174,2.4801198093291704e-173
BBOX1-AS1,57.44243,7.394492,0.0,0.0
SLC14A2,56.049034,7.387404,0.0,0.0
LINC00858,17.312551,7.38704,3.782743117009145e-67,1.0729459633587556e-66
LIX1-AS1,51.34309,7.3834567,0.0,0.0
AC097515.1,22.149765,7.3821406,1.0486582532954271e-108,3.3109032631042408e-108
AC091167.6,8.905152,7.3792224,5.331286359641166e-19,1.2121411010178907e-18
CYP8B1,31.60953,7.3758845,2.7310851825746678e-219,1.0309209439016993e-218
AC006378.1,7.6492124,7.369967,2.022143672994412e-14,4.417362232839546e-14
AC138956.2,14.309297,7.3602076,1.914409328281235e-46,5.0543144804778604e-46
CLEC4F,11.626662,7.358613,3.0166427759405294e-31,7.444547983747604e-31
AL353768.1,13.261986,7.3548274,3.84576301630767e-40,9.894178591354373e-40
AC004253.1,32.708176,7.35308,1.1949860855994535e-234,4.588212080061353e-234
FAM189A1,70.78227,7.3471537,0.0,0.0
AC004594.1,31.232962,7.337707,3.8036907694775376e-214,1.426867230979061e-213
AL136988.2,11.547097,7.336322,7.6355836209258365e-31,1.8786767565900678e-30
AP001767.3,11.576613,7.3351846,5.41429734327865e-31,1.3332571760091606e-30
UFL1-AS1,55.25248,7.3328176,0.0,0.0
SLC8A1-AS1,82.239456,7.3300767,0.0,0.0
LINC00843,48.911552,7.3279185,0.0,0.0
AC091153.2,17.7363,7.327742,2.199483059102608e-70,6.301002593645714e-70
MYO16-AS1,9.738744,7.3161535,2.060862353672026e-22,4.814657065184725e-22
PCCA-AS1,27.431116,7.313854,1.1672654445054388e-165,4.0859825244482703e-165
SLC14A2-AS1,13.302863,7.313367,2.2277022528193634e-40,5.7363138756327e-40
AC006206.2,11.142932,7.308899,7.752398760749689e-29,1.8855805568317133e-28
AC020611.2,34.611416,7.30758,1.7014676320417344e-262,6.74420660056274e-262
EFCAB14-AS1,11.012423,7.307339,3.329294882663281e-28,8.065141746107194e-28
AC012363.1,24.28431,7.306177,2.871733116175635e-130,9.449774785008523e-130
NUCB1-AS1,21.509562,7.302324,1.2669448203440034e-102,3.946922728637875e-102
PDE10A,129.81775,7.3021674,0.0,0.0
AC098617.1,36.635883,7.301011,7.678919635579754e-294,3.139829643293688e-293
AC104002.3,7.1647077,7.291271,7.79527683126538e-13,1.675238518501322e-12
LBP,83.63819,7.2902727,0.0,0.0
AC002429.2,69.913376,7.2885637,0.0,0.0
GCNT7,13.149521,7.2864776,1.71257024102532e-39,4.3907101248027175e-39
AC019130.1,25.065699,7.2848125,1.1772944920874567e-138,3.9336395509552615e-138
AC097478.1,14.2699795,7.2820435,3.366763012148301e-46,8.877624051142006e-46
AL157871.1,20.511978,7.2798595,1.6831141853026254e-93,5.12659741021006e-93
UBOX5-AS1,25.267626,7.2642775,7.251021730760044e-141,2.4357032386457064e-140
AC084871.2,11.284488,7.2628307,1.5655063645599187e-29,3.823771955786137e-29
LINC01781,94.93381,7.260932,0.0,0.0
AC093110.1,29.49469,7.244837,3.367679745322215e-191,1.2262340675630705e-190
DSCAM,19.8074,7.2413855,2.570223993836646e-87,7.697638391277501e-87
AC099314.1,24.90758,7.2358904,6.158424953430236e-137,2.0518818557463035e-136
HS3ST4,9.884734,7.2357802,4.848648810667792e-23,1.1368050764511306e-22
AC109462.1,15.447297,7.2342925,7.867408331650094e-54,2.133375280382252e-53
AC091132.2,7.414356,7.2327714,1.2221685988915368e-13,2.6502157971263825e-13
AC108449.1,40.435024,7.2309284,0.0,0.0
SYNPR,13.983407,7.230325,1.9683483058662541e-44,5.150671286861363e-44
MKRN3,27.465874,7.2273245,4.490420893211305e-166,1.5733522659768608e-165
AC117383.1,8.355672,7.226846,6.506117006127864e-17,1.4537351331034794e-16
TBX18,41.576622,7.226387,0.0,0.0
AC053527.1,66.0542,7.221843,0.0,0.0
WFDC10B,20.495165,7.2160897,2.3777572640802114e-93,7.239423858984291e-93
SIM2,78.6706,7.212189,0.0,0.0
PCDH15,13.046746,7.1949925,6.632013371642471e-39,1.6960539955365217e-38
AC244131.2,52.60802,7.1911354,0.0,0.0
AP000919.3,22.303549,7.1894355,3.4132365753408315e-110,1.081120627156653e-109
TPTEP2-CSNK1E,156.16464,7.186389,0.0,0.0
AC104123.1,48.861828,7.1861587,0.0,0.0
AP002989.1,9.825459,7.1856,8.747485401593183e-23,2.0471805667225131e-22
KCNMB2-AS1,126.2415,7.1788454,0.0,0.0
AL358394.1,8.569818,7.178352,1.0364879743884966e-17,2.3330657735873392e-17
AC109597.1,10.116133,7.17755,4.6856363399707885e-24,1.1056963490437702e-23
AC100793.3,10.225541,7.171737,1.5237496873236336e-24,3.6057639447605494e-24
AC091045.1,31.169357,7.162532,2.7731328454387623e-213,1.0390891121152983e-212
AC007347.1,12.725497,7.161525,4.267503329892612e-37,1.0827336827195535e-36
FAM47E-STBD1,6.6186347,7.155698,3.6253156985222655e-11,7.629931763763274e-11
ZIC2,21.042337,7.14815,2.687944276631922e-98,8.275124529706073e-98
AC113414.1,79.914696,7.146535,0.0,0.0
AC096887.1,14.648374,7.136895,1.379792721858798e-48,3.675381479026728e-48
AC005842.1,10.257445,7.1322703,1.0956685305769015e-24,2.595467006893623e-24
AC068389.4,16.50112,7.1320667,3.601481811397171e-61,1.0023728359147829e-60
AL163636.1,7.7876463,7.128433,6.826895869264573e-15,1.498314641541307e-14
AC010636.2,14.27465,7.1262445,3.1486845570366993e-46,8.304068497748837e-46
LINC01629,12.701577,7.1063743,5.794974038372084e-37,1.4683849609844487e-36
AC011853.2,8.522874,7.099311,1.5564283871882424e-17,3.4994160403280645e-17
ESRRB,9.316953,7.09252,1.1973005985823175e-20,2.76156265532577e-20
AL024508.1,16.93032,7.091976,2.6891404286462424e-64,7.556410396605151e-64
GPR78,10.63953,7.0895734,1.951106273851477e-26,4.672844141673489e-26
AC105411.1,23.207605,7.0849524,3.8153191334424303e-119,1.2282391149084811e-118
AC009060.1,39.1142,7.079789,0.0,0.0
TCF24,22.63155,7.0709763,2.1201827560601976e-113,6.760500678809808e-113
AKR1B15,14.695851,7.0691676,6.853150079888874e-49,1.8276304692415647e-48
COL25A1,149.22162,7.0661716,0.0,0.0
TMEM132B,132.42966,7.0552883,0.0,0.0
WDR88,11.631095,7.0550456,2.86400121860487e-31,7.069627684142925e-31
AC005786.3,43.164722,7.0509706,0.0,0.0
LINC02257,27.842812,7.0446434,1.3162070128698869e-170,4.648121632390308e-170
TH2LCRR,17.561846,7.0358233,4.82799330725504e-69,1.3770949711507902e-68
USH1C,63.26466,7.033075,0.0,0.0
AC093151.3,10.254625,7.023113,1.1281227617478742e-24,2.671703035882166e-24
AC092574.2,23.306332,7.0166416,3.824002231792026e-120,1.23358953358989e-119
SCGB2B2,69.949104,7.016431,0.0,0.0
NPIPB12,6.750804,7.012429,1.4702823711502647e-11,3.112361177065757e-11
GLRA1,9.908739,7.0067616,3.814301370792433e-23,8.950045250655585e-23
MDC1-AS1,8.358804,7.0026484,6.335733684976039e-17,1.4160930647694705e-16
CITED1,33.977577,7.002561,4.777013622571415e-253,1.8776149643888446e-252
GSG1L,27.923183,7.0022655,1.3957747935555284e-171,4.935013129034333e-171
AC010168.1,50.656742,7.0017185,0.0,0.0
CCSER1,223.58401,6.9879055,0.0,0.0
LGSN,57.158825,6.986231,0.0,0.0
AP001011.1,99.418465,6.9844384,0.0,0.0
AC112722.1,26.953522,6.9826345,5.1869978026215534e-160,1.79884961962906e-159
AC017101.1,42.30823,6.982108,0.0,0.0
LINC02341,10.192936,6.9816484,2.1322636862266876e-24,5.041696425196099e-24
LINC02112,20.79273,6.9796095,5.036284868803868e-96,1.544676902531972e-95
DOCK3,68.36043,6.9792433,0.0,0.0
HORMAD1,33.975704,6.97837,5.091058826089485e-253,2.0007847635669749e-252
AC023389.1,53.939068,6.974722,0.0,0.0
SNTG1,10.520281,6.9728,6.966554862766693e-26,1.6621343225135366e-25
AC107068.2,37.463,6.9641223,3.689663628968069e-307,1.5281313739611093e-306
AC005162.3,69.677956,6.960153,0.0,0.0
FP325318.1,13.794467,6.9584346,2.75178058683803e-43,7.1708507526762285e-43
LINC01482,79.159386,6.955681,0.0,0.0
LINC01301,107.91606,6.954406,0.0,0.0
AL359644.1,44.795567,6.946785,0.0,0.0
AC119150.1,35.125683,6.939433,2.7336021786129696e-270,1.0907076386223617e-269
CALCB,28.494547,6.933513,1.3686141469748227e-178,4.8916939917897016e-178
AL449266.1,33.011395,6.932657,5.574790548647095e-239,2.1527862547606736e-238
AC010976.1,38.2257,6.9323316,0.0,0.0
AC008781.2,17.826656,6.9315796,4.389039004668644e-71,1.2601684181610604e-70
TMEFF2,8.266011,6.927779,1.38515071414779e-16,3.087289651202675e-16
AC107419.1,6.8235,6.917686,8.884877366675348e-12,1.8860644715543312e-11
AC027698.1,9.323764,6.9168324,1.122849509237916e-20,2.5910561856525482e-20
MIR548A1HG,28.956984,6.913064,2.2919815857739812e-184,8.265016024899947e-184
AL031668.1,7.5870056,6.90008,3.2738281626250553e-14,7.138985795474662e-14
AC104316.1,33.06535,6.8982835,9.360807891683272e-240,3.61812378326449e-239
AL355076.2,8.78968,6.8955917,1.4998721341706154e-18,3.4002168065452382e-18
AP002336.2,81.30283,6.8926783,0.0,0.0
FIRRE,22.775696,6.889263,7.986371066466589e-115,2.5523543029519302e-114
AC097059.1,14.165603,6.887615,1.4957751244321712e-45,3.933586198635855e-45
CNBD1,9.802764,6.88087,1.095463298260902e-22,2.563111575758215e-22
IGF2BP2-AS1,34.659065,6.880836,3.261890990031744e-263,1.2936293437501663e-262
AL645465.1,50.894016,6.8804746,0.0,0.0
TRIM71,21.077833,6.8788786,1.2706821213603396e-98,3.915196477855888e-98
UNC13C,39.634632,6.8756037,0.0,0.0
AC068051.1,50.318073,6.8732457,0.0,0.0
AC009975.1,8.416921,6.86964,3.865082910725621e-17,8.659122855149653e-17
AL161725.1,12.1185255,6.868668,8.426175151680262e-34,2.106722142317485e-33
COL4A4,141.13004,6.865733,0.0,0.0
AC079385.1,11.04769,6.865462,2.2492789405269945e-28,5.456885237739249e-28
AC116424.1,8.964482,6.8647413,3.1174307357487907e-19,7.101575995268208e-19
AC127526.1,21.795109,6.8593063,2.581786380115499e-105,8.101174349677046e-105
C9orf41-AS1,16.995237,6.853317,8.90677514828219e-65,2.5065955411109605e-64
AC008761.1,7.410387,6.8532624,1.2593130803266335e-13,2.7303608856127376e-13
TAC4,18.89019,6.8428307,1.3734839032798467e-79,4.02890430752497e-79
C3orf67-AS1,19.221537,6.8421283,2.4442019250424095e-82,7.226399964607765e-82
AC069277.1,32.552635,6.8394375,1.9216289624041793e-232,7.355243455579444e-232
AC006547.1,19.564358,6.835225,3.112958572550429e-85,9.267634504225645e-85
AC007040.2,23.850037,6.833848,1.0117318046998218e-125,3.2979843462618105e-125
SGCZ,12.680229,6.8315773,7.610915961926764e-37,1.9273677073638398e-36
ALOX12,16.084808,6.827929,3.260552067475546e-58,8.995992016495644e-58
ADGRB1,18.111347,6.827817,2.5932031222921378e-73,7.484097752275883e-73
AL391361.2,43.045784,6.816516,0.0,0.0
PITX2,17.288586,6.816276,5.7342233803539526e-67,1.6247516448076397e-66
AP003174.1,20.751932,6.8131676,1.1776232502022854e-95,3.605143539132645e-95
LINC01697,6.637943,6.8072433,3.18090789470448e-11,6.699872334566569e-11
SLC26A5,38.579704,6.8000445,0.0,0.0
AL157931.1,145.50816,6.7983704,0.0,0.0
AC117834.1,39.430584,6.7838297,0.0,0.0
AL589740.1,11.65985,6.7827787,2.0440173572265524e-31,5.048919494680058e-31
AP001266.2,8.619985,6.780877,6.696313679151196e-18,1.5099430585318786e-17
MEI4,6.613057,6.7806625,3.76463345304055e-11,7.921449755471529e-11
NPIPA8,7.6867085,6.779524,1.5096872688890278e-14,3.302004196865293e-14
AL022097.1,16.790623,6.778376,2.858338956812176e-63,8.00291546360705e-63
C21orf91-OT1,10.65007,6.773432,1.7423389211911926e-26,4.1742064207996036e-26
PRKX-AS1,15.47745,6.7687364,4.9261030880607656e-54,1.3375121753441929e-53
GOLGA6L7,8.3068905,6.7612424,9.824271572477498e-17,2.191830912173319e-16
TMEM163,77.06354,6.7584167,0.0,0.0
B4GALT4-AS1,14.145874,6.7524548,1.980402173371434e-45,5.206202811328981e-45
AC091551.1,14.835669,6.749352,8.614185516031214e-50,2.3047648662535267e-49
RBP2,13.735376,6.7476482,6.233144997618775e-43,1.6222877822993338e-42
AC093334.1,10.107224,6.7453685,5.1317646556118656e-24,1.2103914559122874e-23
SPDYE2,26.767103,6.743775,7.8083544103446e-158,2.7000082639048715e-157
PRIMA1,85.3825,6.723282,0.0,0.0
AC116337.3,7.857591,6.7154756,3.9159168416744264e-15,8.612917051589887e-15
PRSS51,11.231139,6.711101,2.8675738724274967e-29,6.99252324135293e-29
DLEU7,27.91286,6.7096715,1.8626831170815843e-171,6.584274891958246e-171
AC008649.2,19.567165,6.7082973,2.9461610615205857e-85,8.773712802208843e-85
AL031283.2,27.384188,6.7039704,4.2317281550785206e-165,1.4800773708334563e-164
AC002066.1,25.82301,6.702903,4.89165824461586e-147,1.663986498830853e-146
AL365356.1,36.68902,6.702328,1.0930901486902826e-294,4.473867233655446e-294
AL451070.1,14.478542,6.7011337,1.6557103442968134e-47,4.394492761736913e-47
GRIP1,239.1831,6.698398,0.0,0.0
AC055811.1,17.091831,6.6934934,1.7072640227774145e-65,4.815694583304713e-65
AC008840.1,8.382299,6.6922607,5.1903678604517514e-17,1.1608843665768402e-16
PROK2,29.126377,6.689659,1.6641335928436924e-186,6.018599509696783e-186
AL133297.2,18.438652,6.679442,6.43251114933105e-76,1.869606833068365e-75
LINC02086,7.080127,6.678505,1.4402273480627419e-12,3.0845600223594985e-12
SLC19A3,53.27493,6.6773953,0.0,0.0
FAM155A,251.24533,6.6752143,0.0,0.0
AL049875.1,20.93193,6.674883,2.7416849699050287e-97,8.425638168518629e-97
CSMD1,70.69483,6.6730895,0.0,0.0
AC011306.1,8.541355,6.6692495,1.326573556526812e-17,2.984436776187472e-17
AC021231.1,69.18248,6.664465,0.0,0.0
AC009542.1,44.28204,6.663445,0.0,0.0
AC024267.4,15.542477,6.6535916,1.7893238791551377e-54,4.867686241497118e-54
TSPAN16,7.2110286,6.6328535,5.553077242735842e-13,1.1952067855538588e-12
AC073342.1,15.944761,6.621226,3.098197612964606e-57,8.513844733933074e-57
Z94721.1,70.3659,6.619251,0.0,0.0
ADGRF4,70.29021,6.60907,0.0,0.0
AC092650.1,10.693966,6.6082983,1.0862471658302846e-26,2.6057578234742734e-26
AC099489.1,54.330254,6.606077,0.0,0.0
GPC5,28.852966,6.605774,4.650892597879591e-183,1.6742759772691004e-182
COLEC10,14.820194,6.604285,1.0846982454024996e-49,2.900845787605127e-49
CSGALNACT1,201.04382,6.6033134,0.0,0.0
AL138921.1,8.513867,6.6032867,1.6822670758404867e-17,3.7809077364768685e-17
AC024901.1,40.289185,6.5997977,0.0,0.0
AC073957.1,9.008885,6.597733,2.0816114187281752e-19,4.749284184118289e-19
AL133480.1,15.096294,6.5965986,1.712941253819531e-51,4.610623938136063e-51
AC073569.2,25.89512,6.595889,7.558274438974877e-148,2.5746434904017546e-147
CPNE8,222.71553,6.5906663,0.0,0.0
AC055733.2,19.032736,6.5885577,9.135502717182079e-81,2.6885728048473866e-80
IL1RAPL1,19.13879,6.5879483,1.2002528673516342e-81,3.5415135064841887e-81
AL121761.1,75.27904,6.5751724,0.0,0.0
LINC01695,23.451555,6.5735393,1.2744498741494566e-121,4.120716608303236e-121
AL139021.1,21.870552,6.57339,4.955484127713152e-106,1.5569256973227936e-105
LINC02398,15.726735,6.564424,9.919545938637665e-56,2.710253437897578e-55
LANCL1-AS1,17.501595,6.564263,1.3931398710678307e-68,3.968305237063088e-68
AC120193.1,34.05069,6.559136,3.964726640221861e-254,1.560005032455051e-253
AC244021.1,8.360087,6.5534396,6.267172571314414e-17,1.4008750740361414e-16
AC124319.2,134.2268,6.551625,0.0,0.0
GALNTL6,12.076448,6.5515685,1.406645090178861e-33,3.5145299528709503e-33
TERB1,9.97684,6.550425,1.9249900225783755e-23,4.5251516770211295e-23
CCDC144NL-AS1,30.563343,6.549486,3.7597064462457904e-205,1.3935500358684348e-204
AC012213.1,9.296248,6.546563,1.4548927055946326e-20,3.353077467900531e-20
AC011313.1,17.348377,6.5412016,2.0289793442485326e-67,5.76057687103732e-67
ITGB5-AS1,14.331833,6.540466,1.3841865342423598e-46,3.6590303783167926e-46
IGSF23,14.2922535,6.537542,2.4456542115840618e-46,6.455145590639734e-46
AC126768.2,13.679565,6.534506,1.3449386409218635e-42,3.4976695787250226e-42
AC006547.2,7.1121225,6.527514,1.1427162122388802e-12,2.450930400015553e-12
AC010261.2,7.907987,6.526779,2.6158349527808085e-15,5.759439767045726e-15
USH2A,10.593869,6.526235,3.181631715351607e-26,7.608809892641152e-26
AL596220.1,16.277155,6.525442,1.4337998545236012e-59,3.971867702071477e-59
AL078590.3,44.053055,6.5236225,0.0,0.0
ZRANB2-AS1,23.053942,6.522195,1.3429298714459678e-117,4.30863962448929e-117
AC016576.1,9.420613,6.5219884,4.4845926209818535e-21,1.0387482947493461e-20
CACNA2D3,108.84851,6.5209227,0.0,0.0
DACH2,7.1382847,6.5203705,9.450285258276292e-13,2.028987375868103e-12
ARHGAP6,129.64507,6.5191374,0.0,0.0
FLT3,17.923208,6.518923,7.771495386793127e-72,2.2348062982958517e-71
AC104134.1,8.216873,6.5181103,2.0887832324869044e-16,4.648561975683042e-16
PRKN,179.02937,6.5124474,0.0,0.0
THRB,194.50734,6.5091953,0.0,0.0
AC073333.1,6.5894914,6.5025992,4.413363255944434e-11,9.279878734551348e-11
MNX1,62.904324,6.490538,0.0,0.0
AC100763.1,12.917438,6.488417,3.5889696501766926e-38,9.149812118597749e-38
AC007099.1,9.155149,6.48562,5.428280137683904e-20,1.2438667840909886e-19
LINC02389,16.68864,6.4819975,1.5853911448137304e-62,4.429614959442659e-62
PLS3-AS1,21.334415,6.471057,5.442070981182199e-101,1.6880709671671255e-100
FAM182B,43.409103,6.4680896,0.0,0.0
AC118555.1,7.2155786,6.4606423,5.370521546778592e-13,1.1559989888211372e-12
AC087276.2,9.16822,6.4601135,4.808940001371e-20,1.102375393886707e-19
AC090971.2,22.198654,6.455935,3.5388063879435037e-109,1.1184946230972028e-108
FAM160A1,185.2024,6.4495177,0.0,0.0
AC001226.2,39.96926,6.449389,0.0,0.0
AL049569.1,8.2754,6.443,1.2802518500077332e-16,2.8543478392395893e-16
CHRNB4,11.740787,6.441487,7.875043200295332e-32,1.9497780305585742e-31
AC099489.3,7.69331,6.440967,1.4337682837003637e-14,3.136932460374286e-14
AP000462.1,22.125217,6.4379435,1.807674849689653e-108,5.7048881384349096e-108
C5orf66,59.685753,6.4325256,0.0,0.0
INO80-AS1,16.172976,6.423947,7.822708890164923e-59,2.1617498926312014e-58
SAA2-SAA4,7.448175,6.423488,9.464041976247357e-14,2.0541944840763282e-13
AC008581.2,14.003112,6.4203286,1.4919302758077377e-44,3.906428537382736e-44
MACROD2,236.18405,6.4191318,0.0,0.0
AC015923.1,38.029026,6.4129605,0.0,0.0
AP003110.1,9.568961,6.4083314,1.0798507163987665e-21,2.511458742636495e-21
LINC01060,8.801434,6.396077,1.3507997301532129e-18,3.063915510517273e-18
AP000897.2,19.2528,6.391091,1.3373687329510183e-82,3.955975025948469e-82
AC087286.2,45.68561,6.3904285,0.0,0.0
AC010320.2,13.223028,6.3874445,6.460906604992771e-40,1.659770091739335e-39
DENND5B,217.37868,6.387114,0.0,0.0
C2CD6,34.21351,6.38404,1.5226588309959442e-256,6.007229830235168e-256
AC139149.1,8.332179,6.383624,7.936767779751929e-17,1.7721947261706954e-16
GSDMC,32.544605,6.375283,2.4961409659205217e-232,9.553012276261406e-232
LINC01376,106.789024,6.3726063,0.0,0.0
AC090772.1,8.1963825,6.36527,2.4772928493314627e-16,5.507789326965674e-16
NOP53-AS1,7.385234,6.364319,1.5218574274044938e-13,3.2974135909644657e-13
FOXP2,23.132614,6.362455,2.175472922830483e-118,6.98963283768732e-118
AL390957.1,51.35578,6.3603983,0.0,0.0
AC007533.1,17.778368,6.3595514,1.0396231755535589e-70,2.981747511081643e-70
LINC02240,8.792666,6.3573346,1.4605174232468266e-18,3.31125370506555e-18
AC024230.1,236.40025,6.354405,0.0,0.0
ANKRD34B,41.514744,6.342999,0.0,0.0
CA5A,32.035057,6.340883,3.545245188049487e-225,1.3452980005538595e-224
AC123912.4,9.24243,6.3371987,2.409622913340902e-20,5.540031503500221e-20
BICRA-AS1,17.612322,6.3335333,1.9814607179416358e-69,5.655024161671645e-69
KCNJ16,97.66671,6.333219,0.0,0.0
BICC1,246.60919,6.3312635,0.0,0.0
AC090772.2,17.361164,6.3310337,1.6239774279013485e-67,4.612045917092405e-67
AL445426.1,7.081801,6.3302555,1.422927749454874e-12,3.0481723932827297e-12
AP003063.1,9.597964,6.325727,8.153881093125517e-22,1.8974319044916983e-21
GGT2,69.596375,6.3250074,0.0,0.0
MKL1,234.23473,6.318127,0.0,0.0
VCAN-AS1,42.625942,6.3165116,0.0,0.0
AIM2,24.183617,6.3133554,3.30903141966551e-129,1.085368186412557e-128
TBL1XR1-AS1,7.72606,6.3096523,1.1092655444877592e-14,2.4294750076929116e-14
LINC00501,8.152911,6.3071175,3.552661426880746e-16,7.883235041763483e-16
AC006059.1,68.11795,6.3068843,0.0,0.0
CU633967.1,37.190056,6.306743,9.880283675039653e-303,4.0772048200659717e-302
AC011476.3,52.031956,6.3060794,0.0,0.0
SHISA9,36.277428,6.301103,3.672516051961591e-288,1.4925598543135946e-287
DLGAP4-AS1,44.342342,6.29729,0.0,0.0
KCNK9,8.798039,6.2944465,1.392274433572478e-18,3.157746852795336e-18
AL356356.1,16.66648,6.292857,2.2973102158165657e-62,6.415696110560165e-62
PLBD1-AS1,33.533905,6.2879834,1.545465402333639e-246,6.022379695290625e-246
SLC12A3,29.864477,6.287532,5.695148144320987e-196,2.0865722667716963e-195
TDRD10,15.626223,6.2855425,4.825779684702645e-55,1.3151095800043292e-54
SYN3,20.754343,6.2847123,1.120026487295644e-95,3.4291738900819456e-95
LRRK2,100.74616,6.284142,0.0,0.0
AC103974.1,7.573389,6.282744,3.636106419288353e-14,7.925466678593524e-14
SMIM18,8.43911,6.2786245,3.197630827087038e-17,7.16978271251938e-17
AC024337.1,10.073945,6.273557,7.202961114416947e-24,1.6978244069981837e-23
AC131934.1,23.584616,6.27151,5.544070760298543e-123,1.7980934602044588e-122
AC034195.1,26.627493,6.2704425,3.2623580461552426e-156,1.124255258524499e-155
ZNF559-ZNF177,21.11873,6.2656302,5.351298192870338e-99,1.6519322144622737e-98
AC005884.1,10.459423,6.265267,1.3266109178704377e-25,3.159769350275369e-25
STAB2,7.2461095,6.2649484,4.2891409363224584e-13,9.243784254094454e-13
AC009226.1,33.708523,6.2607617,4.336377143577477e-249,1.6971930689177322e-248
SAMD12-AS1,54.509377,6.260282,0.0,0.0
AC008014.1,181.82272,6.259744,0.0,0.0
AC004988.1,8.274141,6.2573547,1.293842155241503e-16,2.884429929358416e-16
AC036103.1,10.168033,6.2564955,2.7541476935871835e-24,6.507439701682631e-24
AC025178.1,15.877588,6.256367,9.05952497910379e-57,2.4858555345933367e-56
ANKRD30BL,54.97021,6.255005,0.0,0.0
ESR2,143.93138,6.2548566,0.0,0.0
PTPRT,83.352356,6.2537127,0.0,0.0
AC012085.2,33.457207,6.2518406,2.0218409949188797e-245,7.870414524117391e-245
AC114689.3,21.304323,6.2480607,1.0351447779428615e-100,3.208210043309477e-100
FAM186A,7.996898,6.241298,1.2759282611321246e-15,2.8174801130061795e-15
AC244517.11,10.02505,6.239754,1.1829923471104196e-23,2.7842324069634725e-23
AC022540.1,16.180765,6.2389917,6.893276027123687e-59,1.905621054867651e-58
AP001372.1,8.855005,6.232909,8.368018293958116e-19,1.900388988853212e-18
AC103876.1,31.771542,6.2323833,1.6008383885533422e-221,6.056727432925073e-221
AL354989.1,7.8718863,6.2308974,3.4933305212399468e-15,7.686316242620939e-15
AC087501.1,9.381843,6.2294335,6.482974368186382e-21,1.4999783208692616e-20
AL359094.1,27.081562,6.225046,1.623669888788105e-161,5.645469423750469e-161
LINC01090,16.027237,6.2220163,8.247019171967525e-58,2.271776829740681e-57
C12orf40,30.45448,6.219214,1.0450057643581938e-203,3.867529793394845e-203
FBXO17,156.84007,6.2185388,0.0,0.0
MSH4,10.3803215,6.216083,3.0474841026774345e-25,7.242833444834176e-25
KCNB2,6.90683,6.2154236,4.956037222669806e-12,1.0552439194277842e-11
DIRC3,43.316074,6.213911,0.0,0.0
AC079465.1,13.095537,6.2114105,3.4919317103646966e-39,8.942567288792776e-39
THSD4-AS1,23.507206,6.209946,3.4422574484748153e-122,1.1142153069545248e-121
AC097662.1,33.206913,6.207507,8.555203595916768e-242,3.316292493927831e-241
C9orf84,30.794088,6.205764,3.144342353260257e-208,1.171343884089509e-207
AC022558.2,26.772287,6.2033825,6.795047017755337e-158,2.3498973935392332e-157
AC010531.5,9.145219,6.2019544,5.950940172982558e-20,1.3632089311005734e-19
AP000721.2,22.923512,6.1989174,2.70829611450956e-116,8.669483388776942e-116
AC011092.2,33.934788,6.1980443,2.0451576582975962e-252,8.02998346623162e-252
LINC02340,27.740145,6.197704,2.2912453712772253e-169,8.070190340388413e-169
NPAS2,252.3212,6.194538,0.0,0.0
RAB39A,6.6967134,6.1901584,2.1315911635014367e-11,4.501601019680857e-11
AC093535.1,42.061394,6.1895504,0.0,0.0
MYRFL,52.286293,6.1883063,0.0,0.0
CNTN6,9.129903,6.1874285,6.856061484166389e-20,1.5694534544762284e-19
AC090115.1,12.564008,6.1870213,3.330284237847972e-36,8.415479509126358e-36
PTCHD4,39.602745,6.183487,0.0,0.0
SMIM15-AS1,13.060088,6.181416,5.5663614071996853e-39,1.4241435830411257e-38
AC084816.1,6.6638165,6.176141,2.6680700870299003e-11,5.626918273817523e-11
BMS1P14,74.17609,6.175095,0.0,0.0
CD163L1,15.815605,6.170602,2.428634468293513e-56,6.648519129387915e-56
AL034405.1,16.720581,6.1699386,9.280917704162503e-63,2.594825788713489e-62
AC138956.1,7.239455,6.169501,4.504912167228517e-13,9.706680503338789e-13
AL035427.1,19.37038,6.157623,1.3723931183940276e-83,4.0709963622476786e-83
AC104126.1,7.343985,6.1541038,2.0732593392451063e-13,4.4842414332313774e-13
G2E3-AS1,26.75275,6.153507,1.1470960704996061e-157,3.9660165041392537e-157
AC011444.2,17.180738,6.151003,3.7017506335165854e-66,1.0460545091650216e-65
AC211486.5,52.491955,6.1475487,0.0,0.0
AC108062.1,66.052826,6.146862,0.0,0.0
EPN2-AS1,24.887018,6.146496,1.0284040533869536e-136,3.423762310768516e-136
AL139807.1,39.606308,6.144369,0.0,0.0
AC009119.2,25.487595,6.142661,2.7058981916045103e-143,9.140376755671607e-143
AL139022.1,15.4375515,6.1424794,9.150931146103405e-54,2.4800568717367246e-53
AC005537.1,41.522953,6.141419,0.0,0.0
AL592295.4,29.010994,6.1411333,4.781252035888527e-185,1.726254708641499e-184
MAPK4,15.102721,6.1408806,1.5538529210199358e-51,4.183177751638135e-51
NPPA,6.7613177,6.140562,1.3674221294566175e-11,2.8956597692975198e-11
AC011511.2,15.482523,6.139282,4.5526318303455034e-54,1.2366775637025361e-53
SORCS1,23.337526,6.1381364,1.8449749030150208e-120,5.954328840003668e-120
STT3A-AS1,8.881677,6.1381097,6.586022613045115e-19,1.4965008292030028e-18
AC138035.1,22.149546,6.1369514,1.0537534295447397e-108,3.3266344638075864e-108
SLC38A4,24.740452,6.134605,3.928015568166402e-135,1.3038927577332942e-134
LINC01505,18.551802,6.1324935,7.886357806174526e-77,2.2960085380689517e-76
AC016205.1,46.20188,6.131539,0.0,0.0
C15orf53,20.312122,6.1287727,1.0046637347762343e-91,3.048157822659221e-91
AC007277.1,7.513057,6.126937,5.776235572740139e-14,1.2566099636291167e-13
AL137024.1,9.194304,6.1259365,3.774290602201152e-20,8.661392717050048e-20
OPHN1,225.87517,6.1216745,0.0,0.0
LINC00499,7.944345,6.119904,1.952194611362186e-15,4.30147044273432e-15
PXDNL,31.966093,6.1194396,3.2287449063604024e-224,1.224410390199341e-223
AC104041.1,70.59094,6.115186,0.0,0.0
AP001005.3,14.695633,6.1133456,6.875273759356192e-49,1.8333649459435466e-48
PRSS48,14.142585,6.1095977,2.0751866366702137e-45,5.4534360933408744e-45
IL1RAPL2,16.02384,6.105093,8.710092497948613e-58,2.398890425894633e-57
LINC02170,11.29666,6.1040115,1.363027776406714e-29,3.330592489639244e-29
AC002070.1,61.309788,6.102281,0.0,0.0
AC016831.7,260.9441,6.1006804,0.0,0.0
AL033528.2,12.135698,6.0975776,6.832426665206174e-34,1.7094091283871754e-33
AC092567.1,11.961692,6.097348,5.640103788271288e-33,1.404082489189438e-32
AC004158.1,19.859877,6.0965548,9.053111201318661e-88,2.7160253355170173e-87
AC022893.1,63.389122,6.0929375,0.0,0.0
HCG17,110.728806,6.0887256,0.0,0.0
C4orf45,10.982619,6.0859547,4.632924267964439e-28,1.1205688724137101e-27
CHAD,29.099438,6.07656,3.649108532113166e-186,1.3191109677231213e-185
AC005699.1,22.792505,6.0738006,5.441130746091294e-115,1.739300616281402e-114
SLCO2B1,30.732996,6.0732536,2.0635009912921997e-207,7.67542313551564e-207
STK32B,100.13523,6.073072,0.0,0.0
DMBX1,13.855932,6.070942,1.1712602336010522e-43,3.055416492777303e-43
ADGRE3,10.479564,6.070842,1.0723758758599257e-25,2.555253741155782e-25
C12orf56,83.52904,6.0658407,0.0,0.0
KCNQ3,32.7945,6.065819,7.053188758701838e-236,2.7126942438716497e-235
AL136962.1,100.09582,6.061807,0.0,0.0
ACP7,8.973214,6.055277,2.879858936745337e-19,6.561394522188859e-19
AL359915.2,146.96936,6.0550547,0.0,0.0
AC008667.1,15.12789,6.054512,1.0604220967513981e-51,2.856359072979001e-51
NELL1,24.448904,6.053574,5.169202815186878e-132,1.706883139130812e-131
AC002116.2,27.519987,6.0516396,1.0123091757046252e-166,3.5507174199498257e-166
ANO2,12.003068,6.0504756,3.423674545650692e-33,8.535340593758119e-33
CHST8,21.323769,6.049835,6.832972148294349e-101,2.1190681321059876e-100
GALNT14,85.71436,6.048989,0.0,0.0
LINC00894,132.88281,6.0487247,0.0,0.0
CCDC196,6.797041,6.0432773,1.0678964096011747e-11,2.264467971816939e-11
AC007216.4,60.830654,6.039729,0.0,0.0
FAM135B,10.569239,6.038255,4.138394129609207e-26,9.890480628630615e-26
PGBD5,158.3511,6.038188,0.0,0.0
LINC00621,140.45697,6.0336094,0.0,0.0
AC016597.1,12.515333,6.0334864,6.154933137506324e-36,1.5530648171457042e-35
C12orf42,9.539628,6.033466,1.4334599547452153e-21,3.3320271145801485e-21
AC016493.1,10.366369,6.03111,3.526723261634296e-25,8.377102470725607e-25
C19orf71,16.113264,6.0306277,2.0586388689442816e-58,5.6819895130315575e-58
AC010149.1,7.703684,6.0266004,1.3219857294093712e-14,2.893436005741086e-14
PRRT1B,6.989564,6.025915,2.7574161891261947e-12,5.887671732819705e-12
AC097634.3,16.823668,6.025597,1.637027776906019e-63,4.588214716404208e-63
AC006213.3,12.551354,6.0218883,3.9076850319335625e-36,9.872011206518786e-36
MDGA2,7.9633245,6.021507,1.6747713175251757e-15,3.692399358408126e-15
PVT1,233.48885,6.019431,0.0,0.0
LINC01572,142.3787,6.0149784,0.0,0.0
AC061979.1,16.725237,6.0134606,8.58335104536276e-63,2.400249586832976e-62
ZMYM4-AS1,21.845795,6.007512,8.522800477370762e-106,2.676289856409598e-105
SCHLAP1,8.721311,6.0044284,2.750003084601211e-18,6.223757747415218e-18
PKP4-AS1,28.691582,5.9980936,4.859215456051433e-181,1.7439551825133545e-180
AL157832.3,33.344025,5.9960303,8.89199947554549e-244,3.457284325383256e-243
AC092666.1,13.62608,5.995789,2.802364213197247e-42,7.276340034794223e-42
AL078590.2,20.526264,5.9953566,1.25456354192847e-93,3.822063488408926e-93
AC243964.2,72.84936,5.9953074,0.0,0.0
AC012254.1,8.975519,5.9903493,2.820183208179789e-19,6.426422574083584e-19
ZBTB20-AS5,51.4592,5.9898906,0.0,0.0
AF107885.2,20.307718,5.9851055,1.0989014734307322e-91,3.3333909101601974e-91
LINC02275,9.314237,5.981147,1.2283255066457497e-20,2.83267881384217e-20
AL031428.1,50.153366,5.980771,0.0,0.0
AC079336.4,9.981237,5.97977,1.8415626963426353e-23,4.329725033678186e-23
KCNH1,17.19173,5.9793887,3.062500434872503e-66,8.657441876487174e-66
UPP2,29.980793,5.9793863,1.7468453266051e-197,6.411975449925245e-197
SPDYE5,44.16566,5.9784284,0.0,0.0
HECW2,44.101307,5.9775963,0.0,0.0
EYS,47.848427,5.971691,0.0,0.0
SLC22A31,15.077867,5.9682384,2.264677922533295e-51,6.092369413538144e-51
SLC5A10,10.110272,5.9662194,4.974557447178392e-24,1.1736871317927286e-23
AC008056.1,15.835497,5.9660997,1.770543217593164e-56,4.850105864148992e-56
AC114763.1,49.040367,5.956732,0.0,0.0
TUBB8,50.348568,5.9546165,0.0,0.0
TG,22.591675,5.950758,5.232678223479551e-113,1.6670729090446774e-112
AC022784.7,7.7931757,5.949432,6.534567600857619e-15,1.434689823444799e-14
NID2,128.19217,5.9478683,0.0,0.0
APOA1-AS,10.183054,5.945687,2.3603416892067647e-24,5.57964217757571e-24
LINC01250,21.090866,5.9454937,9.648027902190545e-99,2.9749009496887e-98
TFAP2A-AS1,19.493534,5.9454427,1.245755226038142e-84,3.704274677767227e-84
SPINK9,10.384173,5.944677,2.9269371157486955e-25,6.957454159869515e-25
RIMS2,137.93027,5.942414,0.0,0.0
AC096741.1,9.505727,5.937703,1.9865530502919644e-21,4.614766486400386e-21
AC010185.1,8.4061365,5.9318137,4.2373726522119214e-17,9.487422429283345e-17
AC131571.1,32.580166,5.9254713,7.8329297158436405e-233,3.000472363586233e-232
AC022395.1,11.046869,5.9182444,2.269930461183041e-28,5.50608234916504e-28
AC005920.2,47.785,5.917915,0.0,0.0
DPYD-AS1,18.28145,5.914699,1.1629244390966086e-74,3.3687618880246078e-74
AL606489.1,30.021837,5.9091163,5.092061443039152e-198,1.870488548487948e-197
SEMA6A,196.21341,5.9044456,0.0,0.0
SMC1B,60.672962,5.9031487,0.0,0.0
LINC00106,56.61762,5.901178,0.0,0.0
AC011676.2,9.748127,5.899679,1.879028182603751e-22,4.3915870385665825e-22
PAPPA2,15.317687,5.899171,5.825355910169944e-53,1.575588569585258e-52
TRIM31-AS1,25.550854,5.899028,5.371882170475582e-144,1.8172949993601095e-143
SLC44A5,71.14524,5.8987427,0.0,0.0
NXPH1,9.29201,5.89631,1.514011500959428e-20,3.487966892130747e-20
SEMA6A-AS1,69.09631,5.890833,0.0,0.0
TTN,92.31542,5.8906937,0.0,0.0
LINC02474,39.019104,5.8859468,0.0,0.0
FAM85B,68.020004,5.8816004,0.0,0.0
AL360091.3,34.129684,5.8799243,2.6769995168275165e-255,1.0547270944885466e-254
C2orf72,17.600187,5.8775086,2.45510625996588e-69,7.003408796058002e-69
AC068724.3,38.985363,5.875251,0.0,0.0
LINC00907,21.42348,5.8682957,8.072963031722218e-102,2.508624627241472e-101
AC025682.1,68.14263,5.867106,0.0,0.0
AC004039.1,18.12059,5.8639503,2.1922688035835128e-73,6.329458131582044e-73
LINC01993,19.775005,5.862165,4.887748850104113e-87,1.462807576199194e-86
OPA1-AS1,10.466832,5.8552895,1.2267992719992987e-25,2.9229774489381383e-25
AC007319.1,44.607216,5.8550115,0.0,0.0
ZNF114,54.85126,5.8491774,0.0,0.0
AC068481.1,8.197589,5.8479924,2.45255659167388e-16,5.453203535285723e-16
AL117209.1,12.99024,5.8479075,1.3899044311279155e-38,3.5483598038564317e-38
ZPLD1,10.425801,5.8472366,1.8905873727644702e-25,4.499076889171956e-25
HORMAD2,6.65702,5.846381,2.794346466721878e-11,5.891129518262088e-11
PRB2,6.9021807,5.845921,5.12102376902042e-12,1.0899800482858081e-11
AC090907.2,7.7925687,5.845235,6.566043110915961e-15,1.4414932203207815e-14
TGM7,20.283388,5.8415537,1.802741482805573e-91,5.463918299009399e-91
SNAP25,57.937183,5.8408866,0.0,0.0
LINC01182,7.2231846,5.835284,5.078406795153864e-13,1.093440413130832e-12
C5AR1,169.663,5.8289943,0.0,0.0
LINC02055,19.129122,5.827585,1.4448576721398658e-81,4.262402303525498e-81
AC111152.2,7.3211713,5.823388,2.4581605175574967e-13,5.313628583813255e-13
STX16-NPEPL1,21.20766,5.817456,8.114929449378853e-100,2.508992426344441e-99
NPIPB13,39.278442,5.8147063,0.0,0.0
AC005695.2,20.373516,5.8146367,2.872961145041442e-92,8.725552053180477e-92
AC078881.1,36.316673,5.809098,8.827808348343084e-289,3.590704965930734e-288
AC007384.1,56.004578,5.80336,0.0,0.0
CASTOR2,140.21284,5.803339,0.0,0.0
EPHA10,22.038069,5.7971396,1.243279705000263e-107,3.9165830689841864e-107
OTUD7A,72.945786,5.791344,0.0,0.0
AL133227.1,9.727728,5.791317,2.2966631513980453e-22,5.36299722131775e-22
AC080162.1,17.239277,5.7869096,1.3471296948183288e-66,3.8137033734047787e-66
AC022872.1,23.530088,5.785376,2.0076993772412525e-122,6.502233232061219e-122
AC004112.1,9.754187,5.781409,1.7701417201292372e-22,4.137757064467377e-22
ITFG1-AS1,7.0894384,5.780581,1.3465744192207008e-12,2.88544681805292e-12
TTC3-AS1,15.8410425,5.777347,1.621099868775514e-56,4.442791566119807e-56
TENM1,13.178501,5.7770085,1.1668560460163493e-39,2.993940310962099e-39
GPHN,252.50258,5.7758017,0.0,0.0
SNAP91,24.446249,5.772076,5.516591607571037e-132,1.8213880833136484e-131
AC073530.1,6.580606,5.7692776,4.6853491986200305e-11,9.848972226313319e-11
KAZN-AS1,9.730557,5.7626386,2.233657409635904e-22,5.216695927439753e-22
CCDC26,29.735851,5.7620277,2.6427934438489474e-194,9.657429822653065e-194
AC104365.1,16.565935,5.7538395,1.228550495190021e-61,3.424171413210129e-61
AC020594.1,6.968924,5.751107,3.193739084306786e-12,6.812910146614128e-12
AC087386.1,22.231083,5.750967,1.7193465424915155e-109,5.43833583973591e-109
SPDYE3,62.327885,5.7500615,0.0,0.0
ALG13-AS1,19.821594,5.746221,1.9386754468928622e-87,5.808551739726687e-87
BCL2L2-PABPN1,19.878977,5.74421,6.188291038196841e-88,1.8576825694617537e-87
AL024474.2,9.855396,5.744046,6.495965029921694e-23,1.5218234615913338e-22
CRB1,11.576631,5.7421346,5.413195211911554e-31,1.3330969444395646e-30
LMO3,51.754948,5.7419686,0.0,0.0
ERBB4,225.4682,5.738845,0.0,0.0
TEX11,8.678588,5.738787,4.007116215216844e-18,9.060500906229204e-18
LINC02438,85.21217,5.738668,0.0,0.0
EFNA5,226.90915,5.7384763,0.0,0.0
AC004596.1,17.24487,5.7229857,1.2228964485920405e-66,3.4629969435100647e-66
AC127024.2,19.592964,5.7207084,1.7754457373055702e-85,5.289438319474726e-85
MED12L,43.865276,5.712958,0.0,0.0
CYP4A11,7.537551,5.71205,4.788788320363057e-14,1.0427912329497905e-13
AL354809.1,6.9783945,5.7113786,2.9857265422255557e-12,6.372398438271224e-12
AC005746.2,15.272734,5.7113214,1.1619727012338906e-52,3.1387718502960837e-52
AC097103.2,115.71487,5.710215,0.0,0.0
HIF1A-AS2,108.98301,5.7096915,0.0,0.0
CAV3,8.520167,5.709459,1.5932299003884343e-17,3.581613806217301e-17
IGFN1,25.481367,5.7092137,3.1720390946717513e-143,1.0708850401927155e-142
LINC02576,10.5007,5.7060757,8.574157330977165e-26,2.0442020505712554e-25
TAPT1-AS1,92.24685,5.703674,0.0,0.0
AC015849.3,36.481304,5.7035723,2.1949482851279575e-291,8.94889173820635e-291
DOCK8,170.58951,5.700408,0.0,0.0
LINC02435,11.906587,5.699896,1.0936332463371878e-32,2.718433481846562e-32
AC098864.1,11.269546,5.697658,1.8552500553356626e-29,4.5296018300175376e-29
AC083906.3,14.017774,5.6925426,1.2136258822998965e-44,3.1796976580885407e-44
ERVMER61-1,37.549664,5.6893525,1.426766254167657e-308,5.920799253171852e-308
C1QL3,9.293183,5.689165,1.4974189398307938e-20,3.450279439232471e-20
CATSPERB,112.3372,5.6869307,0.0,0.0
RNF212B,10.576274,5.682593,3.839237724944125e-26,9.177002591678809e-26
SORCS2,89.11498,5.680615,0.0,0.0
AC130324.2,19.323423,5.679016,3.4125126828186585e-83,1.0109500353494681e-82
SLC2A14,18.761932,5.676961,1.5467471146051649e-78,4.525905895193274e-78
STPG2,64.34679,5.6756725,0.0,0.0
CHRM5,15.6549225,5.6734486,3.0748764832117276e-55,8.388092614248714e-55
LHFPL3,31.216848,5.670498,6.294312985331135e-214,2.359967781320828e-213
AL139011.2,7.711237,5.6642323,1.2460415520279485e-14,2.7278231915920615e-14
AC114781.2,8.354969,5.6568513,6.545006323274283e-17,1.4622033342887696e-16
CNGB3,26.235823,5.6566486,1.0374515822776835e-151,3.5519936492359415e-151
KCNK2,34.16474,5.656194,8.077660140208541e-256,3.184690306279816e-255
AC023421.2,8.62257,5.656087,6.5468150455292174e-18,1.4766838397072854e-17
LINC02432,16.205267,5.6546044,4.628718348128247e-59,1.2805513661254182e-58
CLVS1,12.513166,5.6527104,6.325151730564121e-36,1.595879448082352e-35
RHEX,256.8094,5.6518393,0.0,0.0
RASGEF1C,20.762136,5.6472983,9.523528642565256e-96,2.916716457321635e-95
DSCAML1,64.19384,5.644929,0.0,0.0
KCNH7,7.2353253,5.6447897,4.644143896430687e-13,1.0005221365842138e-12
AC007325.2,13.916092,5.644298,5.058124314078623e-44,1.3217096805127134e-43
BCAS3,242.65239,5.6379495,0.0,0.0
AL662796.1,18.13709,5.6347113,1.6240423067719107e-73,4.6907246986477434e-73
COL10A1,20.033285,5.632334,2.824048401468387e-89,8.508738832298895e-89
AC087294.1,35.698578,5.632219,4.159090574637542e-279,1.675780388443807e-278
ARNTL2-AS1,6.7642946,5.63018,1.339603838092154e-11,2.8371585267776884e-11
AC244035.1,21.66767,5.629687,4.142029572595313e-104,1.2961124645410575e-103
ARHGAP31,74.58204,5.6294594,0.0,0.0
PDE4D,229.17245,5.6268806,0.0,0.0
AL031123.1,28.164835,5.626508,1.577315046466258e-174,5.604393372897196e-174
AC010894.3,65.59701,5.624807,0.0,0.0
AC079447.1,43.57787,5.6247563,0.0,0.0
AC087623.2,14.371052,5.6242733,7.862775459751996e-47,2.0805354778358106e-46
AC025165.2,13.593439,5.619015,4.380059345511465e-42,1.1365830621524919e-41
CEP44,213.68785,5.6181984,0.0,0.0
UBE2R2-AS1,11.890174,5.613738,1.3312848594039707e-32,3.308047955082401e-32
AC073343.2,36.987076,5.608484,1.8476660433863822e-299,7.604401151386741e-299
CAMKMT,243.35724,5.607518,0.0,0.0
DGKI,34.409958,5.602113,1.7896056653559917e-259,7.077414664251028e-259
ST7-AS2,30.641968,5.59955,3.381050284879433e-206,1.2550900680388391e-205
CDKAL1,259.85025,5.5969405,0.0,0.0
ZHX2,211.42607,5.591197,0.0,0.0
GDAP1L1,7.4845166,5.591089,7.181105156236172e-14,1.5605124384697487e-13
AL139021.2,7.28393,5.590918,3.2423381868603856e-13,6.998483053723206e-13
TMEM266,22.634022,5.586489,2.0045918154673997e-113,6.392612992521849e-113
AC090518.1,7.0068774,5.5855436,2.4369591661410023e-12,5.207569590863579e-12
TFAP2A,113.10394,5.5819244,0.0,0.0
PP2D1,8.118369,5.5813866,4.724902818944573e-16,1.0468665984651354e-15
AC009690.2,20.668526,5.5807586,6.651734393756568e-95,2.0331820375492333e-94
C22orf34,9.339858,5.5777063,9.646351728569508e-21,2.227009354582578e-20
NBEA,170.31181,5.57604,0.0,0.0
AC025287.4,6.74306,5.575519,1.5508500909665053e-11,3.281264110212861e-11
AC007220.1,12.963633,5.574671,1.9670648332574768e-38,5.01921926260203e-38
HMCN2,11.933218,5.573459,7.944238524973287e-33,1.9763552118151738e-32
TRAPPC9,244.201,5.573346,0.0,0.0
RSPO4,9.783497,5.5698853,1.3254987321232956e-22,3.0993726787236457e-22
ABCB5,13.423452,5.568812,4.4069488536647747e-41,1.1387574347980469e-40
AC025917.1,10.156243,5.5625973,3.108225838490438e-24,7.34052375324877e-24
AL078612.1,7.136656,5.557682,9.562881554064441e-13,2.0528634217179628e-12
TPTE2,7.32007,5.554807,2.4784229273404474e-13,5.356252125612077e-13
FLVCR2,70.49652,5.5525303,0.0,0.0
AL512380.2,18.04068,5.5514736,9.338875266854964e-73,2.6907697007535086e-72
AC025043.1,14.512683,5.5512924,1.0070327828860171e-47,2.6749732912318147e-47
CC2D2B,19.067665,5.543779,4.687742770139286e-81,1.380287605964833e-80
BICDL1,170.67325,5.541373,0.0,0.0
SCN2A,17.645073,5.541083,1.1103090445221418e-69,3.171544407500372e-69
AL138787.2,16.36103,5.5370226,3.6293064639882853e-60,1.0068904536036647e-59
LY86-AS1,15.9009,5.536715,6.246147366982638e-57,1.7146856163149326e-56
ANK1,73.967766,5.53428,0.0,0.0
AC123912.1,28.959547,5.5292244,2.1277646664892865e-184,7.675652406722286e-184
STUM,88.12326,5.5265503,0.0,0.0
HMGCS2,10.640786,5.5238132,1.92497429693613e-26,4.6110067317102465e-26
CRTC3-AS1,36.119316,5.523394,1.128436178157997e-285,4.572899731165864e-285
AL162411.1,47.065407,5.5223947,0.0,0.0
CHODL,54.6206,5.5196643,0.0,0.0
AC018462.1,19.585978,5.50974,2.0365772648723447e-85,6.066793768957967e-85
AP001636.3,7.035854,5.504985,1.980445633247913e-12,4.235718081394283e-12
SNED1,161.63899,5.503171,0.0,0.0
AC009686.1,21.183413,5.497764,1.3582800480831854e-99,4.19692474834116e-99
STOX2,158.68636,5.496196,0.0,0.0
SPIDR,270.1362,5.495648,0.0,0.0
TENM3,92.194695,5.494582,0.0,0.0
AC087632.1,7.1245656,5.49353,1.0440927434418126e-12,2.240539111535261e-12
AC008074.1,14.92578,5.4928384,2.2400073680646357e-50,6.004667536215386e-50
PTHLH,66.185165,5.4887443,0.0,0.0
PTPRM,239.85297,5.4853115,0.0,0.0
AL138828.1,56.675064,5.482633,0.0,0.0
EDA,204.53601,5.4825864,0.0,0.0
AL513327.1,23.55699,5.482353,1.0644629147993737e-122,3.4489345922784185e-122
WWOX,243.30568,5.4821544,0.0,0.0
GPC3,85.10035,5.4770474,0.0,0.0
AC006449.3,7.0722013,5.4751472,1.5249489009286361e-12,3.264589027433857e-12
LINC00624,38.507362,5.4731345,0.0,0.0
AC136604.2,17.057913,5.4697185,3.0527015042545663e-65,8.600923139074263e-65
AC055855.1,6.5792894,5.4670596,4.727017283214636e-11,9.935854535791032e-11
C8orf37-AS1,43.0966,5.466911,0.0,0.0
AC098829.1,28.778719,5.4611645,3.961141116182454e-182,1.4244093663037978e-181
RMDN2-AS1,15.733951,5.452649,8.851200543646122e-56,2.4188039242445862e-55
UNC13A,23.276104,5.450365,7.741836595215946e-120,2.49526778712865e-119
AL139082.1,8.031114,5.449952,9.659196470328064e-16,2.1346809741714393e-15
AP001432.1,7.044348,5.4471526,1.863322381589399e-12,3.98695094039091e-12
AC097460.1,6.711049,5.446751,1.932302716937179e-11,4.0830697124261105e-11
AC138123.1,22.590683,5.4413524,5.351454749129545e-113,1.7047298677647837e-112
AC107032.2,12.944149,5.437167,2.535572643331053e-38,6.466487620482424e-38
AP000317.1,13.640286,5.4345903,2.3065304140270288e-42,5.990487522094826e-42
LINC00276,10.370037,5.43363,3.3939442134087483e-25,8.062358026060682e-25
STEAP1B,50.228363,5.432661,0.0,0.0
PIWIL4,67.250206,5.428543,0.0,0.0
CPA6,22.976387,5.426373,8.02944512165844e-117,2.57224467826615e-116
RBM14-RBM4,53.722538,5.4234653,0.0,0.0
AC007285.1,12.323522,5.423152,6.767322035360852e-35,1.6996004397364005e-34
AC006581.2,8.629039,5.421745,6.186986075367878e-18,1.3958415372115015e-17
CYP4A22-AS1,28.75932,5.421486,6.926200222701622e-182,2.4900254757289856e-181
AP000446.1,21.246363,5.4197793,3.5621710175609495e-100,1.1025145178553068e-99
ZNF451-AS1,33.148727,5.419383,5.907915902977247e-241,2.2880099228185983e-240
AL050403.2,24.535927,5.4193625,6.112855031591922e-133,2.023003575959985e-132
NUP50-DT,147.05731,5.4193244,0.0,0.0
SHC3,42.004784,5.4170895,0.0,0.0
SCN8A,28.676283,5.413426,7.54012776197445e-181,2.705796242691767e-180
LINC02210-CRHR1,24.406239,5.4100885,1.468302862229694e-131,4.843496818771544e-131
PRKCE,197.08054,5.408679,0.0,0.0
ELMO1,76.11634,5.4074283,0.0,0.0
COL18A1-AS1,10.24529,5.4070597,1.2425208757893251e-24,2.941685357336549e-24
AL031594.1,12.778517,5.4046655,2.1615297605829865e-37,5.492640377765734e-37
PDE7B,136.83527,5.4009013,0.0,0.0
AL591368.1,12.234454,5.3984594,2.03467335217529e-34,5.098337215930107e-34
AC008554.1,20.755028,5.39827,1.1041691873829942e-95,3.380974295252988e-95
AC073167.1,18.643204,5.3982205,1.4338978317468312e-77,4.182851227055608e-77
AC007991.3,11.618719,5.395935,3.310629840542538e-31,8.164598228764085e-31
STXBP5L,42.940773,5.395016,0.0,0.0
RAD51B,195.77895,5.393111,0.0,0.0
AC090617.4,14.974258,5.3878403,1.081672388046602e-50,2.9014247996199617e-50
GCC2-AS1,45.470535,5.387233,0.0,0.0
AL132712.1,7.1529813,5.386859,8.491333084196476e-13,1.8240275403820613e-12
ZSWIM5,75.119156,5.3865566,0.0,0.0
VPS13B,252.5301,5.3843446,0.0,0.0
RHOXF1-AS1,60.38824,5.3832903,0.0,0.0
AC092118.1,30.739998,5.3821297,1.663619321283344e-207,6.189577744424487e-207
AC108866.1,18.369368,5.3807774,2.3108749565354075e-75,6.71126450299868e-75
OR3A2,8.70849,5.3803005,3.079495370522062e-18,6.967322884731573e-18
PCDH11X,15.468624,5.37994,5.650171747118064e-54,1.533262007833086e-53
ADRA1B,10.039635,5.3777623,1.0205093959422982e-23,2.4033529358143447e-23
TMED7-TICAM2,12.45147,5.377559,1.3729152448899295e-35,3.458935857145262e-35
AL137779.2,7.518169,5.3765707,5.554874222048694e-14,1.208898487560601e-13
GMDS-DT,212.32419,5.372787,0.0,0.0
AL590822.1,6.6917076,5.3687205,2.2058094960439336e-11,4.6566738932068456e-11
AC009269.2,12.550618,5.368605,3.944172470090327e-36,9.963337300407815e-36
FAM66D,35.866467,5.365726,1.0185667339383602e-281,4.116927956912096e-281
AL049869.3,15.244264,5.355873,1.797467569649488e-52,4.854066514106024e-52
FRG1-DT,28.314667,5.355401,2.2804671592914885e-176,8.126245349810263e-176
ATP2B2,114.32614,5.3531904,0.0,0.0
NKAIN2,19.566805,5.3456407,2.967108521624566e-85,8.83520365469128e-85
DM1-AS,25.99495,5.34404,5.648194587703605e-149,1.9277760769173308e-148
TMEM117,198.13637,5.341639,0.0,0.0
XKR4,66.86699,5.339766,0.0,0.0
ZNF350-AS1,21.893291,5.3323684,3.0097827289460057e-106,9.46123951306957e-106
AL138963.1,8.416783,5.328546,3.8696230293371177e-17,8.668636629974592e-17
AC068234.2,21.326239,5.3270926,6.481455180054258e-101,2.0102654287049913e-100
EDDM13,29.186193,5.3260064,2.903179364185896e-187,1.0516546445585071e-186
AL132780.1,20.73545,5.3260036,1.6589277253188717e-95,5.0764907490845884e-95
VWA5B1,7.8220778,5.3252425,5.195841804492956e-15,1.141786043210872e-14
ACOXL,38.00189,5.321338,0.0,0.0
IL12RB2,31.235037,5.32045,3.564671872308791e-214,1.3373746714430007e-213
PMFBP1,15.765479,5.319435,5.376285698229971e-56,1.4700158950808428e-55
PHF21B,89.789116,5.315818,0.0,0.0
FAR2,72.74013,5.311258,0.0,0.0
AC243585.2,14.655254,5.309354,1.2468958698094136e-48,3.3222805229154546e-48
AC061992.1,30.09128,5.305456,6.3013247363956695e-199,2.3178639694290497e-198
AC120498.4,7.0452194,5.301113,1.8516971923199886e-12,3.962363629652845e-12
AC006299.1,17.06165,5.300518,2.8635663690120685e-65,8.069578669427082e-65
AC093249.2,10.596293,5.296252,3.1002610092083486e-26,7.414813930665144e-26
AC008892.1,15.675092,5.29457,2.2390047444921136e-55,6.110703336862487e-55
INKA2,16.793762,5.2939315,2.711055486870354e-63,7.591263846698422e-63
AC108058.1,13.22813,5.2938023,6.0370285710416655e-40,1.5510131695046143e-39
DIP2B,245.81566,5.293381,0.0,0.0
BTBD9,221.33842,5.2915616,0.0,0.0
AC079630.1,9.321318,5.284464,1.1490434530714156e-20,2.6510862699585047e-20
PCAT1,214.9215,5.2824993,0.0,0.0
ARHGAP40,40.400124,5.2816315,0.0,0.0
AC040934.1,12.661452,5.2803206,9.669362045319095e-37,2.4480132132910913e-36
SSH2,276.7908,5.2769036,0.0,0.0
AC091948.1,10.938332,5.276832,7.55781038079127e-28,1.8266667256896892e-27
AC091133.1,12.004771,5.2750463,3.353915521048964e-33,8.363547148841065e-33
TMEM233,33.731575,5.2725644,1.9917772762801087e-249,7.800687396359629e-249
AC010978.1,9.602564,5.271495,7.798035373604211e-22,1.814911606104448e-21
LINC00511,185.23906,5.270974,0.0,0.0
AL122035.1,14.735546,5.265855,3.81105231804449e-49,1.0173601062362484e-48
TPRG1,88.35476,5.2656493,0.0,0.0
AMBRA1,205.11337,5.265365,0.0,0.0
LINC00923,69.16763,5.2640853,0.0,0.0
AC019117.1,59.408577,5.262748,0.0,0.0
LINC00862,19.219326,5.2620344,2.5505873635201742e-82,7.539423908383458e-82
AC046158.1,10.734009,5.2552505,7.04714905765182e-27,1.6925767521143412e-26
EXT1,250.29475,5.253686,0.0,0.0
AL355001.1,7.8537836,5.253616,4.036710657540779e-15,8.877276267290677e-15
KAZN,253.32904,5.2462654,0.0,0.0
LINC01648,6.6234283,5.242302,3.509619898676546e-11,7.38854178426737e-11
ADAM23,38.817963,5.2403526,0.0,0.0
AC021351.1,6.68075,5.236505,2.3772231032106826e-11,5.017468246573616e-11
PARD3B,214.02951,5.2343326,0.0,0.0
AP002812.2,21.006735,5.232234,5.6915576541208685e-98,1.7511116641611717e-97
TSNARE1,92.32696,5.230575,0.0,0.0
ZYG11A,30.152674,5.2297616,9.894496445716346e-200,3.643652326250202e-199
PLCG1-AS1,24.938751,5.227312,2.8282783033821794e-137,9.429723190569691e-137
EPHA6,40.559124,5.225909,0.0,0.0
LRRC37A3,122.03387,5.222365,0.0,0.0
MAGI1-AS1,27.028639,5.2201533,6.8108203253116394e-161,2.365602495959218e-160
AC104806.2,19.252108,5.2183013,1.3553484489127533e-82,4.008757982411219e-82
IGF2BP3,126.295715,5.2172246,0.0,0.0
AC105219.4,12.788083,5.2169623,1.911291890835764e-37,4.858435872977543e-37
SPANXA2-OT1,6.889984,5.216945,5.579858427426276e-12,1.1871269406476796e-11
SLFNL1-AS1,53.529327,5.2164917,0.0,0.0
ERC2,60.60476,5.2139163,0.0,0.0
AC020661.3,14.628278,5.211759,1.85421070256465e-48,4.935981433943398e-48
PURPL,14.33697,5.211634,1.2854602781746963e-46,3.3986607587517936e-46
AC008629.1,19.80344,5.2110553,2.780454779810133e-87,8.326420205637687e-87
AC011443.1,11.909681,5.210412,1.0537935808106874e-32,2.6200660470943506e-32
AL157838.1,27.519812,5.209813,1.0172215614791432e-166,3.5675240748787525e-166
GRM8,10.679093,5.208469,1.2751095391950958e-26,3.057570823583531e-26
GRID1,14.688734,5.200428,7.612267621900078e-49,2.0293424471852422e-48
AL513211.1,6.731959,5.19797,1.673941351559519e-11,3.540937543807493e-11
ZHX3,205.11937,5.196927,0.0,0.0
GTF2IRD1,218.40546,5.196487,0.0,0.0
AL157834.1,9.292764,5.195798,1.503327731069921e-20,3.463623929039148e-20
DPH6-DT,30.370802,5.1945643,1.335102801870353e-202,4.933131348752693e-202
CYP1B1-AS1,36.533848,5.1871886,3.219137031228854e-292,1.3137246618599786e-291
AC027097.2,43.660492,5.186902,0.0,0.0
SH3GL3,14.69709,5.1850724,6.728972863362896e-49,1.7946763787491538e-48
MYO1H,18.348427,5.18491,3.3981148717314563e-75,9.863986254028302e-75
AP001439.1,7.728504,5.180441,1.0881761036449616e-14,2.3834624195694793e-14
AC010504.1,6.789369,5.179095,1.1262486024428163e-11,2.3876890824995596e-11
AC109587.1,24.390167,5.174099,2.174655911451852e-131,7.171143390862444e-131
LARGE1,180.49353,5.172254,0.0,0.0
LINC01554,26.34626,5.1712546,5.664637221931699e-153,1.9434964234186484e-152
LINC00486,15.9766655,5.170808,1.8582458750624952e-57,5.111214669392277e-57
AC021739.2,25.336779,5.1696076,1.2570093064493909e-141,4.2320698688234535e-141
LINC01983,9.4374075,5.166489,3.8211646637547656e-21,8.861237044187077e-21
NEXMIF,33.608856,5.1662316,1.245382576094418e-247,4.858785502981657e-247
AC121161.2,15.22484,5.1662087,2.4194822382435034e-52,6.531429792058749e-52
CLDN20,7.108083,5.1644053,1.176660471034859e-12,2.52300201202871e-12
DAPK1,228.87592,5.162181,0.0,0.0
LINC01191,32.593937,5.161442,4.9984109084985785e-233,1.915679093159806e-232
AC124947.1,13.632586,5.157639,2.5633362418544136e-42,6.656874436897445e-42
AC074386.1,102.43492,5.1567163,0.0,0.0
CAPN14,27.2852,5.155459,6.3561281334594346e-164,2.218634323653157e-163
FANCD2OS,9.192791,5.1536593,3.8277694494701633e-20,8.783435530566005e-20
WARS2-IT1,7.3499722,5.153218,1.9824773375748e-13,4.289146148332028e-13
CR381653.1,52.628338,5.1515503,0.0,0.0
AC005480.1,48.786446,5.1483746,0.0,0.0
NDST3,9.673558,5.1418967,3.9055926657748236e-22,9.105649093662605e-22
NR3C2,107.937645,5.1406937,0.0,0.0
AC011921.1,29.520876,5.1392517,1.553740939925335e-191,5.660247959042085e-191
SPATA9,15.455089,5.136395,6.971592190832811e-54,1.8911548538976016e-53
GPR1,18.285904,5.128927,1.071717051483878e-74,3.1057708076858604e-74
GRIK1,18.74011,5.128592,2.331428324108826e-78,6.819918614257913e-78
BORCS8-MEF2B,11.762941,5.1247177,6.058633728448063e-32,1.500683224300212e-31
CPXM2,71.52006,5.122358,0.0,0.0
GRTP1-AS1,7.3182673,5.1211586,2.511931567761822e-13,5.42787495946192e-13
FLG-AS1,40.65193,5.1199374,0.0,0.0
AC008735.2,36.122707,5.1147466,9.98328222502577e-286,4.046202636632047e-285
LINC00607,11.79211,5.112585,4.286618058744805e-32,1.0623905268546713e-31
ARL15,196.02663,5.1120706,0.0,0.0
HYAL1,19.208387,5.1093698,3.149014334302664e-82,9.304622102457242e-82
MAP3K20-AS1,19.253782,5.108139,1.3122523652763428e-82,3.8820689587868565e-82
LGI2,38.22792,5.108015,0.0,0.0
C5orf17,25.466124,5.107101,4.679740141894557e-143,1.5789845337082527e-142
SSTR1,8.082072,5.1028705,6.367510874310899e-16,1.4093284074231812e-15
KIAA1211,97.98568,5.1003513,0.0,0.0
LINC01135,15.172937,5.0990005,5.34307228551651e-52,1.4405270208281066e-51
AP002498.1,8.108975,5.09842,5.104832675978298e-16,1.1306210824393544e-15
PTPN20,48.63422,5.096137,0.0,0.0
AL078459.1,48.94854,5.094344,0.0,0.0
AC034102.5,6.620823,5.0933075,3.5720479671527115e-11,7.518894894149231e-11
CACNG4,54.42902,5.093032,0.0,0.0
IGF2BP1,14.636043,5.092323,1.6541964008110387e-48,4.404329611031465e-48
EFCAB3,11.062649,5.090608,1.9039001922569263e-28,4.621633594520923e-28
GRIA4,14.341218,5.090547,1.2091466711744348e-46,3.1977522120527548e-46
LRRTM4,15.503213,5.0874705,3.299712989740441e-54,8.9691204516785e-54
AC091057.6,37.01548,5.085605,6.454873520545923e-300,2.6577302713569593e-299
NRG3,7.942298,5.0852313,1.9846968779505704e-15,4.3724335128230635e-15
AC009242.1,11.034269,5.0837812,2.611663804691592e-28,6.330331786304088e-28
GLDC,107.0214,5.083703,0.0,0.0
AL022068.1,139.27307,5.0803576,0.0,0.0
MARCH1,44.30634,5.079496,0.0,0.0
NR6A1,145.87177,5.078159,0.0,0.0
RPTOR,178.51309,5.0731187,0.0,0.0
GRAMD2A,69.194,5.0678225,0.0,0.0
AC018682.1,19.128298,5.0662713,1.4678846706931193e-81,4.329468070871735e-81
NECTIN3-AS1,13.605353,5.065856,3.721651327274174e-42,9.659871995640885e-42
SMIM35,17.608196,5.061848,2.1312973455051064e-69,6.080889914276888e-69
EPB41L1,202.15291,5.059891,0.0,0.0
SHROOM4,148.22476,5.0593967,0.0,0.0
AL356805.1,9.373715,5.058541,7.002344810463972e-21,1.6193847776098447e-20
AC007622.2,9.186426,5.0577364,4.0611100795648565e-20,9.316701417771148e-20
AL354733.2,11.73262,5.0574527,8.673135734051214e-32,2.1466574321224737e-31
HOXD3,36.871937,5.0572624,1.3021333524841128e-297,5.3479830179215376e-297
PURG,18.729055,5.0571585,2.8695773721126505e-78,8.392455164750577e-78
AL450992.2,9.317416,5.0539,1.1920803586102112e-20,2.749736993419742e-20
ANGPT1,59.844296,5.0526643,0.0,0.0
FAM20A,174.69846,5.052179,0.0,0.0
AL136382.1,20.115044,5.046539,5.449199768833182e-90,1.6451780919501467e-89
SEMA6D,70.02927,5.044745,0.0,0.0
TCERG1L,10.75742,5.036728,5.467993104596524e-27,1.31415183835546e-26
DRAIC,72.76978,5.0366445,0.0,0.0
AL049830.3,8.974743,5.0363774,2.8401540754171335e-19,6.471431315360182e-19
AC005670.2,44.03695,5.035232,0.0,0.0
PLEKHA7,208.02422,5.03039,0.0,0.0
AGAP1,253.37656,5.029025,0.0,0.0
HNF4A,23.892414,5.025391,3.672527880325313e-126,1.1982073616838636e-125
GOLGA8M,12.724182,5.0236087,4.339944962689651e-37,1.1010186834039982e-36
AL139300.2,7.268394,5.020284,3.63786006251559e-13,7.848188752636278e-13
DRICH1,19.655098,5.0174785,5.228808702665912e-86,1.5601366170528886e-85
SLC7A9,14.434808,5.0171227,3.1251452647678046e-47,8.284159754810886e-47
AL158071.1,19.073315,5.016076,4.2076373421273174e-81,1.2392931449533181e-80
AC093827.5,20.366547,5.015007,3.312268194393322e-92,1.0056681038498334e-91
VWC2L,7.0351744,5.0102024,1.9901164876494273e-12,4.2560935602757525e-12
ARMH3,173.05833,5.0100484,0.0,0.0
OTX1,9.422541,5.0077887,4.403036287405817e-21,1.0200177419557054e-20
AC013652.1,16.907637,5.006462,3.9524092834206925e-64,1.109560282720915e-63
KIAA0513,128.34949,5.0059237,0.0,0.0
FAM156A,16.872381,5.004975,7.184020149115687e-64,2.0150466850625591e-63
NPIPB3,14.452858,5.0004387,2.4049708062091596e-47,6.377405523289914e-47
MAMLD1,51.370934,4.9987793,0.0,0.0
STK3,265.72903,4.99809,0.0,0.0
STAC,27.051437,4.996652,3.673691455463884e-161,1.2767342436136105e-160
NCOA2,256.88702,4.9895387,0.0,0.0
PADI2,15.881398,4.988861,8.525713690727941e-57,2.339817149509257e-56
LINC01644,7.918046,4.9877634,2.412720694433034e-15,5.313815789573948e-15
SLFNL1,22.34212,4.9875026,1.4404467152974297e-110,4.5669305886550464e-110
INVS,162.35782,4.986982,0.0,0.0
AC073610.3,14.81586,4.9862647,1.1569925273601404e-49,3.0933444393793524e-49
ZIM2,7.8723493,4.9853497,3.480428645989026e-15,7.658499099557075e-15
AC104827.1,9.935458,4.981195,2.918306784544188e-23,6.853634431969927e-23
SRGAP2-AS1,8.182338,4.9756055,2.783902981400693e-16,6.18528741560172e-16
AC004540.1,43.712536,4.9720144,0.0,0.0
MYLK4,23.97173,4.9635463,5.484871830135637e-127,1.791882566035019e-126
CFAP47,137.84816,4.962268,0.0,0.0
MIR34AHG,122.928665,4.9594245,0.0,0.0
CMKLR1,6.5940156,4.9580193,4.280867842109091e-11,9.002565687044684e-11
KLHL29,142.34462,4.954632,0.0,0.0
GRID2,18.073805,4.948506,5.125366076383253e-73,1.4774703263920096e-72
AC022101.1,14.383432,4.9443297,6.575108162327172e-47,1.7404351383427879e-46
AC119403.1,10.50667,4.9436345,8.048520001497939e-26,1.9193474573547134e-25
UGT3A1,8.341177,4.9425187,7.35550035184446e-17,1.6427766252455522e-16
SHANK2,203.15707,4.938771,0.0,0.0
AL359317.2,11.61229,4.9373603,3.569244759171838e-31,8.80165325581164e-31
PRKCA-AS1,17.803993,4.9353695,6.580477132101153e-71,1.8882663464284037e-70
KIF9-AS1,95.179855,4.9340467,0.0,0.0
CAMK1D,126.996506,4.933814,0.0,0.0
DENND6A-AS1,24.914963,4.9324913,5.122386591605482e-137,1.7072694813782156e-136
AL359921.1,15.0130825,4.928956,6.027965896166819e-51,1.618529122693273e-50
GRIK4,7.253262,4.9262815,4.068514051846514e-13,8.771498864789921e-13
AL109930.1,29.31153,4.924528,7.394679940528718e-189,2.6836045058843927e-188
AC008514.1,18.538694,4.9214034,1.0063591579849312e-76,2.9293036900241514e-76
NIM1K,15.852909,4.916568,1.3422190321619052e-56,3.6805393276758343e-56
GATA4,10.165175,4.913132,2.8361127190705993e-24,6.700568733031026e-24
PCAT7,35.339905,4.910492,1.4328464117917763e-273,5.735658742064681e-273
FAM151B,93.23409,4.9046073,0.0,0.0
AC026202.2,43.88588,4.903959,0.0,0.0
AF127577.2,8.553008,4.903762,1.1992122823937423e-17,2.6989359575556142e-17
AP001207.3,33.28925,4.903157,5.52466502145094e-243,2.1452118091182936e-242
KCNK3,19.627966,4.90074,8.92145014649689e-86,2.658698383550844e-85
LINC01285,33.550926,4.8969245,8.727456028329544e-247,3.402716880334981e-246
SYNPR-AS1,8.769055,4.8961873,1.8017138703939746e-18,4.081986388885536e-18
COP1,225.75029,4.8960524,0.0,0.0
AC090921.1,8.141192,4.8946896,3.9140323795250133e-16,8.679887065738483e-16
ADCY10,6.779842,4.8936276,1.2030730597442735e-11,2.5498275643614725e-11
SPRY4-AS1,25.78163,4.8922386,1.4251282103959193e-146,4.842254752386549e-146
ELFN2,27.716183,4.8921876,4.4566826833231123e-169,1.5691646552823596e-168
AC078864.1,32.66373,4.890679,5.115792081620717e-234,1.9624492097981264e-233
IMMP2L,249.53267,4.8866935,0.0,0.0
AL513314.2,34.076996,4.8850517,1.6168138279544578e-254,6.367633014069771e-254
AC022784.1,76.91659,4.881189,0.0,0.0
NLGN1,83.7222,4.8804674,0.0,0.0
PARD3,273.4316,4.879187,0.0,0.0
AC008543.1,29.83255,4.8781557,1.4785158709863962e-195,5.4142576475977525e-195
DNAH17,15.653295,4.871308,3.1545578186593165e-55,8.604663992703641e-55
ZBTB20-AS1,15.846436,4.8697243,1.4878413926770868e-56,4.078339954121821e-56
NOXRED1,22.065027,4.867682,6.852741182454528e-108,2.1603656145818535e-107
AL035071.2,14.145132,4.8656373,2.0014124679530785e-45,5.260499348344852e-45
GRIA3,22.23126,4.859146,1.7126129015682899e-109,5.417617459379925e-109
AC004834.1,8.757636,4.8585634,1.993883422077845e-18,4.5159823173768036e-18
AL359232.1,36.845066,4.8575773,3.507966697099574e-297,1.440353956692859e-296
CDH12,36.93664,4.85704,1.1934569155641444e-298,4.9077820243154415e-298
GNAS-AS1,15.971166,4.8539906,2.0295738197839627e-57,5.580902774766777e-57
B4GALNT2,23.06677,4.8539567,9.98460574672551e-118,3.2051897782455086e-117
DNM3,92.965195,4.8524003,0.0,0.0
AC090579.1,21.318804,4.852181,7.597565356450065e-101,2.355691988407921e-100
CACNA1H,25.848515,4.85143,2.528476633913543e-147,8.609999423370262e-147
IL24,9.001002,4.8485146,2.2366719831687103e-19,5.101090798808466e-19
LRMDA,161.73318,4.8451285,0.0,0.0
EXOC6B,205.3584,4.8447213,0.0,0.0
DLEU2,187.77005,4.843209,0.0,0.0
SAP30L-AS1,24.229567,4.8418307,1.0859839393706976e-129,3.56799129167965e-129
NALCN,19.711208,4.841393,1.7279115663761543e-86,5.1608403514805135e-86
SCTR,11.152458,4.837552,6.965525418080193e-29,1.6946116789908397e-28
IPCEF1,95.18595,4.8357687,0.0,0.0
SLC45A4,206.47612,4.833578,0.0,0.0
DCLK1,39.26369,4.8322215,0.0,0.0
HUNK,92.864105,4.8279104,0.0,0.0
PIK3IP1-AS1,17.300426,4.823308,4.66925667054057e-67,1.3237629558473793e-66
DIP2C,189.46999,4.8202405,0.0,0.0
PROSER2-AS1,18.74608,4.8200083,2.0839328724902004e-78,6.0971502749069275e-78
TTC28,224.88197,4.819837,0.0,0.0
VEGFD,8.455763,4.8178053,2.772694037546654e-17,6.220288302723748e-17
AC011479.1,8.40669,4.815261,4.2174534200418826e-17,9.444255667993994e-17
MIR3681HG,9.463438,4.8108463,2.9798216506788553e-21,6.915059594856315e-21
AP002986.1,27.195969,4.8105683,7.248504662697393e-163,2.5286277931418076e-162
AC116366.3,79.14507,4.8088493,0.0,0.0
TLN2,196.70561,4.8031054,0.0,0.0
AC009093.2,32.798214,4.8031044,6.243864640849411e-236,2.4020495420047304e-235
HEATR4,20.919014,4.7968984,3.594707021418592e-97,1.1044813062375508e-96
SYT16,17.45939,4.7968616,2.9203820472878604e-68,8.312982635088733e-68
AC003991.1,19.352568,4.796855,1.939339144993966e-83,5.7487136068732996e-83
LINC01004,103.044136,4.7934966,0.0,0.0
ADCY9,135.62619,4.79144,0.0,0.0
AC078785.1,9.148678,4.7896104,5.763452139750496e-20,1.320465060802484e-19
AP005899.1,13.772385,4.7865624,3.736738289276099e-43,9.730677397030266e-43
ENTPD1-AS1,120.574036,4.7857566,0.0,0.0
AC006064.2,22.367556,4.781757,8.148149004045415e-111,2.5850326610384733e-110
AL035530.2,24.95339,4.779254,1.961928534787133e-137,6.543454894089003e-137
ADAM22,81.00049,4.7774296,0.0,0.0
MTMR7,42.5599,4.777066,0.0,0.0
MYOM3,8.617297,4.7746425,6.855331427325598e-18,1.545681736649041e-17
XYLB,64.49806,4.773638,0.0,0.0
LINC02062,42.95308,4.7732477,0.0,0.0
ZNF235,82.37148,4.7724705,0.0,0.0
HIVEP3,94.79659,4.7679296,0.0,0.0
DPYD,112.25876,4.767546,0.0,0.0
C16orf74,141.65703,4.7674794,0.0,0.0
PLK5,10.5990925,4.766673,3.008845397671663e-26,7.196760456280917e-26
BSN,15.502349,4.764251,3.3443688405379416e-54,9.088828627009517e-54
CHST11,107.85439,4.7637215,0.0,0.0
SLC35F1,19.128578,4.7574744,1.4600397979654875e-81,4.3067600872960585e-81
AC010273.1,7.7046337,4.7569976,1.3121901893219483e-14,2.872209346281012e-14
FAM178B,7.536583,4.7539105,4.824464370031967e-14,1.0504824719587376e-13
AC090517.4,20.891354,4.7516284,6.417500173146367e-97,1.9707651842035383e-96
ONECUT2,25.273409,4.750631,6.263956211795779e-141,2.1050941952239602e-140
MYO7B,6.581889,4.7437854,4.6450840372119095e-11,9.765026811338199e-11
AC004889.1,56.12643,4.742117,0.0,0.0
FAM157C,80.5484,4.7406697,0.0,0.0
AL096855.1,6.9797187,4.7392864,2.9577148182883614e-12,6.313069648287338e-12
PRKD1,142.57886,4.738082,0.0,0.0
C3orf20,7.483018,4.7377124,7.263507097562074e-14,1.5783029035394266e-13
NCALD,211.92166,4.7368193,0.0,0.0
CARMIL1,225.36232,4.736206,0.0,0.0
ZDHHC14,142.30525,4.734988,0.0,0.0
AC020913.1,7.02626,4.734487,2.1214304440993948e-12,4.5352813302146625e-12
SPDYE1,16.37448,4.733799,2.9099072472534307e-60,8.075327601860145e-60
CTNNA3,23.29676,4.732704,4.781498463288163e-120,1.5421324772924798e-119
NAALADL2,209.96487,4.732585,0.0,0.0
FRMD5,21.91402,4.730041,1.9095593751093692e-106,6.005249025237452e-106
ADCY3,120.45162,4.7282104,0.0,0.0
SPTBN4,16.035398,4.7261324,7.231890612014247e-58,1.9927006603786572e-57
AC005037.1,25.54767,4.7247553,5.82783069369277e-144,1.9713154683247135e-143
SMURF1,211.2917,4.723619,0.0,0.0
MECOM,280.6807,4.721194,0.0,0.0
AC124312.1,82.88299,4.714291,0.0,0.0
ASTN2,84.585815,4.7137938,0.0,0.0
KCNIP1,30.815268,4.712436,1.6363595916818866e-208,6.098144717613089e-208
RNF128,7.827528,4.709732,4.975566637058242e-15,1.0935433372456823e-14
SMYD3,237.29976,4.7071176,0.0,0.0
AC021086.1,13.49906,4.706802,1.5838423527660375e-41,4.1001897674393874e-41
LRRC69,78.08004,4.706759,0.0,0.0
SLC9C1,14.27625,4.7060485,3.077213374720973e-46,8.117026436401102e-46
AGBL4,73.89924,4.7054396,0.0,0.0
POTEI,12.438657,4.70464,1.611912358698646e-35,4.059335830834983e-35
AC109361.1,11.5187845,4.700985,1.0609717965489908e-30,2.6080493758504703e-30
AL109811.1,11.409361,4.698631,3.7547740186365375e-30,9.201533341936677e-30
DOCK1,243.57364,4.697264,0.0,0.0
CPNE4,20.557886,4.6921287,6.542059496914062e-94,1.9953213896289222e-93
PAX6,7.8141084,4.6873918,5.535340652498024e-15,1.2163003904179376e-14
XKR6,147.78084,4.686943,0.0,0.0
TPK1,121.03896,4.6837873,0.0,0.0
LINC01483,8.485307,4.6822615,2.151506025534136e-17,4.8300116264271733e-17
AC015813.2,43.12373,4.682062,0.0,0.0
TGM5,26.743591,4.6818485,1.4660172500734638e-157,5.066887803683214e-157
STK31,30.2644,4.68173,3.372949686893949e-201,1.2444178442526026e-200
ASMTL-AS1,39.47632,4.6762033,0.0,0.0
MCPH1-AS1,49.504696,4.6743364,0.0,0.0
SLC16A10,60.890087,4.667494,0.0,0.0
TMPRSS9,12.411588,4.664942,2.2612501702374494e-35,5.691188743468156e-35
KIZ-AS1,40.95723,4.6645055,0.0,0.0
EHMT2-AS1,7.3664236,4.662251,1.7526637455166879e-13,3.7941617480469023e-13
AC246817.1,27.378574,4.660817,4.935773715151457e-165,1.7259135323673482e-164
FSTL4,10.00399,4.6589766,1.4637768130649877e-23,3.443426216028765e-23
AC016708.1,20.418169,4.6562386,1.1530503021771466e-92,3.5066504040464614e-92
KCNG3,122.81172,4.651948,0.0,0.0
ARHGAP44,131.94698,4.651591,0.0,0.0
ASB16,9.074318,4.648883,1.1439210838306042e-19,2.6135388476222626e-19
RFX3-AS1,69.801,4.644059,0.0,0.0
MTMR8,65.0292,4.643946,0.0,0.0
LINC02254,7.8270235,4.6426134,4.995561244229593e-15,1.0978560954238289e-14
IMPG2,30.113997,4.6412296,3.1777343675412446e-199,1.1690357029213024e-198
OBSCN,142.33206,4.64066,0.0,0.0
AC007566.1,21.654364,4.639754,5.528952709293493e-104,1.7291884505977214e-103
GRID2IP,11.937609,4.63888,7.535895407371944e-33,1.8750841875606126e-32
TENM2,17.676672,4.6346188,6.343220386084477e-70,1.8147190273306977e-69
AMZ1,28.751028,4.631861,8.793425151912457e-182,3.160923246938221e-181
ADAMTS9-AS2,124.4471,4.630966,0.0,0.0
DENND1A,170.02925,4.6264467,0.0,0.0
ADAMTS9-AS1,36.59215,4.6259494,3.812419495204284e-293,1.5575643012366147e-292
LZTS1,30.174751,4.6253805,5.079919295739149e-200,1.8713824451494145e-199
AC112206.2,22.554987,4.624923,1.1997521543399081e-112,3.817334459396346e-112
ZFAND3,263.0181,4.6231294,0.0,0.0
AC013394.1,145.68175,4.6230474,0.0,0.0
NRK,14.315635,4.6184754,1.7476060839643498e-46,4.61558068683188e-46
ADAMTS14,23.437601,4.6183944,1.7687693117958524e-121,5.71713635916501e-121
LAMB4,27.449686,4.6160355,7.007983009227874e-166,2.454290064782959e-165
AL512306.3,9.427233,4.6140876,4.21051964515999e-21,9.75725065695476e-21
GBP7,7.3300877,4.6106505,2.3000188500913593e-13,4.973241315310671e-13
GLIS3,243.47362,4.609781,0.0,0.0
AL031772.1,16.369259,4.609226,3.1705451699725763e-60,8.796974431014769e-60
DNAH8,6.6012926,4.606955,4.075881428395833e-11,8.57392638413798e-11
PRICKLE2,150.2724,4.6063747,0.0,0.0
PRKCA,185.16583,4.6058936,0.0,0.0
CACNA1E,9.107263,4.6046734,8.448680455569396e-20,1.931930725204927e-19
AL590999.1,7.754724,4.6034303,8.85357134881183e-15,1.940661831431215e-14
FGF12,58.620777,4.602912,0.0,0.0
AC008937.2,12.83596,4.601532,1.0311673834660014e-37,2.6234490250496273e-37
LINC01389,8.244164,4.6011624,1.663186526345142e-16,3.70335531013211e-16
WDPCP,173.02312,4.60009,0.0,0.0
SLC22A15,52.089172,4.5990667,0.0,0.0
OGFRP1,6.71337,4.5973754,1.901802637116377e-11,4.018908821672149e-11
AC108134.1,12.234586,4.5955586,2.031385784734436e-34,5.090531417448056e-34
DOK5,50.19865,4.5942945,0.0,0.0
HLF,46.36465,4.5932975,0.0,0.0
PITPNM2,124.31699,4.5922184,0.0,0.0
AC006160.1,7.6840444,4.587318,1.541434494602536e-14,3.3709961212777076e-14
AL021707.1,33.044697,4.586555,1.8539745865164328e-239,7.164076097857924e-239
CPS1,31.882448,4.5863543,4.675723491660655e-223,1.7715436837148978e-222
CIT,122.8837,4.582899,0.0,0.0
AC027288.3,39.140877,4.58242,0.0,0.0
FAAH2,176.72728,4.58138,0.0,0.0
LHFPL5,12.270082,4.581003,1.3111941916236273e-34,3.2888443454213635e-34
ALOX12-AS1,120.45488,4.5804505,0.0,0.0
AP3B2,20.184946,4.577666,1.3277102832095435e-90,4.014671786112822e-90
AC015971.1,11.982872,4.5724916,4.3692274608795446e-33,1.0883448917737069e-32
AC022167.2,18.849272,4.572322,2.979185162807003e-79,8.72944412162044e-79
BABAM2,220.28723,4.5720296,0.0,0.0
GLIPR1L1,7.896872,4.5711794,2.8599017542329305e-15,6.295877352206533e-15
STPG4,13.468613,4.570506,2.3931897862548283e-41,6.192140049777016e-41
AC087280.2,17.301548,4.570253,4.5791031377562105e-67,1.2984531943339822e-66
TBC1D22A,220.35858,4.5691876,0.0,0.0
SLC16A14,33.29735,4.5667453,4.217156433179188e-243,1.6379406743625072e-242
ZNF586,125.07013,4.566159,0.0,0.0
AL162254.1,7.9543104,4.5661488,1.8013195339301598e-15,3.970513237064837e-15
THSD7B,35.267464,4.5628824,1.8526798095219848e-272,7.406204788843131e-272
AP003354.2,15.339275,4.5607047,4.178320392094545e-53,1.1304241976963069e-52
ZNF423,51.046062,4.5600986,0.0,0.0
TEX41,10.708003,4.5569777,9.335406787725551e-27,2.2401638423658016e-26
AC007038.1,44.875404,4.556587,0.0,0.0
AC093512.2,7.6334395,4.555631,2.2857194668796017e-14,4.990557919183338e-14
TRIO,240.64984,4.5553026,0.0,0.0
APBB1IP,64.20069,4.5543633,0.0,0.0
LRRC19,12.562188,4.5534654,3.407775509913954e-36,8.610559665248487e-36
ACER2,22.058249,4.551954,7.960734931438051e-108,2.5091312042412814e-107
CBFA2T2,226.84761,4.5516605,0.0,0.0
AC011444.1,10.58123,4.5483866,3.641466188982003e-26,8.705674915854805e-26
AL022316.1,8.656963,4.548277,4.844993344027737e-18,1.0942459154809871e-17
JPH3,12.34318,4.547897,5.301999647052782e-35,1.3328343370857977e-34
CCDC178,8.92283,4.54742,4.545233727195347e-19,1.034058825995322e-18
EFR3B,22.275908,4.5462337,6.328223192519383e-110,2.003993896783886e-109
KCNJ6,13.790583,4.545541,2.904029756069399e-43,7.566260693200048e-43
WDFY3-AS1,11.415323,4.539793,3.505986019207315e-30,8.594700908782335e-30
MEGF11,23.059067,4.5369077,1.1929978670567964e-117,3.828431538164225e-117
MBD5,221.85083,4.535588,0.0,0.0
AL391152.1,10.395086,4.5351677,2.6105153117214015e-25,6.20630522140995e-25
ACMSD,14.395407,4.5339503,5.5298868732155445e-47,1.4642894491217274e-46
PPP4R4,21.198523,4.533574,9.854292421780658e-100,3.0461347766689295e-99
AC109460.2,15.9149475,4.525737,4.990869332669029e-57,1.3707251803731068e-56
PRLR,84.773575,4.5237155,0.0,0.0
AL603832.1,8.502653,4.523259,1.8530568275964957e-17,4.163174689510386e-17
LINC01091,106.05615,4.5231204,0.0,0.0
TIMM23B,152.35733,4.5229263,0.0,0.0
MAPK8IP3,171.559,4.522269,0.0,0.0
TSHR,9.692709,4.5207906,3.2382332399296866e-22,7.551530251529942e-22
SATB2,43.871323,4.5196147,0.0,0.0
MCU,207.91399,4.5142727,0.0,0.0
FER,197.11633,4.5132136,0.0,0.0
FO393401.1,12.333941,4.512124,5.946546843503581e-35,1.4942267553493938e-34
LRGUK,77.39483,4.511415,0.0,0.0
AL117350.1,8.438759,4.5101204,3.207254044601493e-17,7.190814056418047e-17
SPIRE1,166.45456,4.5098143,0.0,0.0
PTK6,52.607906,4.509801,0.0,0.0
SLC2A13,112.991455,4.5088005,0.0,0.0
GALNT16,19.9329,4.508519,2.1097531194405178e-88,6.34171514831825e-88
NEB,42.575485,4.5083027,0.0,0.0
KIFC3,190.11455,4.507622,0.0,0.0
TFAP2E,13.106866,4.5062194,3.007735001192129e-39,7.704581417869844e-39
CCDC73,17.52412,4.504878,9.377959287740805e-69,2.6728224859278638e-68
TBC1D8,190.45363,4.5045342,0.0,0.0
DNAH14,195.93959,4.5039864,0.0,0.0
DIO1,7.5427194,4.500203,4.6027153854803766e-14,1.0024943600327152e-13
PREX2,191.11908,4.499859,0.0,0.0
PABPC3,8.171772,4.4937887,3.0389246552279153e-16,6.749356578586067e-16
AC011405.1,19.101639,4.493106,2.4468813311607307e-81,7.214098014095086e-81
KANK1,195.27849,4.4922676,0.0,0.0
SLC24A4,17.309137,4.48546,4.0138484918506125e-67,1.1382785553092154e-66
CATSPERE,48.39105,4.485263,0.0,0.0
SIPA1L3,197.6473,4.4817595,0.0,0.0
AL159163.1,46.569557,4.4782662,0.0,0.0
AL136979.1,7.7455235,4.4779305,9.518888586161385e-15,2.086031762147278e-14
PBX3,105.63376,4.4778595,0.0,0.0
AC002563.1,10.912136,4.477805,1.008581542212241e-27,2.435474114116238e-27
AL031590.1,9.276626,4.475813,1.7493143524184808e-20,4.0269140027219936e-20
ARID3A,184.09477,4.4744983,0.0,0.0
LINC02328,9.604134,4.4722476,7.6801017690684725e-22,1.787745587581523e-21
AC009495.1,13.997851,4.464341,1.606550863911398e-44,4.2058020400091834e-44
NRG2,53.655727,4.460963,0.0,0.0
PATJ,259.6437,4.460294,0.0,0.0
PHACTR3,91.10026,4.4581013,0.0,0.0
FAM217A,18.087431,4.4545555,4.0032066425548704e-73,1.1542149204710538e-72
AC133550.1,11.596648,4.452683,4.285357574771992e-31,1.0561392854533212e-30
BEAN1,19.870604,4.4497085,7.311728382540127e-88,2.194038605186566e-87
PDZD2,208.16656,4.447293,0.0,0.0
PCNX2,141.56549,4.4470506,0.0,0.0
OOEP,37.59709,4.4469433,2.39830781636939e-309,9.956703193784347e-309
OSBP2,69.85078,4.4465384,0.0,0.0
SYCP2L,12.342857,4.4464583,5.323280210247893e-35,1.3380700085854638e-34
DPF3,25.481499,4.4444695,3.1613047779968766e-143,1.0673831476589043e-142
CNTN5,34.393536,4.4422026,3.149956826331381e-259,1.2453906156321553e-258
DLGAP1,187.74217,4.4398055,0.0,0.0
AC022400.6,15.691252,4.43866,1.735984315888347e-55,4.739609545874897e-55
EPHB1,19.990953,4.438356,6.60233098873605e-89,1.988037464029525e-88
AC107214.1,18.270224,4.4350204,1.4286187005992759e-74,4.137613792535957e-74
DANT2,146.12009,4.434697,0.0,0.0
MIOX,15.482833,4.433803,4.5307371135846405e-54,1.2308433023381273e-53
WDR72,135.16716,4.4234414,0.0,0.0
SYCP2,39.48296,4.420337,0.0,0.0
ULK4,185.02815,4.4170885,0.0,0.0
PTK2,269.56573,4.416006,0.0,0.0
ISPD,111.6516,4.412841,0.0,0.0
MAGI1,252.17358,4.4116545,0.0,0.0
AC011447.3,94.47772,4.4099607,0.0,0.0
TNIK,61.369648,4.4021845,0.0,0.0
AC010809.1,9.697063,4.4021673,3.103009373429053e-22,7.236760922236608e-22
LRP1B,23.76544,4.397692,7.608544288773382e-125,2.475543332387373e-124
FTX,259.5462,4.3968973,0.0,0.0
GALNT18,64.75832,4.3949,0.0,0.0
LRRN2,50.59081,4.3941984,0.0,0.0
ACE2,17.559164,4.392421,5.061448504714021e-69,1.4435442760692006e-68
NOS1AP,125.83714,4.3912315,0.0,0.0
IPO9-AS1,33.70665,4.390114,4.618935482930416e-249,1.8073030980645975e-248
MALRD1,9.232191,4.387762,2.6515050184000008e-20,6.093777196151609e-20
CARD11,65.21874,4.3873396,0.0,0.0
XKR9,15.067228,4.3833833,2.6604315406508875e-51,7.156362123831364e-51
AC009318.1,15.1495075,4.3823028,7.633640593507536e-52,2.0567646599112914e-51
JADE3,103.61594,4.381254,0.0,0.0
C9orf147,23.579,4.380322,6.330694554800346e-123,2.0527661162101047e-122
PRICKLE2-AS3,10.712588,4.3800426,8.884289402286959e-27,2.1324316512194903e-26
AP000695.2,9.248039,4.3795123,2.286490810624816e-20,5.2585727132204684e-20
AC002310.2,9.629728,4.3785853,5.988743830725369e-22,1.394697202849528e-21
AL139423.1,9.066778,4.377275,1.2258770863586255e-19,2.8001353929587105e-19
LINC00578,10.974139,4.374523,5.08884216993812e-28,1.2307412717303249e-27
NLK,182.51697,4.3741984,0.0,0.0
PTH1R,52.65214,4.3718476,0.0,0.0
RPS6KA6,50.761967,4.370913,0.0,0.0
USP32,185.52898,4.3667026,0.0,0.0
MTM1,128.20709,4.3666425,0.0,0.0
SCART1,25.080074,4.366042,8.205463943648906e-139,2.742584609575011e-138
AP003108.2,44.191746,4.363843,0.0,0.0
ACACB,77.74776,4.3610673,0.0,0.0
CADM3,18.353474,4.3595543,3.096677295552926e-75,8.990746292171655e-75
AC073529.1,37.204193,4.3570423,5.837567736911797e-303,2.409271492257238e-302
ANKS1B,56.054134,4.356904,0.0,0.0
NPHP3-ACAD11,11.761717,4.355565,6.147111731129454e-32,1.5224709336597565e-31
PCED1B,115.1914,4.3545794,0.0,0.0
AFG1L,77.57271,4.3519354,0.0,0.0
NT5C2,236.84843,4.3497972,0.0,0.0
AJAP1,18.10207,4.348979,3.069177048690633e-73,8.855183023725881e-73
FAM83A,28.901356,4.3483853,1.1479763025272305e-183,4.135627694721132e-183
DIAPH2-AS1,13.5634985,4.348039,6.591569685784918e-42,1.709247039174821e-41
CNNM2,98.59151,4.3480234,0.0,0.0
FAM49B,247.22217,4.346662,0.0,0.0
KANK4,6.7222166,4.343191,1.7898048445471726e-11,3.7841295238403385e-11
CD22,19.46082,4.3431897,2.3597813100888507e-84,7.011908038531269e-84
KCTD16,8.167352,4.3400335,3.1523344366563913e-16,6.999656809870159e-16
MYO1E,235.6956,4.3381047,0.0,0.0
CYP2C18,10.448918,4.337161,1.482052580256306e-25,3.528867335507879e-25
LINC02577,13.987917,4.336642,1.8474405524405294e-44,4.835143092578998e-44
NAALADL2-AS2,7.0176406,4.3355446,2.2564629837194574e-12,4.823261086444848e-12
OSMR-AS1,65.379036,4.3354883,0.0,0.0
PALM2,37.18405,4.3349233,1.2355154014444075e-302,5.097774179775514e-302
TBC1D5,250.12347,4.3333445,0.0,0.0
LINC00159,6.7483335,4.3332853,1.495529297153249e-11,3.164670737723787e-11
LY6E-DT,15.632657,4.333134,4.3623016137395804e-55,1.1891328962773913e-54
FAM19A2,55.33139,4.3306704,0.0,0.0
RNFT1-DT,11.22157,4.329792,3.1954747484470673e-29,7.789530239527976e-29
PLEKHM3,101.9354,4.32628,0.0,0.0
HM13-AS1,14.584229,4.326091,3.5389579941382826e-48,9.408969979913881e-48
SGK2,50.89216,4.324333,0.0,0.0
FAT3,13.262822,4.3228693,3.803107666884906e-40,9.785289657847108e-40
PPP2R3A,175.71588,4.321597,0.0,0.0
SNTB1,110.245926,4.313634,0.0,0.0
SLC22A1,8.152774,4.3121433,3.556711158540992e-16,7.8916282599530765e-16
SAXO1,12.3252535,4.3112025,6.623464643394023e-35,1.6636124089429744e-34
MSR1,13.3073225,4.3089504,2.098678898762288e-40,5.405022490881769e-40
ACSM6,6.8144336,4.3089476,9.463583505682852e-12,2.0080449875893842e-11
FAM83B,104.04435,4.3069277,0.0,0.0
MAEL,6.730129,4.305896,1.6951276409981405e-11,3.585496686388875e-11
FAM69A,30.918135,4.3057394,6.815434960548853e-210,2.543085600012732e-209
BTBD16,13.915341,4.30339,5.11150585976225e-44,1.3355403294884026e-43
FCHSD2,165.9552,4.3020153,0.0,0.0
AC096564.1,22.956398,4.297182,1.2718592932022988e-116,4.07221131174931e-116
AC139720.1,15.478685,4.295561,4.8324632742594944e-54,1.312328862321895e-53
MYO18A,74.575645,4.2943974,0.0,0.0
GPR39,81.558754,4.293519,0.0,0.0
ITGB1-DT,14.25214,4.2894635,4.3475191282058615e-46,1.1457584993834813e-45
TAOK3,235.2186,4.2888637,0.0,0.0
AC026894.1,14.05571,4.2882032,7.10654327669438e-45,1.8637319978755332e-44
ENTPD1,76.65282,4.2857194,0.0,0.0
AF233439.1,17.370056,4.282486,1.3908816800318777e-67,3.951201155492193e-67
ATP11A,263.40646,4.2821994,0.0,0.0
CNNM1,7.2782593,4.28011,3.381544618999935e-13,7.297355495401058e-13
KCNQ5,9.278424,4.279941,1.7200320715385278e-20,3.959815005264889e-20
ARHGEF3,202.24744,4.277669,0.0,0.0
ABCC4,149.34003,4.275812,0.0,0.0
AC004448.2,8.097841,4.275697,5.594311061579701e-16,1.2385665440729387e-15
AC100821.2,7.1447124,4.2755933,9.018446292245718e-13,1.9365526396888893e-12
SNTG2,10.778367,4.275228,4.3554735117183284e-27,1.0474560860089766e-26
MLXIPL,64.02434,4.273124,0.0,0.0
ABCA12,44.537617,4.2696953,0.0,0.0
FBXL13,93.560486,4.2696896,0.0,0.0
AC012409.2,27.402136,4.2671814,2.586393828952604e-165,9.049313953669478e-165
CEMIP,62.934994,4.2661586,0.0,0.0
PTPRK,249.58011,4.2649918,0.0,0.0
NCOA3,250.82074,4.2646646,0.0,0.0
OLFM2,93.519424,4.264538,0.0,0.0
TRPV4,55.386402,4.2635436,0.0,0.0
SPOCK3,9.230534,4.2580695,2.692876593760081e-20,6.187895557834814e-20
AC027682.4,14.435119,4.2527432,3.111090726905807e-47,8.247644237860532e-47
EXOC4,240.5748,4.251101,0.0,0.0
FBXL17,190.81897,4.250332,0.0,0.0
AF117829.1,177.41751,4.2497864,0.0,0.0
SNHG22,31.717197,4.2488656,9.001324870973941e-221,3.403881719040344e-220
AC087521.2,6.700226,4.2481604,2.0809738160040463e-11,4.3959622853279554e-11
FAM129A,88.26139,4.2475257,0.0,0.0
RARB,68.30116,4.2446985,0.0,0.0
AL157911.1,10.24311,4.242238,1.270849597627623e-24,3.0085127960512835e-24
P2RY6,68.15908,4.240196,0.0,0.0
MX2,40.457893,4.23989,0.0,0.0
SIK3,222.46753,4.239559,0.0,0.0
AC090912.1,18.904642,4.2379346,1.0444402870246925e-79,3.065227755499818e-79
LINC00310,15.304534,4.2377896,7.131058169373564e-53,1.9278599994653605e-52
TMEM238L,8.58973,4.237696,8.717350480670151e-18,1.96371469749172e-17
GALNT17,55.14885,4.237022,0.0,0.0
AL139353.2,7.484685,4.2334723,7.171898294605107e-14,1.558626410359794e-13
AC104695.2,12.519111,4.230141,5.8689188683079e-36,1.481148399120864e-35
AC012636.1,9.059487,4.2252417,1.3106555074307397e-19,2.9935538041944264e-19
EIF2S3B,9.095432,4.223391,9.421127050328249e-20,2.153629677939257e-19
RBP4,51.034622,4.217616,0.0,0.0
MTCP1,23.384804,4.2160344,6.101850124076629e-121,1.9705559291774152e-120
NR2F2-AS1,110.0768,4.215418,0.0,0.0
LMO1,7.4478397,4.213955,9.488092395268266e-14,2.059263328180743e-13
PDE8A,188.70584,4.212532,0.0,0.0
PRMT8,11.659052,4.2099996,2.063263058755117e-31,5.096031960943342e-31
TBX1,9.1541395,4.209444,5.47926446339392e-20,1.255452200527797e-19
KCNIP2,9.415175,4.2073965,4.722909792963526e-21,1.0937771640358632e-20
FOLR3,9.026928,4.207286,1.7655794098797347e-19,4.031046851225341e-19
AL157392.5,36.93953,4.2023535,1.0726549247856826e-298,4.411629516562842e-298
LINC00473,19.712185,4.2022915,1.6948635826622434e-86,5.062646327737816e-86
CLEC16A,156.72926,4.2007546,0.0,0.0
AL355512.1,12.117795,4.1998096,8.501596627821577e-34,2.125399156955394e-33
ADGRL2,168.60017,4.1991053,0.0,0.0
ENOX1,22.04895,4.194795,9.776516825083849e-108,3.080129540645749e-107
EFCAB6,106.33804,4.1943803,0.0,0.0
CYS1,96.46314,4.193273,0.0,0.0
VAV2,162.45137,4.1885524,0.0,0.0
TYW1B,98.59397,4.184388,0.0,0.0
LINC01764,36.703773,4.1787543,6.35756222004255e-295,2.603867022993849e-294
SLC25A48,52.18328,4.1742496,0.0,0.0
FHIT,189.90997,4.1711874,0.0,0.0
APBB2,153.32242,4.1707873,0.0,0.0
LUZP2,11.190911,4.170408,4.5176431841196587e-29,1.1001649614634134e-28
ANKRD6,120.26692,4.169847,0.0,0.0
PCSK5,114.95692,4.168711,0.0,0.0
RAP1GAP2,121.92303,4.1668663,0.0,0.0
ADGRE2,24.225517,4.1650643,1.1980840419318845e-129,3.934981843871489e-129
AC107081.2,7.3813076,4.1646485,1.567424811278928e-13,3.3956462971951247e-13
FAF1,224.60883,4.162344,0.0,0.0
AC009163.1,10.652936,4.161192,1.6895144539233191e-26,4.048309138620222e-26
PTGER3,60.389572,4.1541257,0.0,0.0
CORO6,14.95151,4.153632,1.5225524043910824e-50,4.0836487285802603e-50
MAJIN,15.863034,4.1533704,1.14239275472678e-56,3.1337536504488445e-56
KIAA1257,60.77255,4.15154,0.0,0.0
ACACA,209.59917,4.1513567,0.0,0.0
TTC7B,86.68283,4.1487045,0.0,0.0
GNAL,50.863586,4.1470914,0.0,0.0
UNC5D,7.4401054,4.146754,1.0060486797898764e-13,2.1831729507785897e-13
TANGO6,80.0693,4.14429,0.0,0.0
AL355574.1,8.240696,4.1406665,1.7121209879414719e-16,3.8117410113021457e-16
KSR1,148.76334,4.1404285,0.0,0.0
AC240565.1,9.971354,4.1387577,2.0343764089570842e-23,4.7807683715185974e-23
AC009716.1,6.7186003,4.137438,1.834782950680245e-11,3.878114704286567e-11
PLCL1,69.18745,4.1371536,0.0,0.0
EGF,9.141148,4.132939,6.179301125578594e-20,1.4154108147559408e-19
AP002495.2,70.619354,4.132918,0.0,0.0
AC027117.2,28.202911,4.132649,5.3861462693092e-175,1.9156076036697665e-174
MTHFD1L,219.96642,4.132064,0.0,0.0
PIPOX,10.535215,4.131935,5.944687745291561e-26,1.4192467387699878e-25
SLC13A3,28.467783,4.12912,2.935948584654595e-178,1.0488575091319887e-177
ANKRD33B,97.295654,4.1256933,0.0,0.0
AC092329.3,8.783978,4.1255255,1.5779128323595944e-18,3.576311761422889e-18
AC025265.1,8.509436,4.1254106,1.7478188895091293e-17,3.927638064622524e-17
NOX4,38.484512,4.125319,0.0,0.0
GAREM1,178.6769,4.1234183,0.0,0.0
LINC00598,46.835052,4.1230006,0.0,0.0
RTN4RL1,7.076708,4.121302,1.4761926739453012e-12,3.1606706541186733e-12
AC009630.1,12.318542,4.1210365,7.198397303217733e-35,1.8077104546646795e-34
VAV3,152.76389,4.1205096,0.0,0.0
MYO3B,45.061985,4.1142473,0.0,0.0
SLC26A8,10.659643,4.11004,1.5719967170577663e-26,3.767637615024417e-26
AC092115.3,6.642297,4.108963,3.088327253908721e-11,6.507192565674245e-11
AC005225.2,8.379362,4.1088514,5.3215231531198314e-17,1.190038460519717e-16
MSC-AS1,19.646614,4.108624,6.17996843009016e-86,1.8430061375536498e-85
FIBCD1,9.214811,4.1082554,3.118263239378335e-20,7.16092335786937e-20
ZRANB3,114.73282,4.1068506,0.0,0.0
DNMT3B,63.842754,4.104766,0.0,0.0
EFCAB5,21.640442,4.10441,7.478326469964141e-104,2.3371254170604414e-103
C20orf194,177.88676,4.0981517,0.0,0.0
LRRN3,13.239437,4.096218,5.193675911627604e-40,1.3348063504818378e-39
SUCLG2-AS1,43.233,4.0936465,0.0,0.0
FAM19A5,41.657406,4.093457,0.0,0.0
ITCH,239.55995,4.092367,0.0,0.0
EDRF1-AS1,8.034146,4.0907545,9.423296097962216e-16,2.0828587857247323e-15
GPAT3,56.594288,4.0907283,0.0,0.0
GDA,249.17245,4.0891266,0.0,0.0
TP53TG5,10.18512,4.086458,2.3107476461416384e-24,5.462843486555327e-24
BICRAL,113.50044,4.0852675,0.0,0.0
OSBPL10,183.2233,4.0832453,0.0,0.0
KDM4C,164.1782,4.082828,0.0,0.0
NRSN1,19.553415,4.0827885,3.858046550415105e-85,1.1478903237658243e-84
ANKRD7,12.244796,4.079322,1.7912678746633243e-34,4.490715709211984e-34
TPST1,166.86302,4.0786433,0.0,0.0
AL603839.3,16.459705,4.077135,7.144846746145355e-61,1.9866979699969146e-60
CASTOR3,144.02512,4.0768127,0.0,0.0
KIAA1549L,7.993706,4.0766363,1.3094172700338869e-15,2.8905652974583746e-15
AKR1E2,19.558197,4.074219,3.512821366320887e-85,1.0454909791116286e-84
ARHGAP25,28.260468,4.07416,1.0585255121377429e-175,3.768325301196811e-175
SLC35G2,58.160984,4.073803,0.0,0.0
CFAP54,108.38344,4.073237,0.0,0.0
AP001347.1,48.82398,4.0729527,0.0,0.0
KLHL25,62.371563,4.0719423,0.0,0.0
DCLK2,38.275906,4.068649,0.0,0.0
MAP3K5,207.0676,4.0675898,0.0,0.0
AC078883.1,24.743357,4.067485,3.655301117996925e-135,1.2135024397352354e-134
MAML2,220.18977,4.0613728,0.0,0.0
FBXL2,142.93103,4.0590286,0.0,0.0
ZNF490,43.18062,4.0581713,0.0,0.0
AC087500.1,50.156414,4.0576434,0.0,0.0
RBFOX1,31.105206,4.0556264,2.0481317857339106e-212,7.664596582527231e-212
CUX1,269.66562,4.0555177,0.0,0.0
BCL2L14,48.929672,4.054427,0.0,0.0
ZNF75D,105.465256,4.053599,0.0,0.0
ADCY5,45.378166,4.052741,0.0,0.0
CPEB3,110.42613,4.048656,0.0,0.0
RALGPS2,210.19048,4.048542,0.0,0.0
IGF2BP2,252.87265,4.0477014,0.0,0.0
SLC52A1,18.315943,4.0445557,6.174855454020153e-75,1.7906656344615055e-74
UBE2D2,275.16626,4.0437074,0.0,0.0
ATRNL1,62.141308,4.043476,0.0,0.0
WNT9A,37.674034,4.0431848,1.3223643538576e-310,5.4968214202441e-310
FBXL20,214.53375,4.0422053,0.0,0.0
ABTB2,86.233154,4.0394793,0.0,0.0
PYGO1,62.97244,4.037603,0.0,0.0
EEF1A2,52.746006,4.033199,0.0,0.0
ANKRD23,36.31103,4.032158,1.0835957326284542e-288,4.406911167128254e-288
DLG2,74.88397,4.0299287,0.0,0.0
LMCD1-AS1,32.5868,4.027626,6.30843738304666e-233,2.4171293099956903e-232
AL133523.1,8.924282,4.0255857,4.485995409304771e-19,1.0208171722028966e-18
SYT12,23.45661,4.024604,1.1317403845188157e-121,3.660091288450403e-121
GMDS,200.73306,4.0242963,0.0,0.0
HECTD4,216.39752,4.023194,0.0,0.0
TMEM241,79.251076,4.0189147,0.0,0.0
GRIK2,25.104757,4.0172534,4.412759884959628e-139,1.476586962072043e-138
RUSC2,65.20751,4.016039,0.0,0.0
PCDH11Y,7.7007775,4.0156827,1.3524070217572784e-14,2.959580506335588e-14
NRF1,127.80213,4.01473,0.0,0.0
STAG1,228.54515,4.0144854,0.0,0.0
PKNOX2,20.889439,4.014234,6.680080669495068e-97,2.0511883349297014e-96
PHLDB2,75.38825,4.013731,0.0,0.0
EMG1-1,29.239162,4.0134416,6.167129368817994e-188,2.235641176788551e-187
RTN1,21.970871,4.00928,5.470931371888367e-107,1.721801166064835e-106
LINC01266,9.64769,4.007099,5.027574818957875e-22,1.1713158532846236e-21
RBPMS,248.14908,4.0059085,0.0,0.0
STX18-AS1,48.206062,4.004733,0.0,0.0
DPH6,187.83455,4.0046887,0.0,0.0
RPS10-NUDT3,7.645765,4.0023727,2.0770707534775145e-14,4.5363434176607506e-14
CLDN14,13.239569,4.000313,5.1845896889772166e-40,1.3325871138958761e-39
TBC1D32,130.50948,4.0001593,0.0,0.0
ZSWIM6,225.35158,3.9972947,0.0,0.0
INPP4A,128.20265,3.993954,0.0,0.0
DPP10,25.144806,3.9938555,1.6107097863589516e-139,5.393996370058952e-139
FAM53A,18.659409,3.9926863,1.0589542362235416e-77,3.0897064119831224e-77
VTI1A,189.22092,3.9915123,0.0,0.0
PKN2-AS1,26.534172,3.9893448,3.91143219030487e-155,1.3463642916389186e-154
GABRA3,9.599802,3.9884481,8.009786639918095e-22,1.864047596160307e-21
AC127164.1,16.185005,3.9884093,6.434422121550097e-59,1.7792722656557202e-58
LINC02381,24.718107,3.9850082,6.831869563012191e-135,2.266798968491573e-134
PLSCR2,29.976873,3.9843054,1.964937242831955e-197,7.211607852451855e-197
POLQ,50.065144,3.9830759,0.0,0.0
EFCAB13,93.172455,3.9821215,0.0,0.0
USP3-AS1,61.868816,3.977846,0.0,0.0
AC048382.5,10.073195,3.9766471,7.25808384639201e-24,1.710680948072121e-23
AL645568.1,20.350433,3.9739542,4.601807244530556e-92,1.396909621001103e-91
SYNE2,266.00604,3.9732795,0.0,0.0
PHEX,16.535583,3.9699914,2.033962281500914e-61,5.66631190308698e-61
ZNF521,28.537388,3.969985,4.027861163481117e-179,1.4408569370999077e-178
MIR193BHG,71.56275,3.9695356,0.0,0.0
GLIS3-AS1,7.7836795,3.9659739,7.04450474563701e-15,1.545729121256211e-14
TESK2,63.68337,3.9647923,0.0,0.0
CYP4Z1,6.8980227,3.9636364,5.273133500604929e-12,1.1221939483486852e-11
IGHG3,15.941435,3.9622893,3.2676467209360974e-57,8.978655221851955e-57
FNDC3B,277.0174,3.961362,0.0,0.0
COL23A1,37.127205,3.9587862,1.0228398821031736e-301,4.21791114627939e-301
MYOM1,17.104622,3.955049,1.3709074986330501e-65,3.868408832740944e-65
AC023906.5,6.7868047,3.9544742,1.14644341021715e-11,2.430153894459295e-11
AC022217.3,17.964094,3.9527047,3.7231141863800353e-72,1.071365834377338e-71
PPM1E,18.893875,3.9518235,1.2808724555007245e-79,3.7576160948675135e-79
HDAC8,177.89674,3.951594,0.0,0.0
SNX29,196.88878,3.9497428,0.0,0.0
LINC00630,55.09456,3.9479933,0.0,0.0
MLLT10,203.39915,3.9478357,0.0,0.0
SNX25,132.97005,3.9475443,0.0,0.0
GRHL2,193.27882,3.9468236,0.0,0.0
MEIS3,49.211555,3.9462945,0.0,0.0
KNTC1,92.526,3.94591,0.0,0.0
SPATA21,9.003254,3.9456604,2.191244699669196e-19,4.998258611249139e-19
ABCA10,46.177467,3.944007,0.0,0.0
F2,8.396081,3.939248,4.616283293219917e-17,1.0332664719835075e-16
AHCYL2,142.48082,3.9384086,0.0,0.0
FTO,171.02563,3.9383237,0.0,0.0
DMXL2,136.93858,3.9362407,0.0,0.0
PPFIA2,8.74375,3.934574,2.2549889648228644e-18,5.10619002616511e-18
LINC02456,13.943107,3.9341693,3.465241510968424e-44,9.059635397866096e-44
PDE5A,90.54758,3.9338517,0.0,0.0
RNASEH2B-AS1,8.019272,3.9332013,1.063739104436949e-15,2.3499824758003368e-15
ASAP1,200.88638,3.9292576,0.0,0.0
SAMD12,163.02272,3.9285295,0.0,0.0
LINC00513,81.40113,3.9281614,0.0,0.0
TDRD5,10.792557,3.9255085,3.732586515875256e-27,8.984616874290537e-27
MAMDC2,32.085167,3.9225862,7.100084647327689e-226,2.6990924257928253e-225
SLC28A1,9.351237,3.919617,8.662845570881703e-21,2.0008903379596144e-20
MAGI3,152.34206,3.9195454,0.0,0.0
NOS1,99.67675,3.9185731,0.0,0.0
RAI14,220.07478,3.9184883,0.0,0.0
AL139260.1,30.817919,3.9134896,1.5078601616706365e-208,5.619981140241562e-208
GRB14,53.785812,3.9115012,0.0,0.0
C11orf80,126.758064,3.9112728,0.0,0.0
AC018816.1,9.717807,3.9110956,2.5317667008213355e-22,5.910591404478933e-22
MTBP,50.970966,3.9097555,0.0,0.0
AC004943.2,44.071033,3.9073308,0.0,0.0
BCO1,39.00118,3.9053428,0.0,0.0
GFPT2,75.50889,3.9010193,0.0,0.0
AF165147.1,13.518104,3.9004016,1.2228699930744216e-41,3.1684961740359454e-41
CR1L,41.08522,3.9001482,0.0,0.0
KDM6A,201.24916,3.8966212,0.0,0.0
IQANK1,88.91393,3.8950603,0.0,0.0
LINC00265,21.745079,3.894533,7.689932828685848e-105,2.4098876836579974e-104
SLC35F3,40.66821,3.8936775,0.0,0.0
TSPOAP1-AS1,18.664326,3.8917048,9.65857956184661e-78,2.8189153435593043e-77
PLEKHA6,100.10744,3.888937,0.0,0.0
GAB2,99.12653,3.8847654,0.0,0.0
BRIP1,62.203423,3.8842142,0.0,0.0
KSR2,56.42837,3.8831398,0.0,0.0
CPLANE1,180.68553,3.8830686,0.0,0.0
CNGB1,15.960687,3.8827293,2.4007384396827018e-57,6.600298493979163e-57
C2orf48,9.381366,3.8806193,6.512344928649539e-21,1.5066557955423134e-20
AL121917.1,6.7201576,3.8799539,1.8152819417206028e-11,3.837445467750691e-11
SASH1,208.02585,3.879218,0.0,0.0
AL445472.1,70.545975,3.8790948,0.0,0.0
ZNF251,89.04967,3.8776484,0.0,0.0
SCMH1,167.75275,3.8764005,0.0,0.0
ZFYVE9,143.88452,3.87507,0.0,0.0
AC087645.2,11.287907,3.8744109,1.505807601458663e-29,3.678869733686963e-29
AC010173.1,8.822543,3.8734415,1.1188938225530224e-18,2.5394615771263354e-18
S100Z,10.345717,3.8722272,4.376281021400597e-25,1.039256763666744e-24
GAB1,116.40876,3.8699214,0.0,0.0
LRRC39,7.5118194,3.869902,5.831121701794621e-14,1.2684568976353236e-13
SHLD2,166.66833,3.8688688,0.0,0.0
MYOCOS,54.24536,3.8688552,0.0,0.0
MAP3K14,80.31068,3.8656077,0.0,0.0
ZMIZ1-AS1,13.064645,3.8625257,5.242864776554244e-39,1.3416100247109778e-38
TRIM9,9.36553,3.8595934,7.566927188786573e-21,1.7491300186682388e-20
SIMC1,124.50629,3.8586438,0.0,0.0
DENND2A,55.20398,3.858494,0.0,0.0
ACVR1C,17.881342,3.8580697,1.6482216692607704e-71,4.735550291230838e-71
ZNF407,154.81487,3.8575015,0.0,0.0
FARS2,172.99759,3.8569448,0.0,0.0
AC020928.1,48.709885,3.8557193,0.0,0.0
ATP2A1,15.426024,3.855548,1.0940528309399242e-53,2.9642517751771686e-53
ATXN7L1,130.02092,3.8504388,0.0,0.0
NHSL1,167.68059,3.8500652,0.0,0.0
ADARB1,68.07699,3.8495567,0.0,0.0
AL117336.3,31.016249,3.8480415,3.2553397050335025e-211,1.216221931802117e-210
FNBP1,223.16423,3.8467224,0.0,0.0
ADAMTS15,40.184113,3.8463433,0.0,0.0
ATP10A,73.71217,3.843601,0.0,0.0
AC008731.1,17.77912,3.8426259,1.0257776230281517e-70,2.942322798253649e-70
BMT2,76.48103,3.8415492,0.0,0.0
PC,63.644855,3.8397136,0.0,0.0
CYTIP,71.50368,3.83769,0.0,0.0
CLDN16,31.742203,3.8374975,4.0679707837893237e-221,1.5385140528342565e-220
ABCA13,45.153107,3.8350291,0.0,0.0
LRBA,238.11855,3.8347964,0.0,0.0
SH3GL2,7.4623327,3.8346403,8.500404711402538e-14,1.845712875939095e-13
RYR2,18.11421,3.830226,2.4617822575294486e-73,7.105505821996346e-73
HNF4G,75.27048,3.8298264,0.0,0.0
SORBS1,53.97709,3.8287492,0.0,0.0
AC139887.2,105.96376,3.82798,0.0,0.0
B4GALNT3,158.7257,3.8274155,0.0,0.0
SCFD2,106.944664,3.8271415,0.0,0.0
LAMC1,256.31006,3.8266342,0.0,0.0
FAM185A,96.50327,3.8244328,0.0,0.0
L1CAM,11.409628,3.8235028,3.743253606611554e-30,9.174062495081682e-30
TFR2,7.7489157,3.822073,9.268046290190066e-15,2.0313620348052596e-14
PPP6R2,194.74702,3.8211606,0.0,0.0
AC022784.3,18.089281,3.8209848,3.870978830417764e-73,1.116199637361943e-72
CCDC7,92.740135,3.8190584,0.0,0.0
CYTH3,98.18048,3.8187332,0.0,0.0
CADPS,14.766863,3.8183494,2.3960861474902935e-49,6.399242464989452e-49
XDH,126.44644,3.8180733,0.0,0.0
TF,11.088038,3.8166173,1.433976791922242e-28,3.48291944937192e-28
AL669831.5,70.19871,3.811896,0.0,0.0
TMEM171,8.370585,3.8116484,5.733279552624338e-17,1.2817302232492748e-16
FANCA,90.272156,3.811497,0.0,0.0
MMS22L,99.91058,3.8111289,0.0,0.0
SLC22A3,17.244356,3.8107462,1.233776036608783e-66,3.4934707413038024e-66
STRN3,222.02965,3.809209,0.0,0.0
SLC39A11,168.10742,3.80753,0.0,0.0
CDK17,158.97255,3.8071394,0.0,0.0
DOCK4,68.84227,3.8068995,0.0,0.0
AL035448.1,17.066034,3.8043394,2.6564497702667628e-65,7.487349595874535e-65
FGD4,220.7674,3.8038704,0.0,0.0
AP000787.1,22.654709,3.802591,1.2536827816040181e-113,3.99970316991861e-113
ZNF727,13.82805,3.800455,1.7263899778403931e-43,4.502366514671625e-43
GNG7,72.10789,3.7975276,0.0,0.0
LINGO2,25.654161,3.794226,3.799359858165436e-145,1.287674700007177e-144
AC004233.2,6.8424897,3.7936816,7.782852888683615e-12,1.653436300739764e-11
PTPRH,29.593628,3.792486,1.8047870820650562e-192,6.582112206172793e-192
DAB1,64.2657,3.7921472,0.0,0.0
SLC16A7,78.16294,3.789884,0.0,0.0
VTCN1,144.17242,3.7898118,0.0,0.0
ADAMTS9,178.13448,3.7893722,0.0,0.0
HCN2,9.424755,3.7877624,4.311114383527363e-21,9.988012532995687e-21
ELOVL7,109.98294,3.7867038,0.0,0.0
GTDC1,108.03125,3.7850997,0.0,0.0
KIAA0825,97.36425,3.7842834,0.0,0.0
PLAC8L1,7.454057,3.782668,9.05127117199066e-14,1.964890374982608e-13
RIMKLB,217.79138,3.7820034,0.0,0.0
COLQ,33.04332,3.7800636,1.9402634086305516e-239,7.496529956412428e-239
TNFAIP8L3,15.738351,3.7800407,8.256704899575908e-56,2.256552482040505e-55
NRG1,16.536177,3.7780662,2.0140599905805464e-61,5.611396501730685e-61
FMNL2,195.24393,3.7779257,0.0,0.0
DYSF,33.863136,3.7775433,2.3252144067324524e-251,9.125941179001772e-251
TANC2,162.23347,3.7751892,0.0,0.0
PIK3CB,173.53848,3.774978,0.0,0.0
UBE2E2,173.06303,3.7716725,0.0,0.0
RIMS1,17.968706,3.7716246,3.4261629028503546e-72,9.860110176510181e-72
DENND4C,192.16977,3.7714791,0.0,0.0
KIAA1958,134.6598,3.7707798,0.0,0.0
RFTN2,28.477776,3.769259,2.2081323940570558e-178,7.890385962791003e-178
AC021752.1,8.651718,3.7682443,5.072981102643381e-18,1.145211619609044e-17
ARMC2,90.77989,3.7652037,0.0,0.0
ADAMTS16,31.12878,3.761778,9.827739576465047e-213,3.6805726023210246e-212
AC011503.1,16.399254,3.7609148,1.9360019510195483e-60,5.376670517596846e-60
KCNJ13,9.923544,3.7583616,3.288683290701533e-23,7.720392525194076e-23
DMGDH,58.790936,3.757813,0.0,0.0
ADARB2,22.00064,3.7561615,2.839330991879385e-107,8.940653037982324e-107
ARHGEF4,59.06603,3.7559662,0.0,0.0
MOB1B,154.07002,3.755283,0.0,0.0
DHX34,99.6035,3.7549658,0.0,0.0
BMP6,27.583673,3.7543209,1.7469811053194935e-167,6.133438597085322e-167
AL137145.2,16.324953,3.7520065,6.559050331949148e-60,1.8185030166412386e-59
CCNT2-AS1,25.895222,3.7516077,7.53852671906702e-148,2.56821289817777e-147
SETBP1,131.61488,3.7500079,0.0,0.0
CDH4,6.6572046,3.7498353,2.790848676458068e-11,5.884175454505694e-11
AC092683.1,123.621185,3.7468188,0.0,0.0
AL049780.2,7.5681815,3.745591,3.784850130334715e-14,8.248459361533884e-14
LINC00271,61.911465,3.7445273,0.0,0.0
SLC25A16,135.75453,3.7440267,0.0,0.0
KCNC2,6.8563495,3.743912,7.06425483315394e-12,1.501313027873594e-11
ERBIN,227.26036,3.7435741,0.0,0.0
NDRG1,203.84673,3.7434874,0.0,0.0
ZNF565,74.27432,3.74273,0.0,0.0
WWTR1,234.5777,3.7415588,0.0,0.0
SPIRE2,82.34319,3.7414749,0.0,0.0
AL627309.1,6.692224,3.740186,2.19804136544343e-11,4.640606386040216e-11
CSF3R,23.782425,3.7385576,5.077143816672804e-125,1.6528283199906065e-124
SP2-AS1,28.301395,3.7354596,3.321820556970343e-176,1.183558892945635e-175
AC093525.4,21.447819,3.734958,4.785676021976749e-102,1.4882162271374622e-101
DTNB,140.97044,3.733808,0.0,0.0
APBA1,29.970871,3.7329304,2.352727734806027e-197,8.633782777286191e-197
CRLF3,123.91658,3.7323003,0.0,0.0
KCNQ4,8.626878,3.7315166,6.304968711850145e-18,1.4222421973946587e-17
ARFGEF2,182.97952,3.730858,0.0,0.0
THSD7A,108.593254,3.7303283,0.0,0.0
SLC27A6,43.962795,3.7292666,0.0,0.0
NINL,94.7938,3.728308,0.0,0.0
AC026704.1,27.905502,3.7272382,2.2878733863412867e-171,8.086283793974649e-171
ASPG,14.61715,3.7267141,2.1835151472059094e-48,5.811031209173621e-48
DISC1,69.38044,3.724964,0.0,0.0
CCDC198,65.14662,3.722926,0.0,0.0
ABCC2,12.306921,3.722652,8.313424579192518e-35,2.087191190474027e-34
AC104389.4,16.278515,3.722635,1.4023306927509816e-59,3.885057262119944e-59
TCF12,229.00525,3.722621,0.0,0.0
AC007193.1,9.335479,3.7205055,1.0053583906535168e-20,2.320662336902865e-20
AC025580.2,28.335354,3.719838,1.2683470992624258e-176,4.521826613693038e-176
DPP6,82.740295,3.7175841,0.0,0.0
HIC2,90.81834,3.7156544,0.0,0.0
ZNF718,73.643005,3.7130718,0.0,0.0
TIAM1,125.006226,3.7127838,0.0,0.0
STK38,169.94308,3.7126284,0.0,0.0
USP43,154.36061,3.7125127,0.0,0.0
AC025048.4,7.089936,3.7124565,1.3417439358661611e-12,2.87530467533583e-12
EYA4,13.980207,3.7117875,2.0588628292289607e-44,5.386570332872438e-44
LINC00571,27.848722,3.7114453,1.1162078129903613e-170,3.9423055516810635e-170
INPP4B,139.42482,3.7098336,0.0,0.0
SNX10,80.823906,3.7096384,0.0,0.0
GNG12-AS1,32.000587,3.7053607,1.0700818920035913e-224,4.0595475681996467e-224
ADD2,16.800014,3.7019734,2.439840228750586e-63,6.833126133820638e-63
TBCK,160.9989,3.7007582,0.0,0.0
CARD14,25.09764,3.6958017,5.2774768623842e-139,1.7651363885627526e-138
EVC,38.310722,3.6954365,0.0,0.0
FAM71F1,8.594719,3.6948864,8.346919102705012e-18,1.880986882653228e-17
FANCC,96.61041,3.6947806,0.0,0.0
TASP1,154.0432,3.6941643,0.0,0.0
SLC25A15,66.28288,3.6941082,0.0,0.0
ABCC1,163.83493,3.6939235,0.0,0.0
TOX,34.410835,3.6932244,1.736312552391486e-259,6.867574293078033e-259
ASAP2,182.04005,3.692639,0.0,0.0
MAP2K5,117.778175,3.6901603,0.0,0.0
HLCS,140.49672,3.6894808,0.0,0.0
IL1RAP,85.89562,3.6886592,0.0,0.0
AL162431.2,7.119204,3.6846318,1.085521177270308e-12,2.328764283675423e-12
M1AP,49.823475,3.6835265,0.0,0.0
HFM1,7.241075,3.6832254,4.451416243609505e-13,9.592813374720038e-13
TPCN1,136.33374,3.682631,0.0,0.0
WWP2,151.83612,3.68048,0.0,0.0
RASAL2,192.45811,3.6798146,0.0,0.0
DHRSX,186.66426,3.679812,0.0,0.0
GRIN2B,12.223176,3.6793258,2.337688240818274e-34,5.856616081391671e-34
HDAC4,129.28354,3.6792445,0.0,0.0
RAPGEF5,98.94592,3.674446,0.0,0.0
PDE3A,43.243935,3.6738732,0.0,0.0
ATP10B,9.30086,3.6723182,1.39313750345876e-20,3.2112520862647083e-20
SDK1,153.62564,3.6717627,0.0,0.0
ZNF788P,9.235045,3.67134,2.5817747301963658e-20,5.934906413101252e-20
TENT2,168.38188,3.6662698,0.0,0.0
ALS2CL,77.13228,3.666239,0.0,0.0
NF1,241.89194,3.6604629,0.0,0.0
TMEM135,107.72903,3.6595528,0.0,0.0
EHBP1,167.05217,3.6546261,0.0,0.0
USP34,253.89319,3.6520624,0.0,0.0
KCP,36.231052,3.6518342,1.9756061287324207e-287,8.019195736284314e-287
SLC35F5,190.87872,3.6490378,0.0,0.0
ASIP,18.123945,3.647483,2.0625751101508178e-73,5.956757261882997e-73
RGS20,40.018883,3.6470826,0.0,0.0
AC007405.1,22.093325,3.645191,3.664182305392013e-108,1.1557712398870555e-107
FAM222B,150.0178,3.6433032,0.0,0.0
AC100830.1,9.210445,3.6427794,3.247747937464689e-20,7.456538376094874e-20
AL354836.1,42.846928,3.641626,0.0,0.0
PCA3,23.860256,3.641164,7.925407714074776e-126,2.584904901663664e-125
IL4R,142.44086,3.6406927,0.0,0.0
DNER,95.489395,3.6384923,0.0,0.0
AXDND1,11.927009,3.6382043,8.559414600572076e-33,2.1288597082025892e-32
ZBTB46,51.852276,3.6357327,0.0,0.0
RNGTT,148.59889,3.6353052,0.0,0.0
MTSS1,100.82241,3.6346114,0.0,0.0
CFAP61,38.151756,3.6343231,0.0,0.0
LINC00539,7.6835003,3.6327,1.547997271152971e-14,3.385097705653675e-14
DOCK10,40.359837,3.6325212,0.0,0.0
AL355312.2,6.6028247,3.6323404,4.033962723710776e-11,8.486351729798334e-11
RFX7,124.55553,3.6319892,0.0,0.0
CCDC154,11.796428,3.6311748,4.0723408402632965e-32,1.0093690197496655e-31
NSMCE2,194.63564,3.629159,0.0,0.0
PTPN14,226.19215,3.6278934,0.0,0.0
AL157714.2,7.9382935,3.6277852,2.0498223596314507e-15,4.51557286683452e-15
IQCH,72.65323,3.6246078,0.0,0.0
UNC5A,29.500393,3.624344,2.845750059246861e-191,1.03644547668426e-190
AL136454.1,11.35693,3.6241558,6.851029350750009e-30,1.6761466174618703e-29
PAX8,268.8194,3.62257,0.0,0.0
ATRN,155.49486,3.6218605,0.0,0.0
MAL,47.906986,3.6215446,0.0,0.0
PCNX1,147.37082,3.620145,0.0,0.0
RGS11,22.449234,3.618298,1.301974081809967e-111,4.135006951586182e-111
LINC00886,39.468918,3.6179416,0.0,0.0
AC074032.1,66.75042,3.6130614,0.0,0.0
CENPP,67.61161,3.6114705,0.0,0.0
ZCCHC7,203.52731,3.610287,0.0,0.0
TICRR,21.130953,3.6082664,4.131222992427796e-99,1.2756981592219262e-98
AC023590.1,56.972317,3.6077402,0.0,0.0
ATG7,160.9703,3.6075833,0.0,0.0
AC246817.2,8.182181,3.6075547,2.7875217782013844e-16,6.19286172963338e-16
KALRN,72.41645,3.6056478,0.0,0.0
MUC21,9.17093,3.605598,4.689567169412458e-20,1.0750944686961408e-19
AC092287.1,7.4638104,3.6047277,8.405548015592734e-14,1.825384857335295e-13
CADM2,13.579953,3.6034389,5.2659813790902e-42,1.3657511867603512e-41
CHRM3,11.124257,3.6009524,9.55985625987918e-29,2.3246257851962468e-28
CASC19,8.942646,3.6001682,3.7996125304313547e-19,8.650262741780734e-19
RPS6KC1,131.42143,3.5966716,0.0,0.0
AFF1,199.39615,3.594907,0.0,0.0
CERS4,119.41989,3.5920122,0.0,0.0
CLASP1,166.71086,3.5914698,0.0,0.0
AC096677.1,27.616209,3.5902297,7.108669547246264e-168,2.49784640326252e-167
ARHGEF11,130.1772,3.5888145,0.0,0.0
AGAP4,63.57889,3.5867512,0.0,0.0
AL162377.3,7.055701,3.585079,1.7173299460790018e-12,3.675636247569248e-12
SAMMSON,41.481148,3.5847154,0.0,0.0
LRRN1,40.05831,3.5842633,0.0,0.0
AC108752.1,37.354687,3.5827148,2.1280095068500667e-305,8.797440954400458e-305
RELL1,66.52141,3.582209,0.0,0.0
MUC20-OT1,192.53566,3.5821102,0.0,0.0
ERC1,214.3046,3.580464,0.0,0.0
WDR70,180.28703,3.5753222,0.0,0.0
ARMH4,56.510597,3.5717568,0.0,0.0
CDYL2,127.21161,3.5681524,0.0,0.0
UMAD1,123.31825,3.5656304,0.0,0.0
AC123768.3,12.280086,3.5653234,1.1587525359188873e-34,2.9069715729916526e-34
RIC1,115.620384,3.563659,0.0,0.0
ZNF780B,98.02514,3.5629134,0.0,0.0
DIAPH3,109.801895,3.56191,0.0,0.0
RASGEF1B,136.17906,3.5613585,0.0,0.0
AL354696.2,15.773172,3.5607626,4.759781398830723e-56,1.3016886896413341e-55
PACS1,176.15387,3.5607302,0.0,0.0
MKL2,172.52667,3.5598447,0.0,0.0
ADK,222.54381,3.5588725,0.0,0.0
UVRAG,149.70735,3.556915,0.0,0.0
RYR3,38.54296,3.5563893,0.0,0.0
DNAH7,124.31401,3.5539489,0.0,0.0
ATF7IP2,151.37997,3.5536356,0.0,0.0
SYT17,106.04095,3.5525706,0.0,0.0
HDAC2-AS2,10.957409,3.5500743,6.1227273830591775e-28,1.4801812494616252e-27
HYDIN,137.58646,3.5498416,0.0,0.0
AC145285.2,9.441274,3.5497935,3.682735571847975e-21,8.540892282782589e-21
SLC6A12,43.254707,3.5495996,0.0,0.0
CDK19,174.4207,3.5495148,0.0,0.0
ZBTB20,251.2849,3.548578,0.0,0.0
BMX,15.854519,3.5484529,1.3082601987439458e-56,3.587752941020498e-56
L2HGDH,91.7752,3.5481908,0.0,0.0
RFLNA,13.433631,3.54688,3.841074481595366e-41,9.928827857275135e-41
AC087564.1,34.665253,3.5464902,2.631597426814358e-263,1.0439423967467491e-262
AL356481.1,6.6940084,3.5450063,2.1713869398161303e-11,4.584987939418686e-11
AC093901.1,6.7504606,3.5445573,1.4737633163769204e-11,3.119506181106047e-11
CDR2,109.14508,3.543885,0.0,0.0
ABL2,169.76428,3.5424519,0.0,0.0
TMC7,22.621708,3.542273,2.650157018342139e-113,8.446749784311209e-113
SLC23A2,68.66495,3.542023,0.0,0.0
COBLL1,163.8232,3.5418355,0.0,0.0
PPIP5K1,64.78385,3.5415678,0.0,0.0
CFLAR-AS1,30.826414,3.5409038,1.160186771370427e-208,4.325797393758676e-208
SBF2,198.64317,3.5405543,0.0,0.0
PAN3,205.36812,3.5384004,0.0,0.0
RGS6,57.46211,3.53563,0.0,0.0
UBR3,176.24573,3.5351148,0.0,0.0
RERE,249.16147,3.5344417,0.0,0.0
SYTL2,53.129128,3.5338395,0.0,0.0
FRY,56.857876,3.5326834,0.0,0.0
GCNA,25.822338,3.5321257,4.9773138002334383e-147,1.6929287781720043e-146
FGD3,30.938047,3.531339,3.678988713837367e-210,1.3732844990471171e-209
C3orf67,35.336067,3.5308492,1.6412204905755332e-273,6.568886024220045e-273
CDKL5,81.12338,3.5307965,0.0,0.0
ZNF438,66.71065,3.5288565,0.0,0.0
C2orf92,19.395653,3.5285,8.398085473848535e-84,2.4921662550773515e-83
PLXDC1,13.4666605,3.5275252,2.457295704370458e-41,6.356893749457698e-41
ZNF850,31.254488,3.5274425,1.9401092119446688e-214,7.280648751903173e-214
LINC01239,8.677862,3.5267265,4.0327719997043116e-18,9.117813119306968e-18
CENPI,24.197018,3.5256321,2.3915500060620945e-129,7.846069512166832e-129
TNS3,177.08023,3.52549,0.0,0.0
VWA8,170.41443,3.525373,0.0,0.0
TMCC1,211.36537,3.5246367,0.0,0.0
AC009961.1,29.757828,3.5237577,1.373470329943318e-194,5.0221122886609934e-194
SUPT3H,117.16058,3.5233865,0.0,0.0
SPATA5,103.5132,3.522995,0.0,0.0
RAD52,59.670853,3.5216317,0.0,0.0
GJB7,34.981586,3.5207899,4.2872970711419545e-268,1.7074023265114218e-267
AC092903.2,9.934495,3.5200732,2.9466465953063804e-23,6.91964007629403e-23
AC118549.1,150.85426,3.5197184,0.0,0.0
ZNF710,77.2107,3.5193818,0.0,0.0
TMEM220-AS1,23.84375,3.5179477,1.1757215419830389e-125,3.832125511562819e-125
BHLHE40-AS1,18.987173,3.5165873,2.1773560526501797e-80,6.4047538833309905e-80
AC068888.1,62.930565,3.5161572,0.0,0.0
POMK,21.699718,3.5149758,2.0642365934346576e-104,6.463461626988171e-104
MATR3,17.671618,3.5148647,6.937817241845558e-70,1.9840571678452386e-69
TMEM164,100.32417,3.512178,0.0,0.0
AEBP2,173.99483,3.511835,0.0,0.0
UBE3D,92.86099,3.5108738,0.0,0.0
ATR,159.68007,3.5108087,0.0,0.0
POU6F1,26.325804,3.5089912,9.715871398197082e-153,3.332284348301508e-152
WNT3,6.909857,3.5045748,4.851428235413536e-12,1.0331194619727535e-11
GATAD2B,175.13927,3.5038044,0.0,0.0
LTBP1,117.11275,3.5037684,0.0,0.0
FAM171A1,123.07346,3.5029705,0.0,0.0
SRPK2,243.29848,3.5029602,0.0,0.0
SLC25A21,14.534687,3.5028207,7.304680878740406e-48,1.9410350611824365e-47
NSF,155.41689,3.5027986,0.0,0.0
AC005726.1,32.340595,3.5024772,1.8811111127355936e-229,7.185255614937534e-229
PCBP3,25.307354,3.501603,2.6510926301940794e-141,8.9164880831015e-141
KIF13A,158.88113,3.499345,0.0,0.0
MAP3K9,84.23366,3.4992464,0.0,0.0
MMP24,37.588852,3.498888,3.26989104768142e-309,1.357321937560196e-308
PIP5K1A,188.0485,3.493623,0.0,0.0
UST,41.79177,3.4929962,0.0,0.0
KIRREL1,61.652325,3.4918141,0.0,0.0
CLASP2,171.06044,3.4898512,0.0,0.0
ENTPD7,59.77375,3.4887557,0.0,0.0
LINC01948,7.6879945,3.4881012,1.4945903650624222e-14,3.269520222260414e-14
KLKB1,11.5232115,3.4859638,1.007828956426068e-30,2.47803406188691e-30
RHD,10.567656,3.4849668,4.20885267182041e-26,1.0058057732366814e-25
ARRB1,42.51249,3.4791381,0.0,0.0
ZNF609,184.62794,3.4770164,0.0,0.0
RNF111,139.93654,3.4756656,0.0,0.0
CEP112,101.915115,3.4753323,0.0,0.0
TRAF3,135.65976,3.4741993,0.0,0.0
UBR5,228.88394,3.473591,0.0,0.0
CELSR1,169.28658,3.4729564,0.0,0.0
TMEM74B,8.892984,3.469328,5.948913885644501e-19,1.3523589456742271e-18
MYRIP,63.474674,3.467301,0.0,0.0
INPP5A,86.7984,3.4670777,0.0,0.0
SYNJ1,62.629253,3.4658988,0.0,0.0
GBF1,155.75496,3.4641984,0.0,0.0
DLGAP1-AS3,15.840124,3.4634595,1.6449612881505606e-56,4.507767895238127e-56
KANTR,67.78848,3.4630451,0.0,0.0
ATP6V0A4,13.020828,3.4616804,9.315542157216003e-39,2.380065408397548e-38
MAP3K7CL,39.296112,3.4616187,0.0,0.0
CPNE7,26.831242,3.458075,1.3964269256556316e-158,4.835422973101642e-158
CRADD,115.82548,3.4556115,0.0,0.0
PYY,89.261566,3.4554396,0.0,0.0
ZC3H11B,8.38802,3.4554384,4.943988041921266e-17,1.106197657811297e-16
ZNF730,24.143232,3.452795,8.794517863054663e-129,2.8830163465364585e-128
SALL4,8.989423,3.4524598,2.485313349136077e-19,5.665969520573486e-19
AC007364.1,7.966315,3.4510846,1.6347642725856182e-15,3.604733345986657e-15
APBA2,77.55691,3.4506698,0.0,0.0
SRCIN1,25.45299,3.450406,6.541654473896393e-143,2.206202108430339e-142
PTPRJ,150.96263,3.4478092,0.0,0.0
AP000487.1,23.197374,3.4471927,4.839711509444816e-119,1.5576749959008765e-118
AGAP9,66.12635,3.446993,0.0,0.0
PLBD1,58.726643,3.4468822,0.0,0.0
AC008467.1,14.257446,3.446661,4.029333676964647e-46,1.062092506299795e-45
SLC16A8,9.01603,3.4453433,1.950287187344625e-19,4.451037996930735e-19
TMTC2,113.457214,3.4447,0.0,0.0
SLX4IP,122.316956,3.444433,0.0,0.0
NEK11,132.94804,3.4441211,0.0,0.0
FARP2,126.37466,3.4433844,0.0,0.0
MIR181A2HG,29.11773,3.439436,2.141376298364399e-186,7.74272585903033e-186
NAIP,109.428986,3.4392128,0.0,0.0
NUP214,154.3966,3.4381137,0.0,0.0
AC009133.1,51.503563,3.4369388,0.0,0.0
AC135050.3,8.128067,3.435311,4.3619009603051974e-16,9.66873857962862e-16
CD81-AS1,9.473278,3.4333744,2.7119691123199846e-21,6.2949573877384956e-21
ADH6,23.640844,3.4327807,1.4661531150385726e-123,4.7619337315320116e-123
SEMA6C,14.380976,3.4327245,6.812722309100521e-47,1.80284693778778e-46
ZNF385D,16.926796,3.431959,2.8550020431488704e-64,8.020950464673783e-64
CLSTN2,15.224048,3.4312422,2.4489788015804548e-52,6.610451920536639e-52
DOCK9,149.46268,3.4303322,0.0,0.0
FOXO1,227.83606,3.4301412,0.0,0.0
SCML2,15.527191,3.4286954,2.2711161391047056e-54,6.177787360700254e-54
HSPA12A,95.35237,3.4282072,0.0,0.0
KCNMB3,33.809303,3.4253883,1.4396492996481655e-250,5.645795991847321e-250
AC104596.1,11.297915,3.424978,1.3436933696176453e-29,3.2836200930825117e-29
SOGA1,140.17996,3.4238708,0.0,0.0
IL7,50.659916,3.4235837,0.0,0.0
SMC5-AS1,43.29416,3.4234517,0.0,0.0
STARD13,80.00376,3.4232593,0.0,0.0
PRSS3,7.197715,3.4200766,6.123000226373215e-13,1.3171051623310099e-12
AL591848.4,7.6710706,3.4184363,1.7056696074571022e-14,3.728232680104236e-14
AC139795.2,7.1359625,3.4170275,9.61121335552443e-13,2.0630888303310053e-12
GPLD1,14.118914,3.4164817,2.904345508957034e-45,7.625617754023404e-45
RGPD8,9.976872,3.4147873,1.9243772095305768e-23,4.5240712520848605e-23
ANGPTL1,38.319435,3.4093573,0.0,0.0
ADAMTSL1,14.991131,3.4085708,8.391270903246757e-51,2.25185595940455e-50
LRRC7,13.879716,3.4082549,8.407612569198335e-44,2.1951971632928986e-43
GK,64.49665,3.4074132,0.0,0.0
RAPGEF2,170.65247,3.4047043,0.0,0.0
ITSN1,149.50317,3.4030678,0.0,0.0
ZDBF2,50.8885,3.402432,0.0,0.0
LIPC,9.992731,3.402235,1.639997200913305e-23,3.857049804314264e-23
FXYD2,16.664354,3.4008548,2.38047031076305e-62,6.64730858409767e-62
TTLL5,140.93594,3.400214,0.0,0.0
MAPK8,176.02553,3.3995202,0.0,0.0
ACSF2,85.63875,3.3965278,0.0,0.0
AC019205.1,27.970728,3.3963995,3.6899171974071523e-172,1.3062006094393815e-171
APLF,43.75131,3.3963366,0.0,0.0
PLD1,44.350605,3.3963246,0.0,0.0
SGPP1,86.94698,3.3963184,0.0,0.0
ARHGAP42,110.08563,3.3947258,0.0,0.0
TCF20,145.18112,3.3945637,0.0,0.0
FAM172A,178.97784,3.3941507,0.0,0.0
SLC20A2,164.71263,3.3931463,0.0,0.0
PKP1,8.421301,3.3920844,3.7232735935245587e-17,8.342053810074372e-17
WDR27,123.67844,3.3918164,0.0,0.0
SRGAP1,186.4419,3.391451,0.0,0.0
ZNF124,102.736336,3.3909779,0.0,0.0
GLDN,13.539205,3.3909738,9.177734035164712e-42,2.3794423710132916e-41
RASA2,181.64206,3.3899014,0.0,0.0
EPHB2,65.48754,3.3893993,0.0,0.0
PRIM2,121.44528,3.389186,0.0,0.0
SMAD3,145.30075,3.3885913,0.0,0.0
TYW1,135.09879,3.387949,0.0,0.0
ITFG1,211.59004,3.386477,0.0,0.0
PTPRD,46.42042,3.3831742,0.0,0.0
SUSD4,63.134865,3.3814232,0.0,0.0
FOCAD,128.18219,3.3784268,0.0,0.0
RNFT2,18.590584,3.3778737,3.829806240925839e-77,1.1157673470258489e-76
LINC01277,16.878906,3.3774977,6.432555516290445e-64,1.8046111000955428e-63
FBXW8,96.80105,3.377299,0.0,0.0
PPP1R12B,132.67891,3.3756378,0.0,0.0
C1orf159,76.61853,3.3756142,0.0,0.0
RNF38,147.94276,3.3751647,0.0,0.0
MBOAT1,78.56202,3.3723335,0.0,0.0
NTM,12.718154,3.3704073,4.688078449488218e-37,1.1884192343839564e-36
PPP1R13B,170.07204,3.3696966,0.0,0.0
CLMP,56.09263,3.368053,0.0,0.0
AGTPBP1,111.243385,3.367953,0.0,0.0
PBX4,47.084175,3.3671186,0.0,0.0
IRX6,8.006931,3.3670223,1.1760589434559314e-15,2.5975333283660174e-15
RASAL1,51.703014,3.365237,0.0,0.0
TFCP2,148.90906,3.3645768,0.0,0.0
WWC1,218.11531,3.363364,0.0,0.0
ZFAT,50.49817,3.362576,0.0,0.0
GHR,16.4505,3.3624861,8.317881995436962e-61,2.312436973500786e-60
CWF19L1,85.14126,3.3623755,0.0,0.0
LAMA1,45.063885,3.360933,0.0,0.0
CNTNAP2,32.04036,3.359207,2.9907743700669247e-225,1.1353331681202764e-224
LAMB1,183.6893,3.3591328,0.0,0.0
PCSK6,100.01658,3.3590083,0.0,0.0
NPLOC4,179.00052,3.3586726,0.0,0.0
COL27A1,133.59422,3.3580632,0.0,0.0
RHPN2,202.0199,3.3577912,0.0,0.0
PALD1,11.825977,3.357275,2.8654697138245894e-32,7.108309866367618e-32
PADI1,38.702587,3.3565536,0.0,0.0
CLTCL1,21.888426,3.3563523,3.348764028655537e-106,1.0525705350313786e-105
TANC1,155.98631,3.3523664,0.0,0.0
EPB41L5,157.01434,3.349934,0.0,0.0
EXOC3L2,8.654154,3.3471541,4.965827637178498e-18,1.1211934408279e-17
AC138627.1,11.138583,3.3448255,8.140420764870526e-29,1.9797943105470816e-28
SDS,8.16188,3.343984,3.2985045792172986e-16,7.320919971761505e-16
CEP170,140.30176,3.3412194,0.0,0.0
NLRC3,17.732843,3.3399587,2.339036078898872e-70,6.698839628540752e-70
USP25,175.18752,3.3388343,0.0,0.0
TENT4A,83.31793,3.3386853,0.0,0.0
GALNT11,181.7601,3.3370852,0.0,0.0
EEF2K,141.9339,3.3349764,0.0,0.0
PEX14,103.59253,3.3339763,0.0,0.0
SLC6A13,10.565216,3.3338044,4.319740539087152e-26,1.0322215416672892e-25
OCA2,16.418653,3.331198,1.4065319112168652e-60,3.908062414210955e-60
HACE1,70.24484,3.330892,0.0,0.0
AC087477.2,24.81546,3.330526,6.105383020707689e-136,2.0291723196567032e-135
LINC01010,7.5458264,3.3275323,4.494283198942811e-14,9.790217089464533e-14
ZNF69,69.09617,3.3273633,0.0,0.0
PTBP2,135.02548,3.327197,0.0,0.0
AL445248.1,12.526584,3.3269382,5.3414206787461444e-36,1.3484838218635004e-35
C9orf3,174.55397,3.32642,0.0,0.0
CASC2,70.42435,3.3263426,0.0,0.0
PFKFB4,38.77021,3.3262239,0.0,0.0
VWA7,8.676916,3.3242588,4.066459317553229e-18,9.193273897362337e-18
TET3,129.32784,3.3238916,0.0,0.0
AC007014.1,19.079918,3.323662,3.7083971967409847e-81,1.0924677695506912e-80
ACVR1B,113.24738,3.3233838,0.0,0.0
POLA1,77.40089,3.3229408,0.0,0.0
ZSCAN5A,78.153,3.322854,0.0,0.0
BHMT2,26.611378,3.3206048,5.012904712484805e-156,1.727115577641772e-155
CCNE1,75.63699,3.3202744,0.0,0.0
PDSS2,135.88902,3.3198767,0.0,0.0
WDFY3,178.0098,3.3196714,0.0,0.0
KIAA1217,201.27824,3.3169284,0.0,0.0
AL035681.1,15.782047,3.3158073,4.135518200962777e-56,1.1313864413047138e-55
BIRC6,234.07773,3.3154552,0.0,0.0
SYNDIG1,17.186546,3.3150702,3.3489616697061245e-66,9.465432437444664e-66
AC106791.1,13.985123,3.315022,1.92144351354164e-44,5.028378851017779e-44
RPRD2,174.42073,3.3101165,0.0,0.0
LINC01411,10.40718,3.3075306,2.2993277291649226e-25,5.469562416806844e-25
POF1B,9.742097,3.3065233,1.99397527166539e-22,4.659130382361051e-22
LINC01515,51.8275,3.306121,0.0,0.0
PKD2L2,14.766263,3.3056862,2.417510413249637e-49,6.45587651503543e-49
AC098850.3,25.555185,3.3040812,4.8082609027003095e-144,1.6269960405264138e-143
PPARGC1B,47.25604,3.3022342,0.0,0.0
RORA-AS1,27.967155,3.2998002,4.078059214509167e-172,1.4432536985193636e-171
RNF157,39.787125,3.2992744,0.0,0.0
RIMKLA,12.047288,3.2988667,2.0043628215821386e-33,5.003705648940786e-33
CAMK2B,11.268102,3.2972136,1.885911475350118e-29,4.60408117287442e-29
BTRC,123.09316,3.29454,0.0,0.0
CCDC91,180.32637,3.2943907,0.0,0.0
THBS4,9.306945,3.2937388,1.3156221295892834e-20,3.0332855626773533e-20
HKDC1,125.9555,3.2916682,0.0,0.0
ST7,129.92133,3.2909603,0.0,0.0
CADPS2,118.02157,3.2899957,0.0,0.0
TMCC3,105.07646,3.289215,0.0,0.0
CSPP1,177.29823,3.2874374,0.0,0.0
AL359715.1,7.1947627,3.287233,6.256947959156849e-13,1.3456243043762418e-12
NFAT5,230.84312,3.2844405,0.0,0.0
TRIM17,28.895828,3.2842565,1.347050953153497e-183,4.851617837129255e-183
FBXO27,27.175383,3.2799363,1.2694909496466258e-162,4.427027366918382e-162
TRRAP,140.21849,3.2783244,0.0,0.0
ANTKMT,12.747383,3.2772634,3.223863965201548e-37,8.185083216610928e-37
LEKR1,53.241116,3.2770276,0.0,0.0
RAP2C-AS1,39.086967,3.2728758,0.0,0.0
PSMD6-AS1,8.164791,3.2721598,3.21992882638258e-16,7.148672900013351e-16
AC006504.5,44.10888,3.2712665,0.0,0.0
KDM2A,228.86082,3.270014,0.0,0.0
GREB1L,45.416775,3.2694707,0.0,0.0
SEMA4G,22.397665,3.2689912,4.1475005584046046e-111,1.3162352658752065e-110
DCAF1,84.70313,3.2689118,0.0,0.0
RAB11FIP3,95.426506,3.2667053,0.0,0.0
TMEM100,9.363886,3.2661052,7.685696052916256e-21,1.7763058968663775e-20
SHROOM2,49.38994,3.2647943,0.0,0.0
COL4A1,167.27643,3.2643359,0.0,0.0
PI4KA,136.5166,3.264109,0.0,0.0
OBSCN-AS1,9.291529,3.2637367,1.5208860717662685e-20,3.5035311412167803e-20
FAM135A,148.03462,3.2624664,0.0,0.0
LACTB2-AS1,7.222447,3.2622268,5.106038044349377e-13,1.0993095906214428e-12
CASKIN1,12.954285,3.2609198,2.2219902620607484e-38,5.668224986062016e-38
ANKHD1-EIF4EBP3,16.889864,3.259866,5.342521266952985e-64,1.4992364631105355e-63
DAGLB,71.0996,3.2559652,0.0,0.0
RAPH1,166.44708,3.2548218,0.0,0.0
RABGAP1L,210.0473,3.2536135,0.0,0.0
CYP11A1,7.8920493,3.2535963,2.972646504363664e-15,6.543101615523181e-15
NEDD4L,154.82466,3.2530625,0.0,0.0
RALGAPA2,213.79364,3.2514293,0.0,0.0
KIAA0556,115.889046,3.2514186,0.0,0.0
WDHD1,52.411087,3.2489352,0.0,0.0
NLRC5,46.673443,3.2471025,0.0,0.0
LPP,255.7372,3.2463267,0.0,0.0
RANBP17,200.94547,3.24496,0.0,0.0
FBXO41,14.464153,3.243681,2.0409981776999334e-47,5.41564167377833e-47
MAML3,116.85286,3.2425437,0.0,0.0
PLCG1,70.95702,3.241114,0.0,0.0
RCOR1,190.85242,3.2395644,0.0,0.0
GNE,86.37059,3.2395453,0.0,0.0
FAM78B,11.70724,3.2393746,1.170266808547344e-31,2.894303086800927e-31
RBL1,58.630157,3.2392297,0.0,0.0
ATAD2B,142.60205,3.2387319,0.0,0.0
SCIMP,12.715536,3.2375293,4.847723841710626e-37,1.2287835626241612e-36
ARFGEF1,213.09407,3.2363064,0.0,0.0
FLVCR1,96.14379,3.2358258,0.0,0.0
LRRC37A,11.428963,3.2341788,2.9966718389425084e-30,7.349200183038973e-30
NETO2,35.096054,3.233445,7.74283107180258e-270,3.0868880997749456e-269
AL450384.2,22.81828,3.2329597,3.0195490785699372e-115,9.656409388149259e-115
SEC14L4,12.709435,3.23127,5.241166794474514e-37,1.3282840322762822e-36
AGAP6,56.83382,3.2293067,0.0,0.0
EIF2AK3,117.82235,3.2284355,0.0,0.0
NOD1,43.679474,3.2281342,0.0,0.0
COG5,154.22617,3.2272556,0.0,0.0
FLRT3,41.490532,3.224984,0.0,0.0
COL5A3,21.4185,3.2239513,8.983350015280454e-102,2.7912281770962945e-101
SPATA12,13.8839,3.2234683,7.930848750759649e-44,2.0712652658524136e-43
ZNF248,134.25,3.2233298,0.0,0.0
KIAA1328,92.16145,3.2206151,0.0,0.0
NOMO2,17.059935,3.2204309,2.948894954991623e-65,8.309243131765517e-65
AC011603.2,12.612796,3.2198277,1.7951081938435938e-36,4.540821052270115e-36
SENP5,151.38037,3.2196527,0.0,0.0
AHRR,7.3740206,3.219011,1.655573933606003e-13,3.5860851066812344e-13
ATXN2,225.56726,3.2172437,0.0,0.0
AL009179.1,8.406641,3.2161732,4.219187355765905e-17,9.447422097040276e-17
SFMBT1,82.15538,3.2156255,0.0,0.0
ANKDD1B,37.93261,3.214453,0.0,0.0
STAT5B,130.27498,3.2128754,0.0,0.0
ABCC6,19.656252,3.2126966,5.11122502491107e-86,1.5252069016332246e-85
TAF4,92.782974,3.2125444,0.0,0.0
NSD2,136.11308,3.2114155,0.0,0.0
GFOD1,50.81572,3.2105613,0.0,0.0
MBTD1,118.18846,3.2086713,0.0,0.0
ZNF81,34.323948,3.2085407,3.4477958685123817e-258,1.3624168606606535e-257
NPEPPS,242.03224,3.2077968,0.0,0.0
ENPEP,25.372158,3.207425,5.118588186977764e-142,1.724297389475854e-141
ABCC9,21.269123,3.2073889,2.1934704097386704e-100,6.790353412263648e-100
MAST2,95.11866,3.206265,0.0,0.0
ZFP64,74.605194,3.204358,0.0,0.0
GRM7,8.668622,3.2042677,4.3738281350746475e-18,9.88286363369457e-18
FOXP1,222.27403,3.2034104,0.0,0.0
SLC22A23,62.634468,3.2029073,0.0,0.0
CDKL2,43.48138,3.2019928,0.0,0.0
TACR1,19.279362,3.20129,8.005899908735389e-83,2.3693548236616156e-82
DOPEY1,102.27298,3.2001379,0.0,0.0
HCG25,11.114843,3.199772,1.0623736822691164e-28,2.5822614896211215e-28
SLC41A2,134.37262,3.1995916,0.0,0.0
TEX22,20.532389,3.1986797,1.1060280747693263e-93,3.3705891690338703e-93
NMU,46.36558,3.1986644,0.0,0.0
AP002449.1,8.940919,3.1986551,3.8594592724634446e-19,8.785833511859815e-19
ZNF337-AS1,28.665693,3.1984122,1.0218465715351668e-180,3.6655890740322495e-180
FGA,7.9757524,3.1983924,1.5145563250672013e-15,3.3409164323025664e-15
COL4A2,185.57759,3.1983902,0.0,0.0
GAS2L3,50.179287,3.1976688,0.0,0.0
UBE3C,169.6893,3.1972613,0.0,0.0
SCUBE3,11.478532,3.1954536,1.6912766203778927e-30,4.15398807284032e-30
DIS3L2,143.29877,3.1951244,0.0,0.0
APPL2,148.943,3.1945932,0.0,0.0
STXBP5,128.45384,3.193792,0.0,0.0
SVIL,157.89954,3.1934452,0.0,0.0
LYN,133.71417,3.1930132,0.0,0.0
E2F3,105.79674,3.191597,0.0,0.0
WRN,124.94997,3.1913083,0.0,0.0
ARHGAP29,185.8713,3.1901753,0.0,0.0
GSEC,13.234485,3.1900616,5.547602482652762e-40,1.425643558547873e-39
ZNF707,26.667439,3.189543,1.1235841450038068e-156,3.8751973606590065e-156
FYB1,36.064,3.1890705,8.321867977067383e-285,3.370522032132764e-284
BAIAP2L1,147.14305,3.1870213,0.0,0.0
DNAJC6,27.839268,3.1868947,1.452851775172704e-170,5.1300625279026604e-170
SHLD1,64.92555,3.1865656,0.0,0.0
MDN1,147.31894,3.1861215,0.0,0.0
ZNF14,47.87672,3.186077,0.0,0.0
EXOC2,103.90621,3.1840959,0.0,0.0
CDK8,97.33011,3.1822977,0.0,0.0
SDCBP2-AS1,50.237495,3.1819663,0.0,0.0
BBS9,77.992256,3.180423,0.0,0.0
LINC01508,28.519236,3.18014,6.764856144469303e-179,2.418769850419888e-178
MCM9,83.5938,3.1772802,0.0,0.0
PPP1R9A,198.5484,3.1755393,0.0,0.0
VPS35L,99.651474,3.1743557,0.0,0.0
ERCC8,61.90941,3.1702144,0.0,0.0
ZNF341,27.328493,3.167368,1.9456794438320612e-164,6.797103274146547e-164
ADAM19,24.355202,3.1664603,5.106390290098449e-131,1.6823798423140376e-130
TCF7L1,78.64103,3.16564,0.0,0.0
UIMC1,144.11009,3.16458,0.0,0.0
PARG,131.37906,3.1640093,0.0,0.0
ANKUB1,85.08866,3.1590865,0.0,0.0
THADA,148.8777,3.1576033,0.0,0.0
LINC02018,12.280332,3.1569834,1.1552366316467903e-34,2.898397428422236e-34
KLRD1,74.69683,3.156575,0.0,0.0
NEK7,143.59384,3.1559916,0.0,0.0
CEP128,65.32243,3.1548584,0.0,0.0
NLGN4X,72.16284,3.153835,0.0,0.0
ANKS1A,157.07758,3.1534529,0.0,0.0
P4HA3,29.542078,3.153185,8.301334924832808e-192,3.025279777000035e-191
SMG6,152.25357,3.1528263,0.0,0.0
MYLK,97.45866,3.1527488,0.0,0.0
IGFBP1,35.115013,3.1503685,3.977795839290812e-270,1.5862837425288e-269
RIN3,63.697292,3.1494505,0.0,0.0
TUFT1,113.612915,3.1469874,0.0,0.0
ZNRF3,133.18442,3.1466947,0.0,0.0
LDAH,96.12676,3.1457949,0.0,0.0
SDK2,55.638496,3.1447723,0.0,0.0
RAMAC,9.806626,3.1445718,1.0543502723235426e-22,2.46711280045279e-22
PHLPP1,110.09234,3.1440835,0.0,0.0
AL590560.2,12.041191,3.1434658,2.1581800588324017e-33,5.3867853213862586e-33
MAPK12,20.693615,3.1429331,3.9542242413862436e-95,1.209156485949423e-94
ADAMTS17,13.142013,3.1419742,1.8912832291935345e-39,4.848055013722663e-39
CBLB,152.05092,3.1418707,0.0,0.0
HECW1,9.945314,3.141327,2.643375405954976e-23,6.208452695287555e-23
NECTIN3,70.303314,3.1412284,0.0,0.0
ZC3HAV1L,19.562714,3.1407118,3.215062245232915e-85,9.57064396186774e-85
AL356599.1,35.651886,3.139393,2.20279482559461e-278,8.869447941070198e-278
SLC13A4,7.4671288,3.1385758,8.196355062967521e-14,1.780086526509016e-13
MKLN1,199.5855,3.1380959,0.0,0.0
COLEC12,23.990246,3.1364625,3.515483052207589e-127,1.1492551149306997e-126
RNF213,222.20016,3.1357675,0.0,0.0
MON2,168.65166,3.1352272,0.0,0.0
RBFOX2,179.29208,3.132805,0.0,0.0
ATP9A,152.03664,3.132317,0.0,0.0
UBAP1,177.72449,3.1321132,0.0,0.0
TBC1D31,41.912083,3.1312065,0.0,0.0
NKAIN4,10.273471,3.1306763,9.280461255235077e-25,2.1999841122829882e-24
ANKRD24,6.8011074,3.130286,1.0381801838174819e-11,2.202087403256015e-11
MID1,116.75317,3.1297655,0.0,0.0
ARID2,171.79047,3.1294227,0.0,0.0
SLC7A7,24.205826,3.1291735,1.9316711668825396e-129,6.33943649233623e-129
GLS2,9.616096,3.1283004,6.837735079821909e-22,1.5917880717945683e-21
AK5,11.102125,3.12824,1.2249541959689672e-28,2.9764582742502757e-28
MYO1D,131.48755,3.128092,0.0,0.0
ELP4,101.83787,3.126407,0.0,0.0
BMPR1A,143.86058,3.126165,0.0,0.0
PGS1,91.15334,3.1258435,0.0,0.0
CDKL4,13.583895,3.1253715,4.990079805710107e-42,1.2945362089310327e-41
RAPGEF4,14.213568,3.1245859,7.548015336795667e-46,1.9872761492116265e-45
CCDC62,8.609219,3.1228566,7.356052950471398e-18,1.6582003330337433e-17
MAP2K4,139.44122,3.122574,0.0,0.0
ATP7B,65.16448,3.1195269,0.0,0.0
DMXL1,140.93288,3.1179957,0.0,0.0
RASGRF2,16.294294,3.1179368,1.083465933869921e-59,3.0022284908678584e-59
LINC00623,124.335396,3.117363,0.0,0.0
NUAK2,98.26324,3.1153986,0.0,0.0
CTBP1-AS,17.384539,3.1152775,1.0805265839148553e-67,3.07043398989662e-67
ESRRG,45.27804,3.1148968,0.0,0.0
LIN52,66.17395,3.1139097,0.0,0.0
ARSB,51.82855,3.113852,0.0,0.0
MIATNB,41.281002,3.111103,0.0,0.0
WDR7,72.3669,3.111025,0.0,0.0
FOXK2,148.715,3.1091175,0.0,0.0
TTC13,56.771416,3.1078598,0.0,0.0
GPATCH8,198.89813,3.1072004,0.0,0.0
MOGAT1,75.53997,3.106842,0.0,0.0
EIF4G3,197.61545,3.1062844,0.0,0.0
DENND3,84.8438,3.1051412,0.0,0.0
STIM1,134.02359,3.1046157,0.0,0.0
HERC4,197.17479,3.1045616,0.0,0.0
KLHL22,77.6516,3.1036375,0.0,0.0
KIF21B,13.50642,3.1033177,1.433232938513654e-41,3.711599462799983e-41
HNF1B,138.52031,3.1028192,0.0,0.0
ANKRD27,79.7798,3.1017642,0.0,0.0
PCCA,209.75078,3.1007159,0.0,0.0
ZNF133,63.8859,3.1006687,0.0,0.0
RNF144A,87.34835,3.0996892,0.0,0.0
SEMA4B,134.6592,3.0996485,0.0,0.0
ILDR2,11.382291,3.0990798,5.1235662412407774e-30,1.2542395018141437e-29
MMRN2,9.919809,3.0986512,3.4140899730830155e-23,8.012881648795219e-23
MAP7D2,9.136944,3.098248,6.424231754556849e-20,1.4713997030331477e-19
ATP11A-AS1,16.386238,3.097689,2.3983343551880347e-60,6.656905114080521e-60
BAALC-AS1,25.211784,3.096954,2.9749524147142603e-140,9.978458065255805e-140
PDSS1,40.864166,3.0961936,0.0,0.0
FLNB,211.29005,3.0958745,0.0,0.0
VPS54,122.23819,3.0953846,0.0,0.0
ATP11C,97.67838,3.0916722,0.0,0.0
AC018557.1,15.432613,3.0908632,9.878708841946644e-54,2.677051226050146e-53
SCAF8,144.59265,3.090629,0.0,0.0
TMEM132D,10.878555,3.0885959,1.4585614546206264e-27,3.519761359397491e-27
EFHD1,41.74665,3.0881016,0.0,0.0
PRDM10,45.585667,3.0876603,0.0,0.0
DNA2,41.6388,3.0876348,0.0,0.0
TRPV1,39.064114,3.0873935,0.0,0.0
NUP210L,9.130828,3.0858114,6.797723288328592e-20,1.5563402752701452e-19
RASA1,137.14435,3.0847647,0.0,0.0
RNLS,50.339146,3.0840316,0.0,0.0
SEPT7-AS1,11.553715,3.0833833,7.0696928698527766e-31,1.7398785769376823e-30
AC022364.1,8.546924,3.0813215,1.2641286503189762e-17,2.844602533256067e-17
DGLUCY,114.21707,3.081074,0.0,0.0
WNK1,215.16771,3.080587,0.0,0.0
ATP9B,122.57505,3.0805514,0.0,0.0
UBE4B,143.21278,3.0802681,0.0,0.0
FUT8,111.887314,3.0792685,0.0,0.0
NCAM2,11.81055,3.0792446,3.443037444257125e-32,8.537483896961365e-32
MYH3,8.910854,3.0791085,5.064096194321608e-19,1.1516577637144172e-18
SGSM1,39.04517,3.0788095,0.0,0.0
KIAA1671,140.51392,3.0779016,0.0,0.0
AKAP10,116.53074,3.0775378,0.0,0.0
TTLL11,24.088745,3.0768237,3.2798923916296e-128,1.0740210947529618e-127
AC008105.3,18.854628,3.0765564,2.6922866044671994e-79,7.891138801976814e-79
MBOAT2,53.47796,3.0754743,0.0,0.0
CPVL,71.21095,3.0746725,0.0,0.0
ARHGEF10L,73.0299,3.0744803,0.0,0.0
PID1,48.711346,3.0735679,0.0,0.0
MTFR1,102.35801,3.0732195,0.0,0.0
AP4E1,65.8378,3.0729024,0.0,0.0
CEP192,125.2605,3.0728946,0.0,0.0
WDR37,79.057884,3.0692396,0.0,0.0
RFX2,94.677574,3.067137,0.0,0.0
MROH1,148.52711,3.0652723,0.0,0.0
KCNT2,11.038876,3.0644586,2.4811853628420173e-28,6.016538328520675e-28
HERC2,185.20537,3.064433,0.0,0.0
FAM174C,13.688007,3.0641987,1.1974837872968678e-42,3.1147446700322833e-42
GVQW2,10.201439,3.0640743,1.9535631576164012e-24,4.619902301947011e-24
UBTD1,65.65492,3.0635402,0.0,0.0
PARN,126.27262,3.0632482,0.0,0.0
YEATS2,109.44234,3.0619469,0.0,0.0
NVL,99.73282,3.0616627,0.0,0.0
COL11A1,11.277846,3.0600555,1.6882856706917538e-29,4.1229801402189454e-29
PRKRIP1,148.93784,3.0575202,0.0,0.0
WDR91,112.80933,3.0556645,0.0,0.0
EHMT1,177.16411,3.0532742,0.0,0.0
FAM168A,113.481384,3.0528386,0.0,0.0
CNIH3,37.207657,3.0525331,5.1313429272267455e-303,2.118095563894406e-302
LINC00649,24.961359,3.0514145,1.6075301711112586e-137,5.36206550919637e-137
ZNF346,56.021408,3.0509458,0.0,0.0
ARID1B,224.28358,3.050308,0.0,0.0
MYO5A,75.02527,3.0499883,0.0,0.0
GYS1,86.91972,3.049385,0.0,0.0
LARS2,65.9012,3.0486715,0.0,0.0
CCDC39-1,11.4651575,3.0482512,1.9739988763860614e-30,4.846776986753171e-30
FRYL,196.0138,3.0481882,0.0,0.0
PPP2R2C,51.444157,3.0462961,0.0,0.0
SPDYE16,13.650173,3.0455658,2.0140041624262385e-42,5.232123068219128e-42
IGSF6,24.972403,3.0447211,1.219652202189741e-137,4.0691819603053953e-137
ISM1,8.577883,3.0442083,9.663539071716367e-18,2.1758620570932848e-17
SLC38A9,76.99332,3.0400019,0.0,0.0
NPC1,128.10667,3.0397868,0.0,0.0
ZC3H3,71.89344,3.039516,0.0,0.0
SLC9C2,11.384761,3.0381703,4.980458744168772e-30,1.2194092257300707e-29
CA5B,88.32904,3.0377746,0.0,0.0
ABHD3,111.92025,3.0375783,0.0,0.0
A1BG-AS1,15.295938,3.036655,8.138071778817761e-53,2.1997003169655694e-52
LMTK2,100.47621,3.0360394,0.0,0.0
RAD54L2,104.82124,3.034193,0.0,0.0
CEACAM19,20.564045,3.0325248,5.762332610443707e-94,1.7576870363227214e-93
CLIP1-AS1,6.7602205,3.0313802,1.3778170883600164e-11,2.9174629728432015e-11
POU2F2,30.742342,3.031377,1.5477634101694617e-207,5.759255733657283e-207
RIC8B,79.36688,3.0310767,0.0,0.0
STRN,132.7631,3.0308342,0.0,0.0
NEGR1,6.818029,3.02988,9.229806898008595e-12,1.9588629991245784e-11
MAP7,171.70824,3.0278444,0.0,0.0
L3MBTL1,46.710964,3.027602,0.0,0.0
DHX35,39.194454,3.0270023,0.0,0.0
CPAMD8,51.211086,3.0255747,0.0,0.0
SIPA1L1,157.67975,3.0244985,0.0,0.0
ABCC3,157.8595,3.0243568,0.0,0.0
ZSWIM3,17.071215,3.024044,2.430921238735128e-65,6.853647525286264e-65
DYRK1A,175.40527,3.0232027,0.0,0.0
OSBPL6,8.656469,3.021239,4.866002933987532e-18,1.0989069030334339e-17
COMMD10,166.42485,3.020449,0.0,0.0
RPS6KA2,132.84424,3.0199225,0.0,0.0
GDPD1,20.694933,3.019778,3.847681850577951e-95,1.1766988923733109e-94
RPS6KL1,11.444555,3.0172193,2.5038512006813934e-30,6.143131103034359e-30
SLC22A14,10.521784,3.016649,6.856288367702406e-26,1.636090468672744e-25
ABCA1,111.01311,3.0165412,0.0,0.0
KLF12,50.527992,3.0127923,0.0,0.0
MB21D2,50.313118,3.0125833,0.0,0.0
LHFPL4,10.100011,3.012435,5.5235881369579536e-24,1.3027039188912098e-23
AGO4,102.803856,3.0121028,0.0,0.0
AL592183.1,46.042007,3.0118067,0.0,0.0
HMCN1,20.965092,3.0100596,1.3665592668635127e-97,4.201842477142808e-97
C4orf19,81.44259,3.0097542,0.0,0.0
AC104986.2,28.649952,3.0090582,1.6052617448375416e-180,5.754233955456737e-180
WNK3,42.977253,3.0078485,0.0,0.0
EPAS1,149.70248,3.006436,0.0,0.0
ATG10,109.881836,3.0056548,0.0,0.0
AL513550.1,11.608249,3.0045145,3.7420167338781857e-31,9.226162991685967e-31
AIF1L,93.33346,3.0027187,0.0,0.0
DEPDC1B,50.756493,3.0021777,0.0,0.0
CAPN13,32.9979,3.0006452,8.705865147552562e-239,3.359699396330726e-238
WFDC3,15.187158,2.9988394,4.3017339384406026e-52,1.1603051078018907e-51
MRAS,38.310375,2.99742,0.0,0.0
NMNAT2,22.552195,2.9974048,1.2778977548407153e-112,4.065537675118113e-112
SEC22A,82.72816,2.9969199,0.0,0.0
AC138150.1,45.894703,2.996845,0.0,0.0
OSMR,105.37214,2.996181,0.0,0.0
CLPSL1,9.120783,2.9958556,7.458334560778945e-20,1.7066611358372897e-19
NAGS,7.1346416,2.9947267,9.703957291209087e-13,2.0828453177017324e-12
SUMF1,148.26735,2.9943926,0.0,0.0
UGDH-AS1,32.76051,2.9927266,2.151318457767957e-235,8.265474116300777e-235
PPP6R3,193.06691,2.991857,0.0,0.0
POU5F1,124.60354,2.9878836,0.0,0.0
AP001267.3,13.656006,2.987807,1.8590426045411654e-42,4.8312530240342e-42
CEP72,25.098448,2.9876585,5.171160234054553e-139,1.729773014404519e-138
USP24,122.34901,2.986185,0.0,0.0
AC092835.1,7.8464394,2.985499,4.280161595934006e-15,9.410555575007907e-15
NINJ2,36.174976,2.983546,1.5067140173196095e-286,6.110033635189243e-286
ZNF461,29.425665,2.9833868,2.5792413541098315e-190,9.381081067479163e-190
MAD1L1,96.77623,2.9818912,0.0,0.0
AP2A2,182.19026,2.9817076,0.0,0.0
PTH2R,14.08976,2.9809651,4.39055031702147e-45,1.1524706743257246e-44
UNC13D,33.70598,2.9797194,4.724888245616123e-249,1.848515499377903e-248
SCIN,65.96578,2.9793098,0.0,0.0
ZNF98,10.311324,2.978569,6.263220684176777e-25,1.4855655164959053e-24
SLIT3,53.78989,2.978105,0.0,0.0
RBAK-RBAKDN,55.277683,2.9772027,0.0,0.0
RAD9A,113.69563,2.975912,0.0,0.0
NCOA6,137.35724,2.9757557,0.0,0.0
ATXN1,158.5608,2.9752455,0.0,0.0
NRSN2-AS1,39.458984,2.9743505,0.0,0.0
PUS7,84.03563,2.9741642,0.0,0.0
KANSL1L,107.96452,2.9738479,0.0,0.0
EPB41L4A,105.269646,2.9737911,0.0,0.0
PEAK1,105.188614,2.9730716,0.0,0.0
TBL1X,156.79967,2.972953,0.0,0.0
SLC9A8,81.178345,2.972738,0.0,0.0
SH3D19,106.00885,2.9725766,0.0,0.0
MGAT5B,8.007247,2.97174,1.1730471014765793e-15,2.5910749425240023e-15
TET1,50.049034,2.9714415,0.0,0.0
LMF1,78.740944,2.9706087,0.0,0.0
ANKMY1,92.19096,2.9704802,0.0,0.0
PLAGL1,102.324814,2.9703135,0.0,0.0
NBEAL1,206.79918,2.9686742,0.0,0.0
VCAN,165.72008,2.9680166,0.0,0.0
TTC7A,98.33564,2.967816,0.0,0.0
BDNF-AS,37.07223,2.967664,7.873938917748178e-301,3.244730899261844e-300
BTBD11,24.118032,2.9660273,1.6171488991625986e-128,5.298391988491238e-128
ZNF862,40.383198,2.9652042,0.0,0.0
ANKAR,57.235844,2.9651396,0.0,0.0
BLNK,72.95398,2.9644701,0.0,0.0
TACC2,115.185295,2.964125,0.0,0.0
FAM171B,32.329742,2.96308,2.6726916469868837e-229,1.0207525133926884e-228
NPL,8.301928,2.9629395,1.0243595440834063e-16,2.285038324277307e-16
IL34,6.8784204,2.9625816,6.051977307635079e-12,1.287107597367403e-11
AGBL3,38.28721,2.9623637,0.0,0.0
MEF2A,188.44104,2.9611642,0.0,0.0
ITPR1,48.623756,2.9606235,0.0,0.0
STXBP5-AS1,15.563755,2.9601195,1.2834336092961051e-54,3.49435685805956e-54
HIVEP2,148.34613,2.9600258,0.0,0.0
SPPL3,168.27316,2.9594152,0.0,0.0
AC130456.2,21.690292,2.9592538,2.533723679769882e-104,7.930979464024233e-104
ZNF337,63.33173,2.9592352,0.0,0.0
GPRC5D-AS1,45.64581,2.9586024,0.0,0.0
NCOA1,159.5481,2.9585266,0.0,0.0
AL627171.2,22.824327,2.958209,2.6294777755632326e-115,8.409886138024721e-115
BRAF,165.15709,2.958083,0.0,0.0
ST6GAL1,87.872,2.9575853,0.0,0.0
ALG1L2,17.810455,2.9573197,5.863100436218899e-71,1.682578774359029e-70
PUM1,234.90656,2.9571073,0.0,0.0
AC007262.2,7.3223505,2.9521577,2.4366505158690736e-13,5.26751755004493e-13
UQCC1,106.61593,2.9519613,0.0,0.0
MICAL3,140.44734,2.9507718,0.0,0.0
IGHG1,11.875166,2.9507444,1.5931715771212428e-32,3.957798996583688e-32
MFHAS1,187.63556,2.9497125,0.0,0.0
NPIPB2,11.839002,2.9489121,2.4535728000134768e-32,6.088571830621678e-32
ABCA9,10.488008,2.9485135,9.807466716182308e-26,2.3376744864707687e-25
GRAMD2B,149.45506,2.9481704,0.0,0.0
PICALM,174.1468,2.9472213,0.0,0.0
ZNF345,53.05736,2.94474,0.0,0.0
SWT1,53.117,2.9446988,0.0,0.0
MYO9A,176.24704,2.9440482,0.0,0.0
SPATA1,20.466555,2.943822,4.278145577611689e-93,1.3018717941763519e-92
TINCR,12.807545,2.9428697,1.487681409468246e-37,3.782284289418623e-37
LRCH3,130.99924,2.941617,0.0,0.0
WDR62,21.14682,2.941377,2.951790558548674e-99,9.116868025723495e-99
WASHC1,115.43794,2.9407375,0.0,0.0
AL117335.1,11.230462,2.9379146,2.889632387361375e-29,7.045148976121317e-29
TDRKH,18.503582,2.937678,1.931944929409657e-76,5.618508347987706e-76
ASB14,8.0857115,2.9360123,6.180217164492071e-16,1.3679770097252894e-15
AUTS2,109.339836,2.9353497,0.0,0.0
DDX11-AS1,10.711747,2.93482,8.965365305483182e-27,2.1517168194970607e-26
Z84485.1,9.575465,2.9332466,1.0140011873505142e-21,2.3584952002568278e-21
LINC00885,10.032118,2.9327803,1.101286244478581e-23,2.5929662573315657e-23
WDR4,55.242565,2.9327748,0.0,0.0
NAV1,60.704853,2.9319942,0.0,0.0
ABLIM2,16.534319,2.930651,2.0771136697299983e-61,5.7859793101713845e-61
PPP2R2B,8.578228,2.930629,9.634605051448146e-18,2.1695126366422434e-17
SYT14,111.842186,2.9302042,0.0,0.0
LINC02193,13.320464,2.9296868,1.7601002443959185e-40,4.534219682195889e-40
SSH1,92.952354,2.9277651,0.0,0.0
DLG1,204.54762,2.927713,0.0,0.0
WDR59,123.13291,2.9269392,0.0,0.0
CRMP1,23.034674,2.9267302,2.095305273237078e-117,6.718901587435218e-117
DCDC1,66.341515,2.926486,0.0,0.0
ZC3H12B,8.253486,2.92357,1.5384036383301152e-16,3.4267978758307535e-16
ZNF155,25.924616,2.9219704,3.51588420947647e-148,1.198615339480953e-147
TNK2,43.643425,2.9198613,0.0,0.0
GRAMD1B,21.10109,2.9197054,7.772467497085983e-99,2.3983381942418917e-98
TIAM2,69.44384,2.9196732,0.0,0.0
DNM1,38.72227,2.9194107,0.0,0.0
PCBD2,98.96122,2.9185433,0.0,0.0
AP002026.1,29.841997,2.9184158,1.1150055723282398e-195,4.08360592221914e-195
TTN-AS1,67.36876,2.918316,0.0,0.0
ARHGAP22,19.903385,2.9178169,3.803545449577078e-88,1.1426113644558608e-87
SLC16A4,59.399513,2.916954,0.0,0.0
CRYBG1,84.79101,2.9158726,0.0,0.0
SGMS1,117.291115,2.9153395,0.0,0.0
SPDL1,70.17539,2.9147515,0.0,0.0
WNK2,81.13399,2.9133677,0.0,0.0
SLC10A7,63.054134,2.9128747,0.0,0.0
HOXA3,24.082563,2.9121122,3.8074798699947537e-128,1.246506436374114e-127
CDYL,164.84355,2.9115481,0.0,0.0
JMJD1C,231.4852,2.9113073,0.0,0.0
RHBDD1,83.949974,2.9088984,0.0,0.0
UNC13B,74.78674,2.907696,0.0,0.0
LPIN2,150.931,2.907434,0.0,0.0
MAMDC2-AS1,11.888303,2.9072433,1.3614445565620968e-32,3.3827057429767534e-32
XPO4,82.74657,2.9061074,0.0,0.0
TUT7,128.94751,2.905922,0.0,0.0
NBPF11,53.848225,2.9053085,0.0,0.0
SLCO3A1,93.92454,2.904454,0.0,0.0
EVI5,160.69551,2.9041932,0.0,0.0
CCNY,180.8577,2.9034085,0.0,0.0
SSC4D,12.809747,2.9030366,1.4460520206061084e-37,3.6770788055195368e-37
PKP4,202.95526,2.9021726,0.0,0.0
FAM219A,36.604393,2.9020119,2.4349241904129727e-293,9.95063815982495e-293
RREB1,182.59244,2.9007826,0.0,0.0
PPM1D,73.91861,2.9001913,0.0,0.0
AZIN1-AS1,61.04021,2.8999999,0.0,0.0
FUT10,54.371426,2.8986628,0.0,0.0
LIMD1,85.859604,2.8981137,0.0,0.0
GPRC5A,172.424,2.8978837,0.0,0.0
B4GALT5,175.30348,2.8959944,0.0,0.0
RMI2,36.044518,2.8939226,1.680642844893833e-284,6.804138087430064e-284
PTPDC1,41.89642,2.892589,0.0,0.0
PIK3AP1,19.13393,2.8925204,1.317556606435499e-81,3.887246137280476e-81
OSBPL10-AS1,14.824697,2.8892753,1.0143736219613715e-49,2.7132656754093572e-49
PIK3C2B,43.543175,2.888375,0.0,0.0
ZNF540,13.1572485,2.8876162,1.5461448038826116e-39,3.9647148366319484e-39
ADAP2,25.944397,2.8868678,2.1032849354667906e-148,7.172055905812276e-148
FBXL18,43.616264,2.8868434,0.0,0.0
AC073957.3,16.306986,2.8868387,8.803095900374675e-60,2.439521602271623e-59
AKR1B10,16.922089,2.884882,3.092704553755352e-64,8.685455584631055e-64
KHDC4,134.38672,2.8847632,0.0,0.0
TRAF3IP2-AS1,60.928337,2.8844209,0.0,0.0
GP6,11.045947,2.8842673,2.2933640912782805e-28,5.562467483815e-28
RBM47,220.49101,2.8836474,0.0,0.0
FAM153A,8.2030945,2.8833144,2.342760273796524e-16,5.211428315270159e-16
ZNF460-AS1,8.611433,2.8832014,7.21527196111816e-18,1.6265896710574797e-17
GAD1,21.338861,2.882947,4.94847753188706e-101,1.535124924011187e-100
GARNL3,28.917461,2.8824937,7.202539451893879e-184,2.595691847869493e-183
CHD7,154.48325,2.8821805,0.0,0.0
PGM5,17.298403,2.8810778,4.8361101673262176e-67,1.370935329184441e-66
FILIP1L,53.963066,2.8796797,0.0,0.0
KCND2,17.170488,2.8780305,4.4168726141710166e-66,1.2476587745979543e-65
MED13L,199.53856,2.8772442,0.0,0.0
PROSER2,108.92269,2.8766444,0.0,0.0
PLGLB1,16.392216,2.8760636,2.1737674257601547e-60,6.034156052143013e-60
AQP1,30.444435,2.8751507,1.41932652819303e-203,5.252219596182978e-203
NCCRP1,10.928062,2.873829,8.463611909630873e-28,2.0444209381709584e-27
C10orf99,7.7121415,2.8736563,1.2372381898753015e-14,2.7087517606033256e-14
CD99L2,51.65593,2.8730938,0.0,0.0
ARHGAP24,27.81365,2.8723962,2.9661841208557604e-170,1.0468676597211737e-169
VPS8,121.37379,2.8721688,0.0,0.0
SAMD4A,76.15737,2.8718574,0.0,0.0
ANKRD13C,102.52171,2.8716369,0.0,0.0
EFR3A,156.00528,2.8703976,0.0,0.0
MGAT5,123.12886,2.869622,0.0,0.0
SPRED2,89.93695,2.869265,0.0,0.0
NMNAT3,35.598938,2.8680778,1.45495680767722e-277,5.847948078223534e-277
PUM2,184.53711,2.867179,0.0,0.0
SHISAL2A,8.675433,2.8670158,4.1198044499427615e-18,9.31316124985147e-18
UBR2,153.45961,2.8667696,0.0,0.0
RTN4RL2,13.978267,2.865648,2.1157762137253678e-44,5.534981537146537e-44
HERC1,137.9118,2.8654823,0.0,0.0
PRRX2,58.176147,2.8641107,0.0,0.0
LINC01336,7.9957027,2.8624156,1.2883696324597943e-15,2.844527495068241e-15
DENND5A,130.82191,2.861923,0.0,0.0
RAPGEF1,98.24704,2.8615499,0.0,0.0
DOPEY2,73.80645,2.8614352,0.0,0.0
HAGLR,8.78329,2.8611825,1.58761515684571e-18,3.598025754539817e-18
MEGF6,40.381233,2.860827,0.0,0.0
R3HCC1L,78.87278,2.8605597,0.0,0.0
PAG1,37.619904,2.860554,1.016368709436654e-309,4.221289450023123e-309
USP13,62.802826,2.8599272,0.0,0.0
TRPC4AP,148.19736,2.8591897,0.0,0.0
SLC6A16,17.626757,2.8580883,1.5352649704047863e-69,4.3845623381096076e-69
TRPM7,138.70699,2.855055,0.0,0.0
PPARG,74.35623,2.853181,0.0,0.0
PPFIA4,12.796156,2.8516915,1.7227026316859058e-37,4.379425681274518e-37
MTMR3,113.75089,2.8514585,0.0,0.0
ZDHHC7,118.60157,2.8500419,0.0,0.0
ARHGEF38,50.25566,2.8499396,0.0,0.0
TNRC18,158.29657,2.849868,0.0,0.0
ASCC3,166.0781,2.8491974,0.0,0.0
DEPDC4,16.987146,2.8487544,1.0224459200958887e-64,2.876329238871258e-64
EEFSEC,73.52634,2.8481216,0.0,0.0
GPR143,24.13042,2.8479989,1.1987881224285259e-128,3.928991482276844e-128
PRELID3A,10.295678,2.8478293,7.3698448473590005e-25,1.7476232100097267e-24
PDGFC,89.21419,2.8472686,0.0,0.0
AC009126.1,8.808253,2.8468587,1.271105755761026e-18,2.883594758210271e-18
RNF19A,186.1813,2.846347,0.0,0.0
PTPRG,138.72322,2.8461297,0.0,0.0
ITPK1,132.87285,2.8455982,0.0,0.0
GEMIN7-AS1,17.160341,2.8447638,5.260329798258996e-66,1.4856306325802233e-65
C15orf41,55.107674,2.8445883,0.0,0.0
Z98885.3,8.841018,2.8444276,9.4850611468237e-19,2.1537397590596224e-18
SH3PXD2A,94.6609,2.8420656,0.0,0.0
VASH2,10.530676,2.8410857,6.238504897214272e-26,1.4890320854731447e-25
PLCH1,91.56227,2.8406696,0.0,0.0
ZNF41,25.777456,2.8406687,1.5872499998433374e-146,5.3912459737029855e-146
INTS8,93.49095,2.8397357,0.0,0.0
WBP2NL,32.099197,2.8395083,4.524268332125473e-226,1.7201190143899218e-225
MOXD1,24.945055,2.838573,2.416275201096893e-137,8.056979075021596e-137
ESYT2,156.90417,2.835791,0.0,0.0
HHAT,58.800747,2.8347673,0.0,0.0
PRKG1,29.481483,2.8347414,4.973592347613091e-191,1.8107530763779381e-190
PAPSS2,66.25659,2.8338714,0.0,0.0
LCOR,157.44135,2.8327365,0.0,0.0
ANXA4,221.0027,2.8323956,0.0,0.0
PALM2-AKAP2,23.56527,2.8312538,8.755355497401465e-123,2.837107953892958e-122
MED13,193.18506,2.830645,0.0,0.0
SFXN5,56.276867,2.8287659,0.0,0.0
MICAL2,63.787228,2.8279128,0.0,0.0
NPIPB11,16.708199,2.8274682,1.142336789041819e-62,3.193222773608947e-62
NUMB,184.31277,2.8271942,0.0,0.0
CERKL,58.39392,2.8270273,0.0,0.0
SEC16B,29.093098,2.8266943,4.389394806536418e-186,1.5863276053973862e-185
CCDC148,57.576614,2.8266675,0.0,0.0
TRMT2B,45.763275,2.824677,0.0,0.0
AC007255.1,17.224274,2.8239267,1.746077582104235e-66,4.941223861958607e-66
ZFP2,14.752438,2.8231394,2.9674858187063714e-49,7.92313347435797e-49
ZNF90,57.70392,2.8222804,0.0,0.0
DNAJC5,127.84545,2.8206925,0.0,0.0
ACAD10,68.85761,2.8202612,0.0,0.0
NUBPL,86.3243,2.819224,0.0,0.0
PHLPP2,40.15445,2.8160477,0.0,0.0
NRP1,106.64351,2.8159766,0.0,0.0
GALNT2,128.88698,2.8150694,0.0,0.0
LARP4B,174.52356,2.8146641,0.0,0.0
RAI1,95.56745,2.8131425,0.0,0.0
AMY2B,22.259146,2.8128085,9.198522354524211e-110,2.9116986293182547e-109
KIAA0319,7.9444485,2.812782,1.950563246505436e-15,4.298517363381009e-15
SLC9A9,13.11575,2.8106198,2.675228496437147e-39,6.854025464149657e-39
AL035413.1,21.654617,2.810311,5.4986366831767495e-104,1.719889219936547e-103
PTPN13,77.02038,2.8093321,0.0,0.0
NRXN3,69.164604,2.8080206,0.0,0.0
INO80D,136.60796,2.8078227,0.0,0.0
USP49,45.29224,2.806304,0.0,0.0
C17orf53,16.050987,2.8061535,5.6261986341858746e-58,1.5514207271221296e-57
ENOX2,63.467728,2.8055227,0.0,0.0
NBAS,142.50995,2.8051379,0.0,0.0
HOXD10,19.652914,2.8044925,5.4587714240919746e-86,1.6284222664252552e-85
INPP5B,40.990707,2.8030407,0.0,0.0
PHC3,139.44669,2.8010285,0.0,0.0
NAA25,114.7118,2.8010247,0.0,0.0
PDE9A,101.76803,2.8003278,0.0,0.0
AC012358.3,18.281633,2.8001876,1.1590451864024443e-74,3.3578538560251328e-74
ZNF573,31.677849,2.799852,3.1370353812795723e-220,1.1858250743623369e-219
POU2F1,120.12085,2.7995963,0.0,0.0
AOC1,50.404305,2.7987967,0.0,0.0
ZNF852,17.43892,2.7959898,4.179055918764587e-68,1.1890116704992604e-67
GPR35,17.410557,2.7957668,6.861408836738856e-68,1.9512461763183594e-67
IGSF3,72.15756,2.79428,0.0,0.0
TNRC6A,171.54886,2.7936249,0.0,0.0
MAP4K3,141.80823,2.792564,0.0,0.0
SLC7A2,156.23576,2.7917013,0.0,0.0
TAF2,115.68426,2.7915657,0.0,0.0
EYA3,106.42027,2.7901967,0.0,0.0
TBX19,26.02657,2.7901676,2.47843601183814e-149,8.464000859209005e-149
HSD17B14,14.461302,2.78839,2.1273623566019545e-47,5.643788553630017e-47
CCDC60,16.507158,2.786389,3.2586981021586475e-61,9.070539632080767e-61
AC073320.1,6.610816,2.7862113,3.8220686593251454e-11,8.041157559836958e-11
FAM110B,23.599539,2.785798,3.896450223460277e-123,1.264419506580022e-122
TNKS,147.72151,2.7846153,0.0,0.0
SCAPER,124.38187,2.784472,0.0,0.0
KLHDC10,120.868126,2.784332,0.0,0.0
PRKCH,49.781044,2.782872,0.0,0.0
INO80,127.194016,2.7824204,0.0,0.0
DYM,134.05333,2.7810256,0.0,0.0
AL157938.3,30.794798,2.7808862,3.0762487571432148e-208,1.1461219505228253e-207
CASC15,57.621975,2.7803018,0.0,0.0
MTMR10,76.73862,2.7800386,0.0,0.0
METTL15,112.21657,2.7798493,0.0,0.0
KIF18B,18.156406,2.7796922,1.1426427458693127e-73,3.3012660488720093e-73
ACSM1,8.191331,2.7770982,2.583536995209551e-16,5.742273631532292e-16
EEPD1,48.788967,2.7767568,0.0,0.0
CMIP,143.277,2.776667,0.0,0.0
PPP1R26-AS1,31.639153,2.7753942,1.0692653441704062e-219,4.0388085972566e-219
FGF1,9.32319,2.7752898,1.1289465449664088e-20,2.6049219778760782e-20
TADA2A,79.379326,2.7749734,0.0,0.0
MDM2,169.19205,2.7729409,0.0,0.0
CHST15,63.32668,2.7726302,0.0,0.0
PRDM15,26.711082,2.772333,3.4995288845205525e-157,1.2078201023830284e-156
TANGO2,45.488964,2.7716339,0.0,0.0
TMEM182,22.009682,2.7707896,2.3261955525731604e-107,7.325643027352609e-107
LRSAM1,50.320976,2.7698293,0.0,0.0
RANBP10,73.823326,2.7677414,0.0,0.0
ACER3,87.021194,2.766004,0.0,0.0
PRKAR1B,50.084713,2.7644372,0.0,0.0
CACNB2,17.150234,2.7618713,6.259937523570759e-66,1.7676033187133725e-65
TGFBR3,61.930313,2.7613795,0.0,0.0
RAD54L,20.462679,2.7611818,4.63224100913501e-93,1.4094804430680767e-92
ADAMTS13,24.869043,2.7597935,1.6094099920464225e-136,5.3556318531813e-136
DTWD2,52.953236,2.759577,0.0,0.0
ATE1,110.624794,2.7588825,0.0,0.0
ALMS1,96.85129,2.7588193,0.0,0.0
EML6,11.3581295,2.758002,6.757571717643521e-30,1.6534186164720622e-29
SOS1,149.7724,2.7578797,0.0,0.0
TLK2,141.39853,2.757669,0.0,0.0
TPCN2,34.692432,2.757635,1.0246035220325776e-263,4.066192985569414e-263
XPO5,79.00437,2.7571828,0.0,0.0
ANOS1,12.058978,2.756573,1.7392783909962413e-33,4.3430484429324376e-33
SLC9A2,24.764885,2.7562587,2.1434238034398213e-135,7.119831824024513e-135
RBMS2,112.37605,2.7550151,0.0,0.0
TMEM232,52.74163,2.7537146,0.0,0.0
CFAP44,85.9125,2.752314,0.0,0.0
TBC1D12,74.41672,2.7518914,0.0,0.0
SUFU,83.04608,2.7516625,0.0,0.0
PIAS1,157.00026,2.7514458,0.0,0.0
DAB2IP,102.50604,2.7499838,0.0,0.0
IFT140,73.57239,2.7493238,0.0,0.0
IGF1R,201.42587,2.749207,0.0,0.0
ADAM33,13.063341,2.7492027,5.333463567718254e-39,1.3646753241029376e-38
FBXO46,54.645332,2.7479246,0.0,0.0
SH2B2,51.199886,2.7462735,0.0,0.0
ASH1L,218.56052,2.7461898,0.0,0.0
GSDMB,24.286879,2.7452857,2.697710278040987e-130,8.879111068942305e-130
NME9,28.37136,2.7446668,4.563504735036167e-177,1.6285232003095834e-176
KANSL1,194.20792,2.7445219,0.0,0.0
ACTR3B,50.774853,2.744509,0.0,0.0
R3HDM1,110.261925,2.7437701,0.0,0.0
SLC36A4,70.78533,2.7419593,0.0,0.0
ZC3H12C,63.841198,2.7417018,0.0,0.0
NKAIN3,16.751896,2.7405689,5.485032801837793e-63,1.534561995625486e-62
TBC1D19,68.980064,2.7401564,0.0,0.0
ANKRD28,162.54146,2.739175,0.0,0.0
ZNF618,111.03788,2.7388444,0.0,0.0
CYP2C9,46.014347,2.7375646,0.0,0.0
LGR4,156.25586,2.7372537,0.0,0.0
PAK5,6.752448,2.7362282,1.4537116075487509e-11,3.077724675287827e-11
CTPS2,96.43954,2.7354667,0.0,0.0
KANSL3,98.10891,2.7353077,0.0,0.0
TEAD1,173.57925,2.7350461,0.0,0.0
MIR4435-2HG,129.2516,2.7348423,0.0,0.0
TBL1XR1,220.67345,2.734489,0.0,0.0
FOXJ3,125.24345,2.7339103,0.0,0.0
ANKRD31,6.9633102,2.7333412,3.3236890466955554e-12,7.08960831760472e-12
METTL25,61.04867,2.733034,0.0,0.0
ESYT3,15.013172,2.7327743,6.019855526057265e-51,1.6164984421612352e-50
CATSPER2,45.167603,2.7317386,0.0,0.0
DNAH1,26.947763,2.7314444,6.059235133680343e-160,2.1010945690180898e-159
LINC02253,14.390083,2.7309995,5.972410814783563e-47,1.5811842510360283e-46
PPP1R14C,81.90401,2.7305937,0.0,0.0
CHSY3,24.371471,2.7301102,3.433091564677976e-131,1.1313379522926083e-130
MSI2,193.65372,2.7300649,0.0,0.0
SLC25A12,59.402843,2.7297406,0.0,0.0
DDX31,49.422424,2.7293997,0.0,0.0
BARX2,24.762804,2.7291224,2.2569385927306444e-135,7.496051810070401e-135
ABHD18,70.97782,2.7281797,0.0,0.0
AP002490.1,6.6281266,2.7274902,3.399741190672711e-11,7.158242949059904e-11
SIK1B,7.765207,2.7255087,8.151224337302956e-15,1.78750671825751e-14
FASTKD1,63.099194,2.7254977,0.0,0.0
SMURF2,143.72571,2.7248063,0.0,0.0
ESRP1,152.68748,2.7243032,0.0,0.0
RGS7,10.447296,2.72394,1.5076190405680931e-25,3.5891640009654784e-25
MPP6,54.267677,2.7235713,0.0,0.0
POLE2,30.17607,2.7235289,4.8817628195468056e-200,1.7988327434641523e-199
CYP7B1,13.880311,2.7211685,8.33814283772487e-44,2.1772513749935047e-43
SERHL2,25.54166,2.720107,6.796417333910404e-144,2.298685189215144e-143
LINC01725,14.016687,2.718771,1.2323411306338915e-44,3.228445137297624e-44
SLMAP,164.66566,2.7177556,0.0,0.0
Z93930.2,48.78189,2.7176354,0.0,0.0
VWA2,6.81093,2.717475,9.69700235820679e-12,2.057425489566364e-11
ATG5,155.36975,2.7153444,0.0,0.0
LINC01597,7.1188297,2.7147062,1.0884723955639577e-12,2.3349258928522205e-12
RNF150,90.04352,2.714092,0.0,0.0
KAT6A,153.29074,2.7133658,0.0,0.0
CBWD6,13.823862,2.7130146,1.8298343684705527e-43,4.770881944281779e-43
LINC01637,21.654957,2.7114255,5.458277031708316e-104,1.7074461943468916e-103
NPHP4,45.012096,2.7110064,0.0,0.0
POLN,24.47017,2.710201,3.0701775308911624e-132,1.014347085334706e-131
ZXDC,84.60153,2.709869,0.0,0.0
SCAMP5,11.199068,2.7096658,4.120462924337913e-29,1.0037722335893299e-28
MTA3,170.89005,2.7084076,0.0,0.0
ZNF385B,8.431154,2.70832,3.422714023786492e-17,7.6721379324742e-17
DUXAP8,7.6176686,2.7071571,2.5829810707831708e-14,5.637920838216205e-14
PLCB4,134.67786,2.7068803,0.0,0.0
SEC24B,115.55799,2.706761,0.0,0.0
AL591845.1,15.079293,2.7056298,2.2162844505628854e-51,5.962725931589104e-51
ETV6,159.88419,2.7048573,0.0,0.0
SETDB1,80.38296,2.7045543,0.0,0.0
CCDC57,129.97441,2.7029252,0.0,0.0
CYFIP2,46.581974,2.702659,0.0,0.0
ZGRF1,27.58776,2.7026327,1.560424526653466e-167,5.480415826840729e-167
GRM5,7.8844075,2.7005885,3.16031262312349e-15,6.9551372604588356e-15
UBAP2,163.5286,2.6992292,0.0,0.0
ELL,75.97733,2.6985478,0.0,0.0
ANAPC1,94.26096,2.6978183,0.0,0.0
NCKAP5,14.214731,2.6956494,7.423553078705877e-46,1.9546814303538522e-45
ORC2,90.41044,2.6954358,0.0,0.0
DCAF6,161.5025,2.695403,0.0,0.0
GRIN3B,25.335419,2.6951702,1.3011533695174144e-141,4.380193684661337e-141
VPS53,125.56501,2.694855,0.0,0.0
USP54,121.53758,2.694361,0.0,0.0
FSD1L,71.844574,2.6941786,0.0,0.0
VRK2,92.89533,2.6939104,0.0,0.0
KMT2C,229.66252,2.692807,0.0,0.0
TSEN2,62.35881,2.6925418,0.0,0.0
FNDC1,14.536347,2.6924634,7.129692371028301e-48,1.8947067649069991e-47
SH3RF3,21.745981,2.6921563,7.540386429416194e-105,2.3632733099199767e-104
CLYBL,60.2743,2.6919575,0.0,0.0
FAM208B,138.20935,2.691192,0.0,0.0
TNPO3,126.62488,2.6909642,0.0,0.0
SNX24,115.20967,2.6904814,0.0,0.0
ANKRD17,189.91689,2.6899252,0.0,0.0
SLC9A7,30.749578,2.6891017,1.2387763589754286e-207,4.610090218090033e-207
SLC12A8,61.570442,2.6884773,0.0,0.0
NOVA1,12.531956,2.687601,4.991664658315454e-36,1.260616243564999e-35
APPBP2,135.35104,2.6873717,0.0,0.0
SLC24A3,31.798796,2.6873453,6.72599065783827e-222,2.5460646599918487e-221
CA2,45.710938,2.6873217,0.0,0.0
CCDC150,21.09267,2.6872857,9.286716285120912e-99,2.864091194774105e-98
DIRC2,71.066895,2.6869404,0.0,0.0
IKBKB,97.83217,2.6865478,0.0,0.0
EIPR1,79.57303,2.6863036,0.0,0.0
FOXK1,102.15319,2.6858308,0.0,0.0
C8orf34,42.317974,2.685399,0.0,0.0
ZNF169,24.71596,2.6846137,7.205194839657365e-135,2.390398872206291e-134
RYR1,8.654427,2.6829093,4.9539792528464764e-18,1.1186038181415848e-17
ADGRA3,133.58057,2.6823094,0.0,0.0
DMC1,11.056541,2.681597,2.038053558404265e-28,4.9460652185797125e-28
PDS5A,172.73967,2.6812272,0.0,0.0
CHFR,84.05005,2.6806064,0.0,0.0
CRTC3,107.46616,2.6800673,0.0,0.0
PLPP1,99.21654,2.6793396,0.0,0.0
LRRC37B,50.300194,2.6778727,0.0,0.0
CRTC1,61.308205,2.6753693,0.0,0.0
WWC2,130.60194,2.6748533,0.0,0.0
CATSPERG,29.041784,2.6742125,1.9540649112768583e-185,7.057673291341196e-185
GGA3,69.83886,2.674212,0.0,0.0
LRRC28,81.39869,2.67418,0.0,0.0
HSF2BP,7.2687736,2.6740174,3.627656238995678e-13,7.826747186201678e-13
ENO4,36.677345,2.673059,1.677786627591063e-294,6.86409519434249e-294
AL022323.1,7.6124434,2.6699345,2.6896149415218906e-14,5.868937354846777e-14
RNF216,121.99769,2.6678243,0.0,0.0
SLC43A2,61.17511,2.6673832,0.0,0.0
KCNC1,9.782144,2.6642027,1.3433468799680887e-22,3.1406090860151736e-22
TSPOAP1,29.444664,2.6641998,1.4734700445722878e-190,5.360548283382981e-190
TECPR2,65.223434,2.664117,0.0,0.0
AC097376.2,72.79209,2.6633224,0.0,0.0
ZFYVE26,37.50302,2.6622813,8.22356563494509e-308,3.408307272981453e-307
TMEM9B-AS1,12.052863,2.6617107,1.8732836922674405e-33,4.677269589300542e-33
STON2,74.56241,2.6616442,0.0,0.0
ZNF26,82.40881,2.6608891,0.0,0.0
MID2,15.941187,2.6606677,3.2806298455160017e-57,9.013490820439852e-57
RAB42,23.102013,2.6600337,4.419228317203901e-118,1.4192475498317694e-117
SPNS2,28.327665,2.6597483,1.57742890839683e-176,5.6230656283146296e-176
UBR1,117.89487,2.6580124,0.0,0.0
AUH,106.49907,2.6576433,0.0,0.0
EXTL3,59.283184,2.6575775,0.0,0.0
KLHL13,30.711546,2.6574836,3.991313710206545e-207,1.4842399428585729e-206
GPATCH2,148.0881,2.6565921,0.0,0.0
RALGAPB,121.42155,2.656527,0.0,0.0
BMPR2,152.32484,2.6563332,0.0,0.0
DBF4B,26.984375,2.6554956,2.254542324649971e-160,7.822422141571336e-160
GHRL,10.884227,2.6547873,1.3705636061463183e-27,3.3079479599101575e-27
MGAT4C,6.934564,2.6541142,4.0747498994337574e-12,8.684134276145991e-12
MIGA1,96.13129,2.6513946,0.0,0.0
FA2H,18.28229,2.6500804,1.1451495969323046e-74,3.317922644957904e-74
IRAK2,27.57963,2.649894,1.9533134552145086e-167,6.855401275550801e-167
KLHL20,64.56721,2.64978,0.0,0.0
COCH,17.318338,2.649394,3.4209572283317515e-67,9.705146215067405e-67
TAF1,113.52589,2.6481326,0.0,0.0
ST8SIA1,11.76482,2.6479943,5.925246580263914e-32,1.4677672302255965e-31
BRWD3,92.933426,2.6479053,0.0,0.0
FAM193A,118.21552,2.6475348,0.0,0.0
CERS6,104.41549,2.646247,0.0,0.0
STAU2,116.86215,2.645926,0.0,0.0
SAP130,51.19256,2.6453516,0.0,0.0
GRK5,17.733782,2.6447153,2.3002652701091845e-70,6.588441651437848e-70
ZNF717,47.02983,2.644235,0.0,0.0
CPQ,89.63918,2.6437633,0.0,0.0
PSPC1,139.49554,2.643465,0.0,0.0
NDUFAF6,96.30955,2.6428707,0.0,0.0
STIL,44.80449,2.6417313,0.0,0.0
AL031777.3,15.083816,2.6415963,2.069542729031046e-51,5.569451999297074e-51
FARP1,206.21161,2.6413035,0.0,0.0
LMBR1,118.02667,2.641137,0.0,0.0
NUTM2A-AS1,107.50289,2.6410391,0.0,0.0
SNAI3-AS1,10.276835,2.6387594,8.962201385529903e-25,2.1247094325200545e-24
VPS13D,144.40811,2.6383643,0.0,0.0
BRWD1,181.54895,2.6377914,0.0,0.0
NCOR2,144.41829,2.6370637,0.0,0.0
WASHC5,60.99345,2.6369216,0.0,0.0
SYT1,36.29791,2.6364796,1.7457086048407134e-288,7.098702162069163e-288
DOCK6,49.36342,2.6363611,0.0,0.0
ADGRG6,19.64464,2.63635,6.425150090550428e-86,1.9159313558916908e-85
ACTR3C,65.91616,2.634706,0.0,0.0
CACNA1D,51.919186,2.634128,0.0,0.0
MAPK14,130.73845,2.6306393,0.0,0.0
KIAA0753,75.264175,2.630632,0.0,0.0
NHS,72.61767,2.630303,0.0,0.0
ECPAS,114.159836,2.6289182,0.0,0.0
GPR137C,26.316637,2.628795,1.23716136165536e-152,4.242640228740306e-152
LRRK1,51.902637,2.6277487,0.0,0.0
UBE2O,72.679146,2.626538,0.0,0.0
MYOF,189.79842,2.6263146,0.0,0.0
FRMD3,24.08461,2.624955,3.6241070470008234e-128,1.1866047355353622e-127
AC083798.2,31.55663,2.6248868,1.454313021838108e-218,5.48548518774803e-218
PISD,109.76953,2.6247442,0.0,0.0
TMEM65,77.32972,2.6246893,0.0,0.0
ZNF532,85.814064,2.624452,0.0,0.0
AL139353.1,9.451788,2.6241248,3.3309042327325403e-21,7.72857719750074e-21
AOAH,12.435213,2.6237702,1.6829052564984087e-35,4.2377583546003246e-35
TSACC,11.184005,2.622469,4.883549967380098e-29,1.1889787330920463e-28
MOSMO,75.00859,2.621829,0.0,0.0
STK39,85.63304,2.6214602,0.0,0.0
FGFR3,33.140514,2.6213074,7.757374468041993e-241,3.002690628408442e-240
XRN1,136.30597,2.6207576,0.0,0.0
SP140,10.896857,2.6200197,1.1930687947230721e-27,2.8807294773648668e-27
SYNGAP1-AS1,6.8770003,2.6194522,6.112604909612547e-12,1.2999079863233367e-11
ARID5B,205.4791,2.6182718,0.0,0.0
NAPSA,32.766354,2.6178584,1.7760486909263e-235,6.826333182748098e-235
FGF14,30.526367,2.6176383,1.1646100698234478e-204,4.31504835155413e-204
ZNF569,30.01938,2.6165526,5.4821932023554035e-198,2.0135468316611327e-197
UNKL,60.982357,2.6154609,0.0,0.0
TSPAN18,12.839017,2.6129112,9.912533149143246e-38,2.5223360955984493e-37
ZNF761,53.94197,2.612382,0.0,0.0
HKR1,67.99055,2.6119068,0.0,0.0
DOCK5,130.99176,2.6117263,0.0,0.0
KLB,11.055485,2.611565,2.0622079490637694e-28,5.003862016093107e-28
SLC38A1,174.14725,2.609898,0.0,0.0
AC078864.2,12.748921,2.6098754,3.1608817350216385e-37,8.025867380497762e-37
NCEH1,102.18842,2.6092906,0.0,0.0
PACSIN2,138.00099,2.607739,0.0,0.0
LINC01122,13.384706,2.6074827,7.429086383472676e-41,1.9171626400764494e-40
GSK3B,143.40984,2.6073773,0.0,0.0
RBM33,148.20743,2.6073163,0.0,0.0
INTS7,55.501423,2.6056657,0.0,0.0
TOGARAM1,89.82736,2.6051192,0.0,0.0
KIAA1468,84.51215,2.6050355,0.0,0.0
ZMYM4,147.9202,2.6036866,0.0,0.0
NBPF12,46.241814,2.6034365,0.0,0.0
BX890604.1,76.70461,2.6031163,0.0,0.0
CLIP2,40.54549,2.6028802,0.0,0.0
LIMCH1,120.595665,2.6028194,0.0,0.0
CASK,105.7932,2.6018574,0.0,0.0
MAP3K21,51.575474,2.6018207,0.0,0.0
MYO9B,97.02165,2.6011791,0.0,0.0
GPX2,12.745289,2.6004725,3.3116232068734074e-37,8.406450038594664e-37
LCLAT1,84.44273,2.6004121,0.0,0.0
AGK,60.220104,2.599537,0.0,0.0
FSIP2-AS1,6.5933366,2.5992634,4.300500105671547e-11,9.04320787014746e-11
PSD3,69.68724,2.598435,0.0,0.0
UBAP1L,19.583324,2.5973983,2.1454828404851862e-85,6.390569727610202e-85
ZFYVE28,38.658707,2.5971086,0.0,0.0
ZNF398,50.251812,2.596798,0.0,0.0
PRR16,18.06715,2.5957193,5.782354370545437e-73,1.6666952129058737e-72
CCDC18,46.88607,2.5938962,0.0,0.0
ZNF254,98.60382,2.5938733,0.0,0.0
DNASE1,71.35447,2.5920217,0.0,0.0
JARID2,125.35536,2.591012,0.0,0.0
MICU1,134.94788,2.5905566,0.0,0.0
SDCCAG8,154.08803,2.5900962,0.0,0.0
FNDC3A,170.97427,2.590036,0.0,0.0
TMEM131L,24.439781,2.5897417,6.463247642381258e-132,2.13346415022936e-131
ACKR4,10.546331,2.5895178,5.281934563756964e-26,1.2616317048268475e-25
COL24A1,8.43764,2.5888383,3.238083649996466e-17,7.25938431402943e-17
LURAP1,13.489399,2.5887911,1.8056768022436342e-41,4.673646767486591e-41
CKMT2-AS1,50.281593,2.588055,0.0,0.0
NSMAF,69.730194,2.5879948,0.0,0.0
ESPL1,10.177834,2.5878015,2.4904296617512095e-24,5.885745331053479e-24
LIPH,19.110863,2.5874846,2.050490537737066e-81,6.046029513667055e-81
UNK,75.86509,2.5870342,0.0,0.0
SELENOO,70.88155,2.5862303,0.0,0.0
NEK10,57.097,2.5860815,0.0,0.0
WNT7B,22.417059,2.5840394,2.683384795009821e-111,8.51863609940228e-111
EPHA4,17.767307,2.580314,1.2662347893416567e-70,3.630282847500886e-70
INTS9,45.330547,2.5791469,0.0,0.0
AC025159.1,42.57097,2.5771136,0.0,0.0
RALGPS1,58.155647,2.574388,0.0,0.0
WWP1,138.51271,2.5735118,0.0,0.0
ZFC3H1,151.1432,2.5734398,0.0,0.0
MMS19,70.00251,2.5726492,0.0,0.0
GPRIN3,61.593204,2.5725265,0.0,0.0
CTIF,41.62289,2.5724251,0.0,0.0
C11orf65,24.37922,2.5720322,2.841313217214928e-131,9.365328642075768e-131
MIPOL1,51.302837,2.5708256,0.0,0.0
ZNF782,36.35949,2.5693123,1.8606291950944698e-289,7.57226848554847e-289
GBE1,91.42173,2.5691686,0.0,0.0
CALN1,11.738343,2.5670295,8.105885649616453e-32,2.0064275208145337e-31
CCNJL,17.093838,2.5660021,1.6495236224544616e-65,4.653714777021138e-65
VIRMA,89.93178,2.56557,0.0,0.0
ASIC2,15.468526,2.563012,5.658807611405211e-54,1.5354643826591554e-53
AFAP1L1,8.148143,2.562987,3.6955482773594113e-16,8.198447947593977e-16
CTNS,42.99135,2.5620668,0.0,0.0
FAM91A1,119.16724,2.5614555,0.0,0.0
ATP6V0A1,128.4032,2.5606518,0.0,0.0
STXBP4,63.819527,2.5604467,0.0,0.0
AL591895.1,38.027447,2.559611,0.0,0.0
ZNF79,8.423045,2.5592535,3.6682241571429223e-17,8.21996200944229e-17
ENOSF1,161.81975,2.5577216,0.0,0.0
ANKIB1,139.43002,2.5574932,0.0,0.0
TRPM8,7.1478543,2.5572226,8.814477534292631e-13,1.893166932778103e-12
KIF26B,34.248077,2.5557814,4.658722912794798e-257,1.8387073992893663e-256
GLCE,58.85507,2.5553708,0.0,0.0
RUNX2,21.019264,2.5553308,4.3715981027636e-98,1.345282325704555e-97
NRG4,14.315194,2.5549312,1.7587339497150956e-46,4.644139634721163e-46
NTN1,44.129673,2.5540721,0.0,0.0
LIN9,26.46869,2.553749,2.2236088979172073e-154,7.645030941377941e-154
IQCK,109.40837,2.5535607,0.0,0.0
MAK,46.341328,2.5515683,0.0,0.0
RFX3,113.40903,2.551099,0.0,0.0
FAM13B,119.0845,2.5510826,0.0,0.0
PXDC1,29.785435,2.5504308,6.032121820993694e-195,2.2072931520934794e-194
LIFR,62.296093,2.5493603,0.0,0.0
CHKA,104.22704,2.5491164,0.0,0.0
SULT4A1,15.7231,2.5489535,1.050549854842274e-55,2.8698184286301896e-55
CAPN5,16.135704,2.5470483,1.4316381211852855e-58,3.953640112092161e-58
MARK4,73.17262,2.5468278,0.0,0.0
AC022098.1,10.164562,2.5465567,2.854020900262127e-24,6.742338974779249e-24
Z68871.1,6.6216903,2.546008,3.5511436873109645e-11,7.475425797426061e-11
ERI1,75.621735,2.5434427,0.0,0.0
AC242426.2,21.628738,2.5433807,9.638242547509683e-104,3.011504628377536e-103
ABR,63.952034,2.5429888,0.0,0.0
SPATA17,78.710045,2.5426729,0.0,0.0
SCLT1,75.51315,2.540795,0.0,0.0
QPCTL,15.923376,2.540645,4.3619183297951215e-57,1.1980973702804384e-56
ACSL1,65.42804,2.5402575,0.0,0.0
NIPAL2,47.571526,2.5397725,0.0,0.0
SKI,93.8832,2.5396466,0.0,0.0
SMG5,79.41025,2.5395238,0.0,0.0
EMSY,74.2671,2.5381565,0.0,0.0
IL20RB,19.263136,2.5379965,1.0954024495075708e-82,3.241205845086029e-82
MPP3,13.286909,2.5378199,2.757345082127448e-40,7.0989015061223655e-40
TBC1D22B,44.714615,2.5378196,0.0,0.0
PRR26,10.4848175,2.5369449,1.01440812810901e-25,2.4177136418933874e-25
DCUN1D2,35.570156,2.5364547,4.0553134576505136e-277,1.629298046318635e-276
ABL1,90.7381,2.5360718,0.0,0.0
LINC00992,9.370165,2.5351114,7.241945974149274e-21,1.674533432124564e-20
CLIC2,10.991736,2.5347574,4.187895948718054e-28,1.0135106324016075e-27
HOXA-AS2,16.060732,2.534421,4.808421192679506e-58,1.3262906577603757e-57
RTTN,37.746147,2.5340316,0.0,0.0
TTC27,59.79004,2.531039,0.0,0.0
ZNF789,43.282032,2.5298424,0.0,0.0
VPS50,70.77415,2.5298336,0.0,0.0
MITF,133.229,2.5293305,0.0,0.0
GINS1,22.898,2.5292287,4.8642599528194705e-116,1.5564156073979734e-115
ZNF432,44.13941,2.528717,0.0,0.0
CGAS,35.304855,2.5282884,4.946891070096034e-273,1.978622420424433e-272
SLC25A13,141.4945,2.5277045,0.0,0.0
CD72,10.864117,2.526877,1.7086821396964357e-27,4.121325131522972e-27
KIZ,93.90862,2.5267847,0.0,0.0
FANK1,94.7758,2.5267742,0.0,0.0
PPARGC1A,22.550222,2.526656,1.3361310847805277e-112,4.250344816715392e-112
ARMC9,75.36367,2.5263965,0.0,0.0
CEP152,48.66539,2.5253708,0.0,0.0
WDR25,67.250015,2.525012,0.0,0.0
KIF16B,81.51309,2.5246336,0.0,0.0
NSD1,171.7441,2.524493,0.0,0.0
SIK2,102.36564,2.5243032,0.0,0.0
ANK2,34.86019,2.523837,2.983924254270076e-266,1.187057567406646e-265
SLC4A7,168.05386,2.5235705,0.0,0.0
SESN1,62.582767,2.5234432,0.0,0.0
TNFRSF11B,42.504673,2.5229936,0.0,0.0
SRBD1,80.65188,2.5217233,0.0,0.0
CNOT10,102.253815,2.5212822,0.0,0.0
LIMK2,95.6929,2.519154,0.0,0.0
C11orf49,123.73117,2.5187337,0.0,0.0
LINC01504,32.558002,2.5184526,1.613131033542015e-232,6.176035190003333e-232
NEDD4,37.112427,2.518321,1.7710187864191791e-301,7.300137459932769e-301
TSPAN5,62.83462,2.5181878,0.0,0.0
ANO7,12.525653,2.5178432,5.404488196885124e-36,1.3642890789367217e-35
FBXW7,127.72711,2.517377,0.0,0.0
CERNA1,11.561572,2.515259,6.45168367454924e-31,1.58844604726896e-30
KYAT1,15.158879,2.515011,6.6189421807993454e-52,1.7838583791092877e-51
SENP7,114.12884,2.5134993,0.0,0.0
SNX9,191.73192,2.5125391,0.0,0.0
DENND1B,97.784805,2.5123503,0.0,0.0
ULK2,64.49299,2.5120337,0.0,0.0
ADAMTS2,23.733866,2.511621,1.6126851642107507e-124,5.244778953650162e-124
TMEM229B,9.697484,2.5115132,3.0902510608235895e-22,7.207575533221751e-22
MAST3,18.257227,2.5112138,1.8126359107685863e-74,5.248787845165361e-74
TNFSF13B,21.275585,2.5095632,1.9111591737871364e-100,5.918260318994772e-100
NFX1,107.7709,2.5090325,0.0,0.0
DPH1,9.2460985,2.508117,2.3283734226534953e-20,5.3544791816025015e-20
MAPK10,69.20188,2.5077906,0.0,0.0
MVB12B,35.91379,2.5075006,1.8609549488496254e-282,7.528976522746874e-282
MARK3,173.11172,2.5068254,0.0,0.0
ZNF786,22.801065,2.5066803,4.474963994423091e-115,1.4309224337337723e-114
ADCY2,8.283952,2.5051982,1.191539686879559e-16,2.6569634488826833e-16
CFAP221,68.961624,2.5048826,0.0,0.0
AC093495.1,8.732653,2.5041926,2.4876757972683915e-18,5.631789810896627e-18
ABCC5,75.19315,2.5032496,0.0,0.0
HCLS1,36.0368,2.5022054,2.2201402523492465e-284,8.987079047549452e-284
LINC01503,28.578278,2.5011132,1.2511759176090697e-179,4.4784514966055545e-179
C19orf18,15.831899,2.5006616,1.874782751310728e-56,5.13469993008772e-56
FAM193B,56.897217,2.4987779,0.0,0.0
FOXN2,63.797333,2.4980898,0.0,0.0
SOS2,108.3158,2.4979634,0.0,0.0
DCDC2,175.77,2.4975936,0.0,0.0
SOX6,53.01902,2.4967904,0.0,0.0
STXBP1,41.02399,2.4967203,0.0,0.0
SRSF12,19.74534,2.496661,8.79688483177428e-87,2.630336260452556e-86
PIBF1,124.29584,2.4944806,0.0,0.0
MLLT3,89.621994,2.4928877,0.0,0.0
ZFAND4,27.60942,2.4912283,8.57623742199878e-168,3.01316229710439e-167
FRS2,96.48156,2.4910266,0.0,0.0
PHACTR1,43.54453,2.4901068,0.0,0.0
TULP4,154.41878,2.488845,0.0,0.0
ADA,17.013336,2.4884267,6.540484964535351e-65,1.8413625798715696e-64
EPN2,125.529526,2.4872375,0.0,0.0
MED14,90.24659,2.4870305,0.0,0.0
PTPRE,34.28853,2.4863348,1.1634393642470534e-257,4.595554364127273e-257
SETD2,172.91402,2.4859884,0.0,0.0
MTMR1,47.68823,2.4850535,0.0,0.0
ATAD5,52.650482,2.48378,0.0,0.0
NBPF9,32.040092,2.4834354,3.0165575936744075e-225,1.1449735956453116e-224
TCP11L1,22.168776,2.4828897,6.87540254795772e-109,2.171915246482579e-108
FBXW11,144.33376,2.4828475,0.0,0.0
TTBK2,60.285416,2.482383,0.0,0.0
MDFIC,42.58624,2.4817104,0.0,0.0
MAPK8IP2,8.460614,2.4814012,2.6597198865476706e-17,5.967294351143649e-17
ZDHHC15,6.9387155,2.4812024,3.9568160336036815e-12,8.434010211658489e-12
LDLRAD3,19.874168,2.480551,6.810505734241753e-88,2.0440515736574753e-87
TMLHE,65.086975,2.4793963,0.0,0.0
SCAI,62.174187,2.4791284,0.0,0.0
BNIPL,6.867259,2.4777763,6.544707735370117e-12,1.3911979515223118e-11
RALGAPA1,149.60507,2.4767787,0.0,0.0
KDM4A-AS1,14.582947,2.475765,3.606078938222773e-48,9.586560230979339e-48
FAM13A-AS1,15.047366,2.475398,3.5925569375930565e-51,9.655793789671699e-51
MSANTD2,44.81096,2.4748092,0.0,0.0
CDR2L,65.67813,2.4732413,0.0,0.0
C5AR2,7.5438724,2.4723444,4.5621705434199955e-14,9.937367865102343e-14
RAB40C,63.746384,2.472033,0.0,0.0
POLE,36.98954,2.4690251,1.6866349844447876e-299,6.942616544557371e-299
SLC7A6,24.529709,2.4688196,7.12189389292106e-133,2.3566733153065768e-132
AGAP5,18.630959,2.4687643,1.802687917083483e-77,5.257097984542292e-77
AC007681.1,13.7745495,2.465089,3.626403944975446e-43,9.444193358772811e-43
SYT7,8.499797,2.4648697,1.8992324127439294e-17,4.266590578039424e-17
ZFP82,30.755241,2.4646187,1.0405897102082282e-207,3.8735174766732604e-207
ORC5,47.978474,2.463636,0.0,0.0
MIB1,126.68607,2.4634006,0.0,0.0
ZNF529-AS1,33.977844,2.462977,4.733563585525396e-253,1.860784513852036e-252
MCMDC2,13.521263,2.4612412,1.171469823171461e-41,3.03611583976244e-41
VPS45,77.664795,2.4604163,0.0,0.0
GRAMD4,54.39204,2.4593837,0.0,0.0
PLXNC1,18.027239,2.4593554,1.190928307763395e-72,3.4307007051266265e-72
HK1,118.86708,2.4584053,0.0,0.0
POLH,37.39466,2.4583535,4.771363157587828e-306,1.9741957971636342e-305
IPO11,54.913197,2.4578862,0.0,0.0
AC092691.1,12.880747,2.4578454,5.777369845233219e-38,1.4711195268581267e-37
AATK,7.400875,2.4567606,1.352897111675214e-13,2.9324025035062443e-13
LATS2,73.15327,2.4556124,0.0,0.0
LRP4,60.681572,2.4553485,0.0,0.0
BRCA1,64.65787,2.4552443,0.0,0.0
IL3RA,14.692837,2.4548233,7.165025671848503e-49,1.9102853745908838e-48
GPM6A,7.661433,2.4548087,1.838695820756631e-14,4.0184049427873967e-14
CABIN1,108.95362,2.454657,0.0,0.0
ZNF678,53.22155,2.4531846,0.0,0.0
FBXO11,141.97993,2.4529264,0.0,0.0
TOM1L2,67.12519,2.4528623,0.0,0.0
SPTLC3,71.49152,2.4519336,0.0,0.0
VPS9D1,41.6531,2.4506695,0.0,0.0
TRIM66,39.633034,2.4502406,0.0,0.0
MCPH1,94.34619,2.4500241,0.0,0.0
LINC01137,24.050306,2.449875,8.286542256826273e-128,2.711074593885219e-127
AC245060.5,36.39113,2.4491656,5.880538540439034e-290,2.3961957099374177e-289
CDC42BPB,149.38136,2.4487286,0.0,0.0
DOCK2,14.081065,2.4481316,4.965597356352369e-45,1.3032982840021817e-44
PPP3CC,59.97015,2.4472983,0.0,0.0
AC048341.1,23.607458,2.4463482,3.2310435709455395e-123,1.048837162251531e-122
PLEKHG4B,29.962894,2.4457774,2.9888182529783206e-197,1.0966675324360066e-196
QRICH2,9.392536,2.445609,5.857244816453622e-21,1.3555206851871117e-20
ZNF638,198.37675,2.4452834,0.0,0.0
RBM6,194.75546,2.4449735,0.0,0.0
R3HDM2,157.67311,2.4449613,0.0,0.0
SS18L1,60.42458,2.4433637,0.0,0.0
IGKC,24.429083,2.4430923,8.39772925808654e-132,2.7710911274030114e-131
CNOT6,102.761696,2.442585,0.0,0.0
ALKBH1,29.921377,2.4419737,1.0374814820216362e-196,3.804399374655273e-196
SLC4A3,11.949719,2.441964,6.51444413120969e-33,1.621336158403895e-32
MACF1,216.30835,2.4412756,0.0,0.0
COPG2,46.33049,2.440981,0.0,0.0
NBPF1,41.77022,2.44065,0.0,0.0
AVL9,109.27296,2.4391992,0.0,0.0
ZP3,24.848946,2.4389088,2.654592160656245e-136,8.830698040349096e-136
AC112229.3,37.401455,2.4386923,3.7000293814702875e-306,1.5313506325832878e-305
KPNA1,107.42511,2.4381886,0.0,0.0
TRIM29,24.206852,2.4371662,1.8842127404644107e-129,6.185060274112278e-129
C2CD5,73.832596,2.436589,0.0,0.0
PSMD6-AS2,18.235706,2.4363463,2.6876249736962464e-74,7.776363460048027e-74
CEP76,26.815847,2.4359026,2.1115900617870116e-158,7.309255014015995e-158
AKR1C2,9.435791,2.435586,3.880542305542329e-21,8.998226484700823e-21
ARMCX4,42.879414,2.434911,0.0,0.0
BNC2,43.492115,2.4347205,0.0,0.0
BLM,23.191317,2.4333827,5.57139084548923e-119,1.7929726642033235e-118
FGD6,69.17736,2.4330773,0.0,0.0
MERTK,34.60696,2.4325056,1.985205588635535e-262,7.866763423565129e-262
MCM3AP-AS1,27.360815,2.4315908,8.030126649121759e-165,2.8072645903701377e-164
GCNT2,120.751045,2.43136,0.0,0.0
SRC,58.971333,2.4308476,0.0,0.0
ZDHHC11,18.796955,2.429459,7.997841908680796e-79,2.341856931713871e-78
ZNF236,64.82566,2.4292905,0.0,0.0
PELI2,45.25529,2.4280524,0.0,0.0
TOX3,37.41308,2.4267933,2.3947920879776834e-306,9.912841373420381e-306
PLCH2,9.746215,2.425236,1.914751016998752e-22,4.474368721371619e-22
RPH3AL,42.736546,2.4248438,0.0,0.0
AL683813.1,21.751896,2.424795,6.628234733378056e-105,2.0776114178606726e-104
UBAC2,146.60625,2.4247775,0.0,0.0
LNX1,60.44931,2.4246283,0.0,0.0
LRCH1,62.923553,2.4237156,0.0,0.0
AF127577.4,8.376112,2.422918,5.4704802811934884e-17,1.223256721972162e-16
ARHGAP32,103.98132,2.4223683,0.0,0.0
EFL1,40.648464,2.422014,0.0,0.0
USP45,47.29127,2.4218836,0.0,0.0
YAP1,174.56566,2.421142,0.0,0.0
C16orf45,30.51463,2.4179795,1.6669681953398288e-204,6.175582838838934e-204
ZFPM2,31.458595,2.4179156,3.2022650899512784e-217,1.2060054598426383e-216
SEC14L6,9.414801,2.4158478,4.739821349605173e-21,1.0976076258927286e-20
PTPN4,115.82716,2.415502,0.0,0.0
ZNF16,37.330963,2.415254,5.163872068105334e-305,2.1345064693610094e-304
CCNYL1,59.396317,2.413762,0.0,0.0
DNHD1,20.827862,2.4134212,2.4202406346245065e-96,7.427739133284315e-96
C1orf112,21.995935,2.412749,3.149758562621803e-107,9.916030954607873e-107
CAMSAP2,98.5881,2.4115145,0.0,0.0
PHTF2,57.266453,2.4112487,0.0,0.0
PLEKHA5,176.67896,2.410395,0.0,0.0
CIAO2A,11.047291,2.410161,2.259300034718002e-28,5.480746736648533e-28
OGA,138.56445,2.4094615,0.0,0.0
ZNF483,20.66214,2.40906,7.59249821761473e-95,2.3204975405315974e-94
PIGL,62.34743,2.4087784,0.0,0.0
KDM3B,109.474236,2.408546,0.0,0.0
GON4L,139.45828,2.4084392,0.0,0.0
KLHL32,11.8101225,2.407831,3.4605725637734467e-32,8.580244148465984e-32
CAP2,49.551323,2.4071038,0.0,0.0
AC009404.1,9.920645,2.40694,3.385624603629382e-23,7.946704915759928e-23
PPARD,56.48456,2.4069135,0.0,0.0
CLSTN1,136.09541,2.4057655,0.0,0.0
ME1,24.580278,2.4054766,2.053189844025718e-133,6.799450049801441e-133
ZFP30,35.837685,2.4053185,2.860592366228037e-281,1.1559016499003002e-280
LRRC20,12.866663,2.4051237,6.933305176289775e-38,1.7653086899106487e-37
TMEM254-AS1,10.132372,2.4043388,3.969025138825505e-24,9.368929844086104e-24
ARHGAP12,106.915405,2.4039214,0.0,0.0
SLC16A5,64.799805,2.402393,0.0,0.0
CCSER2,120.06152,2.402362,0.0,0.0
RCAN2,10.124462,2.4020078,4.303372624341401e-24,1.0155725533189609e-23
MTOR,81.90394,2.4012485,0.0,0.0
ITPK1-AS1,8.883301,2.4011445,6.490522085122872e-19,1.4750278372608775e-18
CCDC102B,14.19277,2.4005792,1.0156686408659654e-45,2.6729074917362053e-45
UNC79,8.577557,2.400492,9.691001206599777e-18,2.181879121918965e-17
MSH3,107.4937,2.3991914,0.0,0.0
TARBP1,78.45774,2.399177,0.0,0.0
NDOR1,12.374344,2.3977523,3.5982080160426675e-35,9.049917614661441e-35
RFTN1,28.744438,2.39705,1.062983790050057e-181,3.8191886263752505e-181
POP1,26.081,2.396784,5.989805728726255e-150,2.04721022186674e-149
SLC22A4,24.907745,2.3960414,6.133055924524889e-137,2.043659912561724e-136
ARL17B,24.200312,2.3959937,2.2079557564715214e-129,7.244548165400447e-129
AFDN,182.61882,2.395974,0.0,0.0
C20orf204,8.126008,2.3951385,4.436606363409338e-16,9.832856943221086e-16
NPIPB4,29.700443,2.395104,7.57791061822185e-194,2.767104000940908e-193
MAP3K10,28.89746,2.3946867,1.2849248252879852e-183,4.628425236735081e-183
EDA2R,10.462424,2.3946335,1.2852475955810433e-25,3.061742618385625e-25
PPP1R21,73.808586,2.3943684,0.0,0.0
SELENOI,52.469444,2.392955,0.0,0.0
UHRF1BP1,58.81924,2.392729,0.0,0.0
MARCH3,17.720947,2.3926265,2.890025060228272e-70,8.275229324982146e-70
NOCT,34.718334,2.3924127,4.1672913981543445e-264,1.6544785558953723e-263
AC068631.1,10.668286,2.3920927,1.432432403928286e-26,3.433977016398952e-26
COL17A1,27.17005,2.3904781,1.4677716071523746e-162,5.116668109929125e-162
NR2C2,69.126854,2.389919,0.0,0.0
PTPN9,65.76378,2.38682,0.0,0.0
SCARB1,43.176094,2.3862803,0.0,0.0
MAN2B1,21.061642,2.3858385,1.78868990526927e-98,5.509545520246327e-98
SHANK2-AS1,8.106673,2.38556,5.202433645186169e-16,1.152151383998407e-15
SEMA4D,74.47954,2.3848732,0.0,0.0
FERMT2,107.07048,2.3847106,0.0,0.0
AKR1C1,13.856906,2.382234,1.1554839438680685e-43,3.0145278613326322e-43
CEP95,119.13489,2.3819003,0.0,0.0
ZNF512,51.38692,2.3816712,0.0,0.0
CDK13,155.84264,2.3816662,0.0,0.0
BACH1,102.53772,2.381086,0.0,0.0
ACBD6,141.93553,2.380957,0.0,0.0
STAC3,9.459123,2.3807523,3.1053775277505567e-21,7.205861888611814e-21
ZNF654,65.788864,2.3791304,0.0,0.0
RC3H1,128.30992,2.378725,0.0,0.0
PRELID2,25.92454,2.3781297,3.522819450779451e-148,1.200841029453044e-147
GNA14,10.921015,2.377648,9.14683638720908e-28,2.209095268784527e-27
PKIB,21.04099,2.3772933,2.7653563012507466e-98,8.512558279572036e-98
WDR20,83.10512,2.3762028,0.0,0.0
MIR29B2CHG,54.22279,2.3761234,0.0,0.0
ACVR1,51.729645,2.3760521,0.0,0.0
PLCXD1,20.622496,2.3756318,1.7243040958354766e-94,5.265635982422092e-94
PTPN2,133.02187,2.375609,0.0,0.0
ANXA2R,7.6075516,2.3753963,2.793373352294675e-14,6.093094629432838e-14
GNA13,92.7762,2.374261,0.0,0.0
FCHO2,127.78156,2.3741004,0.0,0.0
MCM8,39.48726,2.3738964,0.0,0.0
IQCH-AS1,28.82454,2.3736827,1.0568184665382472e-182,3.803516065432595e-182
FBXO34,106.0954,2.373654,0.0,0.0
NT5DC3,51.746593,2.3723888,0.0,0.0
KIAA0355,101.51254,2.369451,0.0,0.0
RANBP9,101.36995,2.367964,0.0,0.0
CORO2B,11.194365,2.367393,4.3450799321648553e-29,1.0583158231345117e-28
KDM2B,57.65451,2.36636,0.0,0.0
L3MBTL4,48.926693,2.366234,0.0,0.0
PRR14L,107.569115,2.3654957,0.0,0.0
POLR3B,32.632504,2.3636394,1.4192766496339686e-233,5.443018112167674e-233
ANKFY1,79.724464,2.362929,0.0,0.0
AC007388.1,60.558,2.360439,0.0,0.0
KIF13B,156.47885,2.36025,0.0,0.0
HOXC4,13.155232,2.3592448,1.5879405775340684e-39,4.071536446520885e-39
IGF2R,126.09537,2.3592386,0.0,0.0
PHF21A,70.03522,2.3592217,0.0,0.0
AP3B1,145.2585,2.359181,0.0,0.0
ZFHX4,11.455896,2.358652,2.196792698388737e-30,5.392011336000283e-30
IPMK,61.03674,2.3581524,0.0,0.0
BTBD3,118.77931,2.3581438,0.0,0.0
BICD1,140.6874,2.3579915,0.0,0.0
CNKSR3,130.78317,2.3574812,0.0,0.0
MKRN2OS,17.918442,2.3573704,8.466628540429067e-72,2.434227833695554e-71
CLIP1,183.51639,2.3573678,0.0,0.0
BBOX1,7.7416606,2.3570697,9.812653574507524e-15,2.1500902282051434e-14
AMPD3,30.750694,2.3570316,1.1969374202942586e-207,4.454948578433257e-207
ZNF160,79.071686,2.3566902,0.0,0.0
AC009061.2,12.292402,2.3546226,9.950477058705607e-35,2.4973447861939194e-34
EP400,102.90039,2.3525217,0.0,0.0
SLC25A43,23.149218,2.3525045,1.480375509574705e-118,4.757371726819136e-118
ZZEF1,78.22483,2.3517923,0.0,0.0
MAATS1,51.14645,2.350268,0.0,0.0
PIEZO1,53.926674,2.3497374,0.0,0.0
ARNTL2,45.976246,2.349392,0.0,0.0
ARHGEF6,18.224384,2.3487148,3.3058025084399114e-74,9.564058790460525e-74
RILPL1,57.25561,2.3486087,0.0,0.0
DOCK7,107.24696,2.3485484,0.0,0.0
SPOCK1,29.760271,2.3484902,1.277070751554646e-194,4.670204246861758e-194
SEC61A2,28.135117,2.345295,3.6449553934891986e-174,1.294007366791729e-173
PTPRU,63.134407,2.3436267,0.0,0.0
VAV1,19.184597,2.3433216,4.977911329091701e-82,1.470418340983074e-81
POT1-AS1,7.523525,2.3430119,5.331872388313862e-14,1.1606235561470465e-13
WNT5B,20.07707,2.3426971,1.1710221237544721e-89,3.5318438682943074e-89
VPS41,119.11428,2.3420947,0.0,0.0
PPCDC,53.14264,2.3420672,0.0,0.0
INSR,112.728,2.3420267,0.0,0.0
HIBADH,108.66441,2.3413644,0.0,0.0
LINC02256,36.653847,2.3411026,3.973700948170263e-294,1.6252546952834885e-293
POGZ,146.5914,2.3405285,0.0,0.0
UHRF2,74.523895,2.3402178,0.0,0.0
LARP1B,125.63801,2.3400006,0.0,0.0
PLA2G4C,8.768409,2.3393395,1.8120887293458757e-18,4.1051768452308175e-18
ITGB6,50.28023,2.3389564,0.0,0.0
CDC25C,13.217318,2.338652,6.970560307788007e-40,1.7902300042527385e-39
KDM7A,96.8113,2.3386428,0.0,0.0
TFCP2L1,103.49064,2.3375208,0.0,0.0
FBXO16,44.662033,2.3372805,0.0,0.0
SPACA6,23.918331,2.336683,1.974396399496205e-126,6.445271465523207e-126
RDH10,124.29532,2.336439,0.0,0.0
KNDC1,16.544716,2.3350136,1.7478519110430274e-61,4.870630077672983e-61
NACC2,46.86876,2.3347766,0.0,0.0
LMAN2L,42.132908,2.3347402,0.0,0.0
ADHFE1,21.625443,2.3345041,1.0352199090247566e-103,3.233898647360739e-103
ENPP1,23.584824,2.3341389,5.5169680389063306e-123,1.7894998482963963e-122
ATG2B,63.47913,2.3340836,0.0,0.0
MPRIP,134.63913,2.3337746,0.0,0.0
IGSF11,11.966759,2.3334606,5.306136661516347e-33,1.3210540056873596e-32
PRTG,25.536814,2.3332763,7.693562443157947e-144,2.601819731406942e-143
TBC1D30,33.089108,2.3324428,4.263197195433072e-240,1.6488829493272903e-239
IQCN,18.679817,2.3317318,7.22672489650659e-78,2.1106239362460646e-77
XRRA1,90.861336,2.3316593,0.0,0.0
EPC2,88.13958,2.3306587,0.0,0.0
AC025034.1,10.320878,2.33044,5.6702288594852035e-25,1.3452386777584804e-24
PHKA1,18.769464,2.3300753,1.342338174036246e-78,3.9281782062521397e-78
NBPF15,36.525856,2.3299458,4.311123730270445e-292,1.7588765370943108e-291
TBK1,88.21383,2.3294587,0.0,0.0
ANKDD1A,14.5707,2.32883,4.3144668602208406e-48,1.1468737634559494e-47
AL133410.1,8.1153965,2.3279064,4.842029527962795e-16,1.0726566538690272e-15
SMAD6,35.833076,2.3277147,3.374579980004083e-281,1.3632195185980928e-280
FBXO42,98.381645,2.326524,0.0,0.0
CCDC40,61.20863,2.3256404,0.0,0.0
TUSC3,140.68127,2.3241343,0.0,0.0
LNX2,53.61775,2.3234382,0.0,0.0
HEATR5B,65.154205,2.322846,0.0,0.0
C6orf106,82.73413,2.3220716,0.0,0.0
FAM120B,102.72345,2.320668,0.0,0.0
SRGAP2,60.67221,2.3196597,0.0,0.0
MC1R,15.49624,2.3192656,3.6780005686237276e-54,9.993683915298002e-54
ME3,22.791927,2.3176143,5.513557431627778e-115,1.762261618746274e-114
TDRP,40.449192,2.3168075,0.0,0.0
ZDHHC17,67.21617,2.3164692,0.0,0.0
TTC34,8.65534,2.3164577,4.914434092523776e-18,1.1097594154028227e-17
AC083843.3,20.55712,2.3163378,6.646315215875993e-94,2.0269099279646605e-93
PLAG1,29.79438,2.316153,4.619505492693416e-195,1.6908031383147813e-194
ARHGEF28,71.74393,2.3157382,0.0,0.0
PRPF3,76.82474,2.31559,0.0,0.0
CDC27,118.2735,2.313444,0.0,0.0
SMCHD1,158.52309,2.3131583,0.0,0.0
DENND4A,91.34511,2.309882,0.0,0.0
NARS2,59.023983,2.3097425,0.0,0.0
ADNP-AS1,9.226706,2.3095088,2.790840216119052e-20,6.412005880494484e-20
MFAP3,18.535925,2.3085694,1.0595102167703076e-76,3.083407578715599e-76
MYH14,128.36507,2.308481,0.0,0.0
IL17RE,14.718358,2.3081532,4.9144717167204506e-49,1.3116806742114507e-48
DNMT3A,84.18724,2.3077877,0.0,0.0
TOP3A,36.144478,2.3075695,4.54337213575836e-286,1.8419244806280117e-285
RAB28,80.57283,2.3075604,0.0,0.0
GLMN,47.93587,2.3063862,0.0,0.0
NBPF26,22.589043,2.3063166,5.553788419046092e-113,1.7689933342080802e-112
PRICKLE1,35.71961,2.3057096,1.961651197630741e-279,7.907119828833714e-279
CCDC134,20.336521,2.3053854,6.1115130182592245e-92,1.854809654976309e-91
MAP3K3,49.391857,2.3051443,0.0,0.0
TRIM31,13.308774,2.305126,2.0583067575394e-40,5.301508813793152e-40
ZNF519,19.830313,2.304535,1.6302546047860126e-87,4.885469705635371e-87
SETD5,167.30293,2.3044777,0.0,0.0
MTMR12,91.21459,2.3044052,0.0,0.0
DSEL,32.742367,2.3042436,3.899268505459078e-235,1.4977289147529472e-234
AC020915.3,17.53522,2.3040395,7.715115711300018e-69,2.199318148032528e-68
PARP11,29.533068,2.3006172,1.0835892904153885e-191,3.948468872898127e-191
MFSD13A,15.985762,2.3005342,1.6059185705948029e-57,4.4188199207663555e-57
PTK2B,37.469707,2.299861,2.869196964569282e-307,1.1884890779033651e-306
AKAP13,205.00528,2.2987108,0.0,0.0
PTPRS,85.496574,2.2985632,0.0,0.0
PRMT3,49.221676,2.2973962,0.0,0.0
REPS1,83.87281,2.2955828,0.0,0.0
ARHGEF7,95.307236,2.2940562,0.0,0.0
MTSS1L,23.93521,2.2938826,1.3174701208936807e-126,4.3012595544489106e-126
CALB1,16.922314,2.293229,3.080906673612115e-64,8.653145717306996e-64
PDZK1,27.09965,2.292457,9.940518990993741e-162,3.458335600895914e-161
NAPB,34.87654,2.2919104,1.686479832471511e-266,6.710017441778999e-266
SLC35E2A,39.724976,2.2915204,0.0,0.0
TEP1,26.302326,2.29117,1.8037534070795008e-152,6.183519632117211e-152
GIT2,59.875908,2.2907774,0.0,0.0
RMC1,37.438004,2.290278,9.416061966539964e-307,3.89871438407074e-306
RUBCN,34.322906,2.2900994,3.5733836778412517e-258,1.4118546963694429e-257
TRAPPC8,81.64462,2.2892346,0.0,0.0
RCOR3,102.8072,2.288885,0.0,0.0
CDKL1,44.634926,2.2882013,0.0,0.0
SLC8B1,57.916565,2.2873857,0.0,0.0
SMG1,174.90657,2.2866664,0.0,0.0
ZNF704,110.134056,2.2857335,0.0,0.0
CCDC171,60.88014,2.2849777,0.0,0.0
DMTF1,87.98661,2.2847848,0.0,0.0
ADAM17,105.59979,2.2846062,0.0,0.0
ATL2,77.644394,2.2840688,0.0,0.0
UGGT2,94.189865,2.2835677,0.0,0.0
ZDHHC20,107.37423,2.2807295,0.0,0.0
TENT5A,61.881725,2.2807078,0.0,0.0
SYNRG,109.20376,2.279801,0.0,0.0
ITGA5,37.377583,2.279046,9.039173859085933e-306,3.739518129151129e-305
EXOC6,79.03485,2.2790003,0.0,0.0
USP6NL,83.570755,2.2778878,0.0,0.0
PUS10,32.7032,2.277195,1.4064281916349813e-234,5.398651306249967e-234
PTCH2,17.609922,2.2771268,2.0672692467844344e-69,5.89877870881673e-69
SZT2,49.042786,2.2769265,0.0,0.0
TRAPPC10,87.63446,2.2769012,0.0,0.0
AL080317.2,10.341348,2.2767608,4.580500150253883e-25,1.0874038864619115e-24
KCTD13,46.19052,2.2767262,0.0,0.0
SIPA1L2,69.01281,2.2767053,0.0,0.0
AHI1,151.02034,2.2766032,0.0,0.0
TTC23,41.243923,2.2760742,0.0,0.0
RAP1GDS1,73.560715,2.2752619,0.0,0.0
CABLES1,54.421032,2.274776,0.0,0.0
ARNT,67.4857,2.2746408,0.0,0.0
CRACR2A,7.6291337,2.2746031,2.363365572855203e-14,5.1593247110530154e-14
FAM89A,23.227041,2.274404,2.4277128813396183e-119,7.817923815262696e-119
SH2B3,20.970036,2.274077,1.231734896168692e-97,3.787684211586116e-97
CDC42BPA,103.66542,2.2733076,0.0,0.0
CAMK2G,50.154823,2.272112,0.0,0.0
EML4,128.6359,2.2717016,0.0,0.0
DPY19L4,74.733864,2.270883,0.0,0.0
LRRC37A2,24.312721,2.27031,1.438172603626279e-130,4.735641947489298e-130
ZMYM2,166.84093,2.2698123,0.0,0.0
MTREX,90.591156,2.2684295,0.0,0.0
GNB4,47.28111,2.2682343,0.0,0.0
ZNF141,53.517643,2.2678418,0.0,0.0
HSPBAP1,32.201706,2.2673395,1.6705332933652072e-227,6.361987123171855e-227
NLRP1,18.735096,2.267119,2.561749857213117e-78,7.492915341076006e-78
ALS2,45.44403,2.2666347,0.0,0.0
NPIPB5,78.95116,2.2662842,0.0,0.0
RGL3,84.42031,2.2662568,0.0,0.0
METTL16,74.47484,2.2660728,0.0,0.0
PCCA-DT,7.4072213,2.266014,1.2897303325600254e-13,2.7961043036853056e-13
BCLAF3,43.117615,2.2658448,0.0,0.0
RNF165,14.990839,2.265065,8.428203212557553e-51,2.261561479934798e-50
FGF11,8.31137,2.2649567,9.460390643446171e-17,2.110966719819899e-16
ELP1,34.964455,2.2645733,7.809397890122632e-268,3.109229064248636e-267
EPG5,55.513737,2.2633095,0.0,0.0
TAF4B,44.51591,2.2627327,0.0,0.0
CCDC138,51.02724,2.2617083,0.0,0.0
GSDME,17.084953,2.260684,1.9209461717197e-65,5.4173947522569716e-65
GNA12,62.716373,2.2603812,0.0,0.0
TGFBR2,101.984566,2.2603676,0.0,0.0
IQGAP3,14.228973,2.2601366,6.0564648341366184e-46,1.595285046401341e-45
ZNF736,45.118313,2.258964,0.0,0.0
MGAT4A,76.11217,2.2587507,0.0,0.0
PSTPIP2,44.91747,2.2585137,0.0,0.0
MINDY2,113.01801,2.2573712,0.0,0.0
CAPN12,51.39444,2.2558274,0.0,0.0
MARCH8,41.74141,2.2555745,0.0,0.0
PIGN,68.57839,2.2554448,0.0,0.0
ZNF215,8.595991,2.255088,8.25490025486719e-18,1.8603923111213317e-17
ZNF860,10.168058,2.2545185,2.7534221477639026e-24,6.506245980912862e-24
PIGU,61.281303,2.2539346,0.0,0.0
SPTY2D1OS,15.902604,2.253857,6.078434179895082e-57,1.668800309894959e-56
CFAP43,66.101006,2.2533252,0.0,0.0
OXNAD1,41.895355,2.2524023,0.0,0.0
ZNF644,144.0163,2.252222,0.0,0.0
GPATCH1,37.371883,2.2518108,1.118798336404989e-305,4.627186957148365e-305
MOB3B,50.356888,2.251079,0.0,0.0
PCGF6,37.674923,2.2507963,1.27894794359214e-310,5.31709598398927e-310
GPR155,11.973638,2.2504323,4.883929604161868e-33,1.2161433612522131e-32
ZCCHC14,60.372646,2.2498345,0.0,0.0
GAS6-AS1,8.333234,2.2497292,7.866372528987049e-17,1.7567418950388532e-16
SEC23A,103.045525,2.24956,0.0,0.0
ACYP2,78.55026,2.2490003,0.0,0.0
FAM117B,48.013138,2.248619,0.0,0.0
OXSR1,117.16321,2.2469854,0.0,0.0
NPNT,14.646603,2.2468877,1.4162154629546888e-48,3.7720612087175935e-48
INTS6L,14.816503,2.2464938,1.1459752536539087e-49,3.06416599424121e-49
TXK,24.89163,2.2460306,9.167133612742146e-137,3.0526100088438833e-136
ACHE,6.9056664,2.2456472,4.996828128891081e-12,1.0638524487826505e-11
FAXC,9.364665,2.2444801,7.629177840851297e-21,1.7633815093952633e-20
FTCDNL1,22.753445,2.2437255,1.326615935177706e-114,4.238797724063803e-114
BTAF1,101.031746,2.2432492,0.0,0.0
LIMK1,37.03635,2.2430928,2.9788825771141296e-300,1.22720985633622e-299
TEAD4,35.549515,2.2422953,8.453176771958283e-277,3.3939131213586416e-276
SEPT9,166.02518,2.2413943,0.0,0.0
DNAJC13,83.96035,2.2413611,0.0,0.0
CAPN7,98.72577,2.241119,0.0,0.0
PDE7A,82.4523,2.239815,0.0,0.0
SLC39A10,94.22009,2.2393494,0.0,0.0
LTBP2,17.365461,2.2392695,1.5068190213912503e-67,4.279731239942639e-67
BANP,67.220924,2.2389956,0.0,0.0
PRAG1,20.143362,2.2375162,3.077237072731622e-90,9.294344968575719e-90
KIF7,6.7681704,2.237512,1.304212723482323e-11,2.7627978281515782e-11
ZNF726,16.789204,2.2373977,2.927436834383716e-63,8.194825075301084e-63
RAB12,45.42336,2.2373285,0.0,0.0
ANKRD13A,78.13998,2.2371354,0.0,0.0
RXFP1,120.14621,2.2369785,0.0,0.0
VPS9D1-AS1,13.468436,2.2361498,2.3989190607106297e-41,6.206420173715165e-41
MINK1,64.457695,2.23553,0.0,0.0
SHANK3,14.716797,2.234679,5.029227888501114e-49,1.342187976027455e-48
PLEKHG6,18.314756,2.2337778,6.310816648262921e-75,1.8299137433543213e-74
PARP8,53.02229,2.2333374,0.0,0.0
ASXL1,120.44671,2.2332125,0.0,0.0
GSTCD,44.99184,2.2328136,0.0,0.0
PRDM6,9.881366,2.2316854,5.014462566363427e-23,1.1755881199167355e-22
TNFRSF10D,42.557533,2.2314003,0.0,0.0
MAU2,64.80031,2.2313254,0.0,0.0
TAF1B,88.81157,2.2293465,0.0,0.0
DNAH3,27.766605,2.2291012,1.0982971248177654e-169,3.8716383067767234e-169
STK10,33.710583,2.2284076,4.0451561329342403e-249,1.5834233908476685e-248
TMEM51,39.403103,2.2282875,0.0,0.0
LRIG2,49.094044,2.2266154,0.0,0.0
NEU3,20.408743,2.2265441,1.3983640256831653e-92,4.2505084589216545e-92
MFSD14C,97.23131,2.2257588,0.0,0.0
TUT4,117.767784,2.2254825,0.0,0.0
PACRG,55.151184,2.225306,0.0,0.0
XAF1,46.695404,2.2252767,0.0,0.0
DIP2A,84.736046,2.2248528,0.0,0.0
TMEM143,10.22208,2.2235675,1.5791477309323834e-24,3.736557090900103e-24
CHRNA5,7.1828847,2.2232642,6.825567834219571e-13,1.4672710063660473e-12
TUBGCP3,50.217396,2.2214892,0.0,0.0
CHRD,9.5786295,2.2205927,9.834150878548589e-22,2.287714474897903e-21
XRCC3,13.409829,2.2200963,5.296053384618447e-41,1.3676646825341736e-40
PLEKHH1,46.49068,2.2200792,0.0,0.0
MIPEP,56.92511,2.2200778,0.0,0.0
DNM2,122.15632,2.2195241,0.0,0.0
NEXN,23.577187,2.2190902,6.607781096112032e-123,2.1419075276420233e-122
ACSS3,24.898104,2.218791,7.8003186727445205e-137,2.597760351935781e-136
DTL,15.6316,2.218444,4.4352107037844104e-55,1.2088958102524796e-54
TRIP12,150.90613,2.2178788,0.0,0.0
USP37,61.27245,2.2163146,0.0,0.0
TEX14,6.845041,2.2161424,7.645404157743655e-12,1.6245864918915604e-11
NIPBL,187.36488,2.216139,0.0,0.0
CECR2,35.11775,2.21556,3.6130850274205253e-270,1.4410372887591588e-269
DNAJC11,56.473885,2.214839,0.0,0.0
UACA,135.37341,2.2130024,0.0,0.0
RICTOR,113.87446,2.2120783,0.0,0.0
SIRPA,36.718494,2.2119193,3.702253073326502e-295,1.5167526811228027e-294
OSBPL5,23.319105,2.211489,2.837675047840792e-120,9.15609092687266e-120
AC005498.3,6.842586,2.2102945,7.777623377258563e-12,1.652444192606989e-11
RAF1,114.00053,2.209955,0.0,0.0
MCTP2,27.754608,2.209728,1.5330059550888836e-169,5.403397690830118e-169
FAM227A,67.38433,2.209721,0.0,0.0
NRCAM,43.09717,2.2093172,0.0,0.0
NOL10,79.56308,2.2087216,0.0,0.0
MYO19,66.634995,2.207449,0.0,0.0
SMG7,100.56545,2.2063725,0.0,0.0
CHD9,175.69922,2.206138,0.0,0.0
GNAQ,163.6342,2.2045877,0.0,0.0
IBTK,139.31102,2.203584,0.0,0.0
ZNF148,155.64334,2.2032523,0.0,0.0
COL4A3BP,158.54178,2.2029045,0.0,0.0
ARHGAP39,39.654408,2.2028234,0.0,0.0
TAMM41,46.959194,2.2026098,0.0,0.0
PLS3,99.744484,2.2025769,0.0,0.0
MAP4K5,119.70336,2.2024372,0.0,0.0
SPAG17,66.868324,2.201234,0.0,0.0
KIAA1211L,53.719463,2.200397,0.0,0.0
RFWD3,44.41575,2.1999907,0.0,0.0
MPHOSPH9,70.705826,2.1994765,0.0,0.0
ALPK1,61.74701,2.1991384,0.0,0.0
TTC17,133.93375,2.198904,0.0,0.0
DDX58,59.535862,2.1983864,0.0,0.0
AC074124.1,7.127983,2.198378,1.0185039840886662e-12,2.1859453921170368e-12
WNT7A,85.87042,2.1974087,0.0,0.0
ZNRD2,10.835517,2.197346,2.3364135689484956e-27,5.629429886671758e-27
ASXL2,95.21458,2.1972835,0.0,0.0
CCNF,16.254807,2.1961563,2.065169303154216e-59,5.7187218231567885e-59
GLIDR,7.2946477,2.1954432,2.9944180279592854e-13,6.466664060672641e-13
NBPF3,14.2305765,2.1945322,5.9191994265718156e-46,1.5592681451085255e-45
XPO6,89.72839,2.1941776,0.0,0.0
CACNA1C,16.126972,2.1938334,1.649090798650064e-58,4.553310077993116e-58
CAMKK1,11.088367,2.1924691,1.428716830640215e-28,3.470429218458958e-28
GMEB2,36.22504,2.1914053,2.4566441105620772e-287,9.970409646082758e-287
ZNFX1,63.75145,2.190054,0.0,0.0
C10orf88,28.146559,2.1897426,2.64037966444041e-174,9.374824034017711e-174
AZIN2,9.370362,2.1894608,7.228427512005898e-21,1.671538484178028e-20
PPFIBP2,48.773975,2.1893418,0.0,0.0
UBE2H,207.19554,2.1891656,0.0,0.0
LRATD2,9.652912,2.1876817,4.77790853624897e-22,1.1133246987724461e-21
BATF3,11.346704,2.18729,7.70119895041993e-30,1.8830537799610878e-29
LRRC41,98.85515,2.1870215,0.0,0.0
AL135999.1,9.637313,2.1866941,5.562484995956865e-22,1.295529473385963e-21
PHF8,77.50564,2.186497,0.0,0.0
FREM2,53.991814,2.1864965,0.0,0.0
ZNF790,30.698626,2.1864398,5.937165029014591e-207,2.2070050768731226e-206
SLC7A8,24.769997,2.1855288,1.8881139529151863e-135,6.272472159926364e-135
NELL2,9.758686,2.1844323,1.6933528856202577e-22,3.9585743122519166e-22
NEMF,164.63745,2.1841698,0.0,0.0
DIAPH1,147.20795,2.184008,0.0,0.0
KCNQ1,57.61946,2.1832197,0.0,0.0
KLHL3,20.604498,2.1826422,2.5010286991786906e-94,7.634419835305638e-94
EHD3,8.062468,2.1825652,7.476977124612406e-16,1.6537722604284651e-15
CLIP4,48.52281,2.1809347,0.0,0.0
MYBL1,13.412335,2.1799848,5.120058223515236e-41,1.3223309370334521e-40
MBNL2,94.065765,2.179777,0.0,0.0
TMEM161B-AS1,54.962276,2.178224,0.0,0.0
SH3D21,19.365408,2.1781232,1.511550249554658e-83,4.483334558994481e-83
C1orf21,67.28355,2.177981,0.0,0.0
WASHC4,85.38623,2.1779375,0.0,0.0
FGFR1,108.588936,2.177815,0.0,0.0
SLC4A4,17.38593,2.1776958,1.0546289126635281e-67,2.997419806636572e-67
SKAP2,81.56484,2.1776664,0.0,0.0
BCL2L1,123.56083,2.1773489,0.0,0.0
FSIP2,10.8137245,2.176591,2.963861145486687e-27,7.138892302301947e-27
KATNAL2,24.993618,2.1760159,7.172463944753735e-138,2.3940642058164103e-137
MOK,80.4783,2.1759768,0.0,0.0
OSBPL3,65.54757,2.1750674,0.0,0.0
SPATA6L,34.56511,2.1750672,8.451920270697781e-262,3.3460947257501736e-261
CTNND2,10.3204775,2.1738992,5.693930526148409e-25,1.350753281146871e-24
LPIN3,52.597836,2.1737256,0.0,0.0
GCN1,73.57805,2.1728926,0.0,0.0
SNX8,28.530188,2.172656,4.947743819244803e-179,1.769491037692855e-178
SPG11,117.5032,2.1725192,0.0,0.0
IDE,73.906586,2.1720722,0.0,0.0
KIF6,20.992397,2.1718893,7.696429670632752e-98,2.3677004706092835e-97
AC009403.1,25.74454,2.1714559,3.7108088032997616e-146,1.259687136009219e-145
KLHDC1,19.666105,2.1713269,4.2089541689511316e-86,1.2562200991421761e-85
AC009812.4,8.14985,2.1712165,3.6437642999520793e-16,8.084174288323434e-16
NUAK1,26.723494,2.1706629,2.5107560749331996e-157,8.668610650389032e-157
C2CD3,41.913948,2.1704454,0.0,0.0
MAST4,73.30158,2.167839,0.0,0.0
ZNF721,96.96979,2.1672273,0.0,0.0
AFAP1,45.77898,2.1668766,0.0,0.0
MNAT1,155.39227,2.166778,0.0,0.0
DROSHA,65.12928,2.1665978,0.0,0.0
LINC01320,128.17699,2.164099,0.0,0.0
PRUNE1,24.49833,2.1637628,1.5389304906256302e-132,5.0906931094628497e-132
QRICH1,75.4825,2.1635394,0.0,0.0
TAOK1,152.51814,2.1632123,0.0,0.0
USP20,22.22496,2.1628082,1.9705849216459532e-109,6.232341516140623e-109
IPO9,77.82607,2.1624992,0.0,0.0
SPAG9,168.05621,2.1622148,0.0,0.0
ZNF577,32.79135,2.1615126,7.820821868734202e-236,3.0075383485313317e-235
CHCHD3,128.37068,2.161406,0.0,0.0
MAP3K4,85.0722,2.1610856,0.0,0.0
CEP83,84.36479,2.160526,0.0,0.0
INAVA,56.983448,2.1598115,0.0,0.0
ATP6AP1L,25.26643,2.159501,7.473915004214678e-141,2.5102901509833875e-140
CDC73,106.46001,2.1590228,0.0,0.0
TRAM2,30.323828,2.1588664,5.562805896307076e-202,2.0541410293603598e-201
AHCTF1,102.76259,2.157816,0.0,0.0
WARS2,62.57416,2.1574655,0.0,0.0
IP6K1,66.569984,2.1571357,0.0,0.0
ZNF512B,36.72914,2.1570017,2.5034204384617475e-295,1.0258951644154234e-294
KIF1A,9.730496,2.1562724,2.2350002970318193e-22,5.219419436247499e-22
MIGA2,17.89331,2.155132,1.3296902434853092e-71,3.821484466191843e-71
GABPB2,48.135647,2.155068,0.0,0.0
GGACT,26.30142,2.1547737,1.8472941867171636e-152,6.332048442688084e-152
ARRDC3-AS1,10.796939,2.1527128,3.5586884739605756e-27,8.567427901194832e-27
CFAP70,61.575054,2.1523156,0.0,0.0
CHL1,21.642187,2.1507556,7.200437795130794e-104,2.250517867169902e-103
ENTPD5,56.43687,2.149011,0.0,0.0
PLCB1,150.19081,2.1473951,0.0,0.0
PHKA2,41.466305,2.1468196,0.0,0.0
TEX2,32.916416,2.146532,1.2798520407744003e-237,4.932014976388887e-237
PAXBP1-AS1,6.6982756,2.1459146,2.1089333074592344e-11,4.454388138850668e-11
NUP155,48.10047,2.1458561,0.0,0.0
POM121,80.28388,2.1455734,0.0,0.0
ITGA9,11.58606,2.1452265,4.8493326896753335e-31,1.1946341397022825e-30
AL022323.4,26.751974,2.1451633,1.171157017752428e-157,4.048731764718942e-157
GNAI1,71.89693,2.145004,0.0,0.0
ZNF596,11.779813,2.1446786,4.960309789300186e-32,1.2290480624100896e-31
PRKCZ,47.460606,2.1445217,0.0,0.0
AC016727.1,9.392112,2.1431272,5.880934846056114e-21,1.360789891898112e-20
MELK,31.572258,2.1415362,8.875607328595519e-219,3.3481947421234755e-218
EIF4E3,63.75679,2.1415007,0.0,0.0
WARS,119.5518,2.1409266,0.0,0.0
PDK3,21.47989,2.1404538,2.4006650757543194e-102,7.472503392750612e-102
HOXD9,11.231823,2.1398082,2.8454624201247676e-29,6.939177906208968e-29
INTS4,42.653694,2.139172,0.0,0.0
AC245297.3,85.866425,2.1391573,0.0,0.0
NT5M,8.78315,2.1389217,1.5895933111555024e-18,3.602232405680453e-18
UBE2G1,102.56475,2.1387362,0.0,0.0
AGO2,130.67194,2.1376219,0.0,0.0
NR3C1,63.615936,2.137519,0.0,0.0
RAB3GAP2,104.40045,2.1356964,0.0,0.0
BCAS4,28.83292,2.135246,8.297439555983072e-183,2.9866332287686508e-182
LRRC6,61.451584,2.1351628,0.0,0.0
HPSE,9.731052,2.1346583,2.222813334059653e-22,5.191780254273634e-22
KTN1-AS1,7.051424,2.134408,1.7709609677817828e-12,3.790149107015223e-12
TFPI,39.811363,2.1333826,0.0,0.0
FANCM,24.051172,2.1331043,8.115143184684443e-128,2.6552928337255576e-127
LINC00472,48.415802,2.1323504,0.0,0.0
AC106869.1,18.696056,2.1316338,5.330455478416733e-78,1.5574191182115973e-77
AGPAT3,90.24934,2.1311433,0.0,0.0
CDC42SE2,162.7085,2.131013,0.0,0.0
FAM83E,15.827031,2.1302485,2.0255694584693515e-56,5.546649305322695e-56
BAHCC1,10.408271,2.130238,2.2731320663811395e-25,5.407684678984536e-25
DEPTOR,90.59352,2.1300223,0.0,0.0
ZNF630,10.109203,2.1281557,5.029176008584285e-24,1.1864789289246141e-23
MAP4K4,134.48798,2.127403,0.0,0.0
MYO6,172.42357,2.126661,0.0,0.0
STAG3,26.734768,2.1263287,1.856736329009707e-157,6.412798104755164e-157
AC074117.1,24.932781,2.1262667,3.2831511658982296e-137,1.0945072694623473e-136
ZNF682,23.768219,2.1262314,7.121564023860588e-125,2.3176083934825122e-124
USP42,58.64197,2.1255202,0.0,0.0
EPM2A,11.477414,2.1253915,1.7132855891275084e-30,4.207344985192127e-30
ADAM10,153.88036,2.1252558,0.0,0.0
TMEM67,67.961624,2.123264,0.0,0.0
WASF3,16.94555,2.122937,2.0757815367141703e-64,5.8339991224107216e-64
FGGY,65.217514,2.1221664,0.0,0.0
SEC24A,84.50482,2.1215203,0.0,0.0
PMS2,41.126514,2.1205056,0.0,0.0
CNOT1,135.40602,2.1203508,0.0,0.0
ATF7IP,113.714966,2.119137,0.0,0.0
ACSS2,41.439007,2.1190941,0.0,0.0
BCAR3,57.1315,2.1181326,0.0,0.0
ATAD2,59.951763,2.116777,0.0,0.0
CLCN6,29.15678,2.116341,6.854121889346946e-187,2.4807233655155696e-186
ERCC6,40.234318,2.116128,0.0,0.0
TBC1D16,85.05735,2.1161191,0.0,0.0
NR2C1,72.912926,2.1156075,0.0,0.0
ZSCAN31,26.233807,2.1154084,1.0938998294860744e-151,3.744825175599789e-151
PRKCB,8.098552,2.114774,5.561750641600508e-16,1.2314500745779635e-15
CHD6,147.48845,2.1144638,0.0,0.0
AL135924.2,6.7966614,2.114433,1.0707119499650832e-11,2.2702752841580317e-11
KIF24,14.326081,2.1144004,1.5037025208973587e-46,3.973186778999553e-46
UBASH3B,16.762888,2.1139019,4.5592434841059095e-63,1.27579323496302e-62
SENP6,158.62532,2.1132011,0.0,0.0
CREBBP,125.83093,2.1130738,0.0,0.0
CFAP299,24.844292,2.1114225,2.980670404140267e-136,9.914304689599244e-136
MCF2L,40.58518,2.110832,0.0,0.0
LRP5L,21.102037,2.1102822,7.618178677642948e-99,2.3509751943859993e-98
QKI,134.04031,2.1072342,0.0,0.0
PPP4R1,97.41458,2.1067145,0.0,0.0
ABLIM1,107.68475,2.1064882,0.0,0.0
FAM149B1,41.297047,2.10633,0.0,0.0
PAPLN,42.127922,2.105811,0.0,0.0
CEP295,55.610664,2.1057482,0.0,0.0
PPP2R2D,81.82879,2.1029758,0.0,0.0
NTN4,69.51462,2.1027534,0.0,0.0
OGT,120.28198,2.102253,0.0,0.0
EARS2,25.522709,2.1022282,1.1034413312670323e-143,3.730351747259927e-143
SND1,162.79837,2.1013303,0.0,0.0
KIF27,66.487274,2.1006339,0.0,0.0
LPGAT1,113.44357,2.1005042,0.0,0.0
AXIN1,49.72396,2.0998917,0.0,0.0
GIGYF2,128.51523,2.0995193,0.0,0.0
PITX1,12.7140875,2.0994503,4.9383951951110655e-37,1.2516591718447324e-36
AK8,24.235281,2.0983546,9.453258418919137e-130,3.1068972855946814e-129
AAK1,117.16552,2.096056,0.0,0.0
LRP6,79.28959,2.0953753,0.0,0.0
SOCS7,38.404396,2.0949354,0.0,0.0
RFC3,40.24521,2.0947576,0.0,0.0
XPO1,163.2837,2.0940573,0.0,0.0
TNRC6B,177.04366,2.0936954,0.0,0.0
ZNF611,76.27892,2.0928853,0.0,0.0
PIK3R4,38.948833,2.0923538,0.0,0.0
NUP205,45.793095,2.0921812,0.0,0.0
OIP5,14.402238,2.0890617,5.009452749914435e-47,1.3265997641913126e-46
RCL1,33.731506,2.0883243,1.99641793454275e-249,7.81782543522708e-249
TMEM62,43.17426,2.0881925,0.0,0.0
UHRF1BP1L,44.998096,2.0873146,0.0,0.0
CUBN,12.909433,2.086963,3.9822186207800986e-38,1.014886647722761e-37
P3H2,25.44394,2.086156,8.238644719233726e-143,2.7782023359480638e-142
GRAMD1A,87.451965,2.0853543,0.0,0.0
PCLO,38.678955,2.08499,0.0,0.0
MAPKAP1,102.2961,2.0839665,0.0,0.0
LRP8,19.746996,2.083308,8.513461221412772e-87,2.546106034720672e-86
SLC25A29,143.13089,2.0826547,0.0,0.0
ADCK1,15.089394,2.0821629,1.9018281863688574e-51,5.118573308737911e-51
PIK3CA,69.60586,2.0821574,0.0,0.0
CLIP3,12.531461,2.0815911,5.022882290918523e-36,1.2683916029658285e-35
HGSNAT,101.04912,2.0815597,0.0,0.0
ANKS3,56.236897,2.0814462,0.0,0.0
KIF1B,105.29293,2.081179,0.0,0.0
TRIM62,7.2301316,2.0795827,4.825255761946018e-13,1.0393129296153605e-12
FBXL4,56.32958,2.0792296,0.0,0.0
PHYKPL,92.84875,2.0787594,0.0,0.0
LINC00884,8.445508,2.0779028,3.0272635186614116e-17,6.790360175166843e-17
CORO1C,76.792114,2.077214,0.0,0.0
PRRX1,37.900955,2.0767972,0.0,0.0
ARIH1,163.89653,2.0765967,0.0,0.0
IQCB1,69.323166,2.0765247,0.0,0.0
NIN,68.23963,2.0748088,0.0,0.0
FRK,75.44618,2.074162,0.0,0.0
ARHGAP10,55.6279,2.0735018,0.0,0.0
PHIP,162.75925,2.0732489,0.0,0.0
FGL1,12.361064,2.0730865,4.2449890366406313e-35,1.0673920832084285e-34
CLASRP,58.746323,2.0726016,0.0,0.0
SAMD5,8.176944,2.0724995,2.91133622151224e-16,6.466959426903599e-16
ATAD3B,32.295876,2.0710337,7.992819120829319e-229,3.050244877721502e-228
SBNO2,70.18131,2.070488,0.0,0.0
TXNDC11,77.134544,2.0701475,0.0,0.0
AC093157.1,20.226927,2.070026,5.672948782619822e-91,1.7174715762842254e-90
COG6,58.695354,2.0697973,0.0,0.0
MTCL1,44.94747,2.0697372,0.0,0.0
MUC6,25.172167,2.0694408,8.083509015457096e-140,2.710412413153719e-139
NUP98,105.36069,2.0688467,0.0,0.0
RSRC1,106.22821,2.068482,0.0,0.0
WDSUB1,54.58683,2.0682347,0.0,0.0
Z82217.1,10.45581,2.0678918,1.378168353344393e-25,3.281776588521888e-25
XPO7,59.68325,2.0670342,0.0,0.0
ZNF610,11.916537,2.0667481,9.705912020883623e-33,2.4136049008563654e-32
RCC1L,41.068867,2.0665593,0.0,0.0
FBN1,43.78444,2.0660815,0.0,0.0
UBA6-AS1,22.709307,2.0655124,3.625209276039516e-114,1.1578242474740093e-113
LPCAT1,38.868813,2.0649958,0.0,0.0
EIF4ENIF1,45.104115,2.06372,0.0,0.0
TBC1D14,56.315685,2.0631235,0.0,0.0
LINC02334,7.3709054,2.0619068,1.694728180106613e-13,3.6703574007002773e-13
MINDY3,34.60724,2.0618649,1.9662243330016703e-262,7.792592209574464e-262
GSE1,101.82482,2.0598347,0.0,0.0
OSGIN2,53.083805,2.0598345,0.0,0.0
SHISA6,17.788445,2.0597951,8.685667836968762e-71,2.491866037362164e-70
SLC9B2,12.195553,2.0592756,3.282688437152114e-34,8.219246188663891e-34
FLYWCH1,30.260084,2.058819,3.8441532076422696e-201,1.417909620555536e-200
SAMD8,50.91294,2.0580459,0.0,0.0
ZNF846,25.60635,2.0579271,1.2963081639123008e-144,4.3888993442249755e-144
SPEF2,77.41352,2.05787,0.0,0.0
HAVCR2,13.446691,2.0574126,3.2196367687425894e-41,8.323925212832137e-41
CSF2RA,14.032748,2.0562177,9.826837096831917e-45,2.5760008829955304e-44
PROM1,78.2591,2.055188,0.0,0.0
USP33,123.66666,2.0551496,0.0,0.0
BCL7A,65.887344,2.0548139,0.0,0.0
MARF1,55.916626,2.0541103,0.0,0.0
PMM2,89.303955,2.0537326,0.0,0.0
CTDSPL2,80.566864,2.052677,0.0,0.0
HVCN1,13.421126,2.0525744,4.5475099809351077e-41,1.1748728760893588e-40
JAK2,33.54308,2.0525277,1.1358396932499383e-246,4.427316016587998e-246
ASPHD1,28.117764,2.052302,5.942058752774102e-174,2.109255859711735e-173
DHX37,26.373268,2.052292,2.776867380498604e-153,9.534987644898114e-153
LAMA5,113.6406,2.0514333,0.0,0.0
LINC00939,8.748517,2.0511358,2.161744494008828e-18,4.895422922398826e-18
RBKS,54.364994,2.0507123,0.0,0.0
AGFG1,118.72634,2.0506659,0.0,0.0
SLC25A30,21.859602,2.0503256,6.29912116641839e-106,1.97865171837395e-105
SUSD3,12.198431,2.0495431,3.1687200188580165e-34,7.934563059177244e-34
JPX,146.38475,2.0488448,0.0,0.0
ANGEL1,16.497442,2.0481875,3.827701920888807e-61,1.0651341662631593e-60
PRPF40B,36.690517,2.048187,1.0345680400953997e-294,4.234931275854887e-294
EPS15L1,48.800934,2.0476017,0.0,0.0
TEC,42.749714,2.047518,0.0,0.0
TPD52,136.30865,2.0455856,0.0,0.0
CCDC30,59.110058,2.045284,0.0,0.0
MGA,91.45646,2.0448923,0.0,0.0
MELTF,21.934095,2.044889,1.228583919155807e-106,3.8653402016483036e-106
ZNF613,9.738473,2.0441215,2.0663683147559667e-22,4.827138385787809e-22
RAD18,30.033623,2.043527,3.572967644396447e-198,1.3129633466777884e-197
STARD9,8.079383,2.0427923,6.509541307856626e-16,1.4405482225794825e-15
BRAP,46.281338,2.0427198,0.0,0.0
PPP5D1,13.403881,2.041963,5.738208216456779e-41,1.4817181587265538e-40
RHOBTB2,14.241402,2.0417268,5.069975941801285e-46,1.335799335843968e-45
PACRGL,42.492687,2.0414982,0.0,0.0
GLCCI1,39.65589,2.0407333,0.0,0.0
PAXBP1,93.00633,2.0404575,0.0,0.0
FREM1,16.513111,2.0400536,2.9525864259491716e-61,8.220806822391008e-61
ZNF33A,118.252464,2.0393586,0.0,0.0
KIAA1324L,9.264599,2.0366564,1.9581210731133002e-20,4.50688349875571e-20
ANK3,149.45107,2.0351942,0.0,0.0
HECTD1,167.7613,2.0349743,0.0,0.0
EML2,71.421326,2.0315762,0.0,0.0
DIDO1,88.2316,2.0315385,0.0,0.0
ZNF30,7.040049,2.0309763,1.921721727755746e-12,4.111014388628454e-12
SPTLC2,96.73687,2.0308506,0.0,0.0
XPNPEP3,62.349426,2.030675,0.0,0.0
BTBD10,56.9064,2.0302072,0.0,0.0
WDR35,34.60221,2.0280623,2.3401528543986255e-262,9.272066790606656e-262
GEN1,25.27529,2.0277693,5.972589490875545e-141,2.007404594417879e-140
IFNLR1,7.4692993,2.0274928,8.062304914254166e-14,1.751102266239523e-13
RPRD1B,53.27582,2.026339,0.0,0.0
LCORL,60.65652,2.0253356,0.0,0.0
MYO15B,26.546694,2.0245993,2.804159759707158e-155,9.653396794608577e-155
PLEKHA8,41.73797,2.0231388,0.0,0.0
MORC2,32.801735,2.0226018,5.561936444935019e-236,2.1399867520381902e-235
ARMC8,72.15797,2.022587,0.0,0.0
MROH9,9.090518,2.0225,9.856808540839263e-20,2.2530502067573606e-19
RHOT1,70.26614,2.021779,0.0,0.0
STK24,139.48097,2.021569,0.0,0.0
CDC7,12.023722,2.020455,2.6668272288965514e-33,6.65411137045333e-33
NSD3,134.48409,2.020278,0.0,0.0
NRP2,46.936935,2.0193965,0.0,0.0
HSPA4L,24.324812,2.0188084,1.0713006403090817e-130,3.52877946551335e-130
ADAMTSL4,12.12473,2.018666,7.81167861114732e-34,1.953581210934793e-33
ADGRL1,23.050438,2.0177758,1.4561281459560732e-117,4.671316040204546e-117
COA1,121.221176,2.0175238,0.0,0.0
DAAM2,12.9670725,2.0170643,1.8807629379758998e-38,4.79942357055205e-38
PILRB,79.447296,2.016023,0.0,0.0
MAPKAPK5,71.91539,2.015595,0.0,0.0
AL080317.3,8.683607,2.015493,3.834101577931301e-18,8.669960915561017e-18
UGT2B7,116.648735,2.0151808,0.0,0.0
WDR89,27.021969,2.0143878,8.158100547687589e-161,2.8332201478679822e-160
DHX32,80.084175,2.0142148,0.0,0.0
ZNF529,33.8552,2.0139198,3.0428999610820972e-251,1.1939521106929887e-250
CMSS1,81.36997,2.0120842,0.0,0.0
EXD3,59.21716,2.0118363,0.0,0.0
PPFIBP1,137.96797,2.0117235,0.0,0.0
CDK12,122.8805,2.0112145,0.0,0.0
VPS39,50.515324,2.0110037,0.0,0.0
C4orf47,36.39595,2.0100586,4.933474071799099e-290,2.0105643022388546e-289
LPCAT3,91.819336,2.0095513,0.0,0.0
FAM13A,82.26548,2.0074105,0.0,0.0
EFCAB2,70.70312,2.0068562,0.0,0.0
LHPP,52.493317,2.0064478,0.0,0.0
SREBF2,94.85119,2.006124,0.0,0.0
YTHDC2,76.26923,2.005691,0.0,0.0
DUS2,18.873152,2.0033703,1.8964067995368867e-79,5.561161150975597e-79
PHF20,113.07356,2.0030625,0.0,0.0
ALS2CR12,8.322925,2.0028992,8.581887170817119e-17,1.915808347098802e-16
MAP2K1,71.94999,2.002791,0.0,0.0
MSL2,42.55703,2.001732,0.0,0.0
HDAC9,25.256166,2.0005758,9.69009469567701e-141,3.2542760873802125e-140
CBFB,83.11367,2.0004873,0.0,0.0
MTRR,32.563606,2.0001721,1.3438597331460433e-232,5.1457699584806356e-232
EDIL3,6.927748,2.0001607,4.275921567562968e-12,9.11090005701237e-12
PKD2,62.704487,1.9995512,0.0,0.0
JADE2,27.034323,1.9994454,5.83943714300581e-161,2.0286891627407242e-160
NUP50,84.6524,1.999008,0.0,0.0
PIGB,28.734251,1.9986151,1.425033118460577e-181,5.119370801476987e-181
PLXND1,33.107365,1.9985406,2.3282392307545196e-240,9.009684770564928e-240
ZNF44,52.023647,1.9982129,0.0,0.0
SGPP2,66.0545,1.9980907,0.0,0.0
PLEKHG2,51.118225,1.9979825,0.0,0.0
CEMIP2,69.694466,1.9976629,0.0,0.0
TFDP2,127.44069,1.9973218,0.0,0.0
DCP1B,28.45906,1.9971559,3.7644565675544524e-178,1.3445138176086474e-177
AAGAB,60.453587,1.99618,0.0,0.0
PROSER3,25.442327,1.9959956,8.58406588126694e-143,2.8943533395045986e-142
PHACTR2,127.08792,1.9956545,0.0,0.0
TDRD3,71.7026,1.9946526,0.0,0.0
RNF169,76.71424,1.9940712,0.0,0.0
GPRC5B,26.785364,1.9940166,4.785331860297932e-158,1.6552752704064416e-157
PARPBP,25.482828,1.9939309,3.0559202559211075e-143,1.0319190984259611e-142
SPEG,9.797433,1.9934465,1.15483710337231e-22,2.7013893902554117e-22
B3GALNT2,53.619648,1.9921763,0.0,0.0
XXYLT1,29.503222,1.9912311,2.617631883816475e-191,9.534805665363328e-191
TRPM2,6.719184,1.9903635,1.8274510186089735e-11,3.8628939570166777e-11
CAPN8,6.9630365,1.9900403,3.3301494660906893e-12,7.102362684794024e-12
INTS2,34.6007,1.9896222,2.465903494581675e-262,9.76900056278466e-262
ANKRD46,34.344425,1.9872185,1.7060169585152866e-258,6.743231265554332e-258
ANO10,63.69441,1.9864281,0.0,0.0
ACAP2,116.45788,1.9863394,0.0,0.0
SPINDOC,16.955696,1.9860097,1.7468266941846965e-64,4.910871313716117e-64
WASHC2C,36.297016,1.985935,1.8032060586408054e-288,7.331498679837944e-288
ASPH,134.91058,1.9858676,0.0,0.0
LINC01535,7.5567956,1.9854969,4.1311994431628504e-14,9.000613808218901e-14
PACS2,59.562824,1.9845674,0.0,0.0
AGPAT4,22.912968,1.9832256,3.4501527152087365e-116,1.104303161501344e-115
TRIP4,57.54329,1.9830836,0.0,0.0
HEATR1,54.32942,1.9826437,0.0,0.0
EML1,30.281647,1.981266,2.0000004213692986e-201,7.381578858022172e-201
METTL8,34.285263,1.9803954,1.3013311214244225e-257,5.139535644732273e-257
DTX2,41.99435,1.9798685,0.0,0.0
FUK,22.50775,1.9781379,3.4852299548585844e-112,1.108203301033423e-111
AL139383.1,14.91572,1.9776436,2.6045260309771967e-50,6.979278919669384e-50
TCERG1,104.57056,1.9772904,0.0,0.0
PECAM1,16.520988,1.9771751,2.5911299777990924e-61,7.216454611374819e-61
SLC44A3,66.52132,1.9768481,0.0,0.0
RAB3GAP1,83.50452,1.9766012,0.0,0.0
PPP3CA,102.72274,1.9763793,0.0,0.0
WDR78,64.03042,1.97573,0.0,0.0
MIER3,40.44607,1.9752868,0.0,0.0
RETREG3,51.828514,1.975004,0.0,0.0
LHFPL2,48.07025,1.9749328,0.0,0.0
MED27,50.097374,1.9741848,0.0,0.0
NUP160,63.053844,1.971695,0.0,0.0
XRCC4,46.532665,1.9712794,0.0,0.0
UTRN,106.62735,1.9712209,0.0,0.0
EPB41,74.266014,1.971052,0.0,0.0
ABCA3,12.098446,1.9709508,1.0762998289870981e-33,2.6898386890647434e-33
SSBP2,66.05289,1.9696577,0.0,0.0
USP15,99.496826,1.9678212,0.0,0.0
TBXAS1,7.9452577,1.9671022,1.937878770101073e-15,4.27088290776063e-15
GPR18,6.7153153,1.966754,1.8765981016714105e-11,3.96593014688018e-11
ZNF566,28.351784,1.9666414,7.956736306735925e-177,2.8370251525949272e-176
WDR60,118.08395,1.965792,0.0,0.0
HS2ST1,52.26081,1.9657463,0.0,0.0
SMPD4,51.662205,1.9652624,0.0,0.0
CIITA,19.899075,1.9647323,4.1450370034975614e-88,1.244817885826126e-87
FAM126B,49.51311,1.9645758,0.0,0.0
EMCN,8.183372,1.9644705,2.7600981080729117e-16,6.133320575768913e-16
RNF149,111.98719,1.9644376,0.0,0.0
HTT,71.86348,1.9634356,0.0,0.0
CP,140.29219,1.9628351,0.0,0.0
RAD54B,31.48901,1.9625885,1.2283544899290464e-217,4.629059225064413e-217
SNX4,82.07004,1.9624217,0.0,0.0
ZFYVE1,22.44763,1.962161,1.3497687370575838e-111,4.286339477934235e-111
DUSP16,55.38301,1.962047,0.0,0.0
NUP107,61.21914,1.961603,0.0,0.0
MAP3K7,63.34898,1.9612962,0.0,0.0
RAB30,14.271827,1.9605042,3.2787532335051247e-46,8.646328182300976e-46
ZNF329,19.744555,1.9594843,8.934982601955614e-87,2.671087631461321e-86
TTC39C,74.56667,1.9593906,0.0,0.0
SLC11A1,16.421328,1.9591961,1.3459128670188468e-60,3.73998371723596e-60
DDAH1,84.953545,1.958717,0.0,0.0
FGF13,9.865599,1.9584665,5.868323572263982e-23,1.3752209752317705e-22
AREL1,35.324684,1.9579362,2.454299252109478e-273,9.820522617180608e-273
ADAM32,11.715277,1.9576514,1.0644346497181982e-31,2.632779563294949e-31
AC073332.1,8.031563,1.9574698,9.623862803912958e-16,2.1270314242912183e-15
LIN54,29.018408,1.9573718,3.854974059477188e-185,1.391995402009799e-184
ELF2,108.51316,1.9571258,0.0,0.0
POMZP3,21.429842,1.9570539,7.041775974803809e-102,2.188880468799542e-101
ANKRD22,10.323103,1.9570467,5.540296078440388e-25,1.3145182644732818e-24
PARP12,30.167297,1.9564371,6.362709644185426e-200,2.3436549306822454e-199
PLEKHG1,44.01291,1.9555477,0.0,0.0
PAK4,58.77411,1.9542377,0.0,0.0
OGDH,70.80316,1.9541947,0.0,0.0
SLC4A8,6.624886,1.9539771,3.475158982517926e-11,7.316515382415111e-11
EP300,127.561226,1.9539491,0.0,0.0
POLA2,18.565083,1.9536154,6.159188052554185e-77,1.793696481182693e-76
EZH2,59.73318,1.9532211,0.0,0.0
NUP133,46.45726,1.9527743,0.0,0.0
MCF2L2,9.282032,1.9517565,1.6627727292470057e-20,3.8291880756971134e-20
DDI2,73.58617,1.9515927,0.0,0.0
ANKS6,26.496037,1.9510422,1.0767059768049943e-154,3.704430559833564e-154
OSBPL11,67.00324,1.9509462,0.0,0.0
COQ8B,27.394064,1.9504774,3.227599008742077e-165,1.1291434513464463e-164
NAA16,44.80436,1.9504187,0.0,0.0
TCAIM,65.04446,1.9494324,0.0,0.0
DYNC2H1,68.50791,1.9491516,0.0,0.0
SIL1,115.35525,1.9490625,0.0,0.0
ARID3B,30.798595,1.9487814,2.73648902436006e-208,1.0196658787300008e-207
FANCD2,22.634613,1.9486781,1.97789192116562e-113,6.308148658820689e-113
ZNF674,8.777762,1.9473563,1.6675950562483614e-18,3.778704881139818e-18
RBMS1,112.02321,1.9463418,0.0,0.0
TBCD,72.09217,1.9460449,0.0,0.0
HOTAIRM1,30.331669,1.9456395,4.3843577123588585e-202,1.619388158173322e-201
LSAMP,28.162012,1.9456309,1.7079879035663318e-174,6.06722997621963e-174
STAT3,176.88655,1.94457,0.0,0.0
SYNM,10.009305,1.9433621,1.3872303107412408e-23,3.2638762709097955e-23
CHD1L,39.549587,1.9430114,0.0,0.0
GPCPD1,84.31936,1.9428002,0.0,0.0
CUL9,26.81944,1.9420556,1.917351676036365e-158,6.63845644194558e-158
ZMIZ1,57.84482,1.9413391,0.0,0.0
TXNRD3,17.246632,1.9411292,1.1861480737073279e-66,3.359255070161829e-66
FRMPD2,28.045311,1.9405786,4.5566727801903544e-173,1.615348705870602e-172
ARMC3,57.863518,1.9404513,0.0,0.0
HIPK2,92.18713,1.9404187,0.0,0.0
CFAP69,41.747036,1.9392802,0.0,0.0
PANK1,13.455029,1.9390746,2.876265683874064e-41,7.438791876405773e-41
CENPO,12.453861,1.9378918,1.3324025399664793e-35,3.3574406523773474e-35
RLF,79.49483,1.9366012,0.0,0.0
CLK2,29.255527,1.9364852,3.8190894191583015e-188,1.3847950705764321e-187
SCAF4,51.834114,1.9361377,0.0,0.0
DRAM1,42.037487,1.9360913,0.0,0.0
GTF3C2,53.03217,1.9352677,0.0,0.0
FAM149A,36.28715,1.9351549,2.5801703963864406e-288,1.0487602450831603e-287
PRR12,23.946495,1.934953,1.0050890358780156e-126,3.2824905142090027e-126
STS,14.424189,1.9348154,3.645332950881641e-47,9.658742219787785e-47
FBF1,15.979217,1.9338843,1.783734361219176e-57,4.9067233988637414e-57
BCL2L13,59.16142,1.9334667,0.0,0.0
S100A9,45.99168,1.932893,0.0,0.0
PKNOX1,74.576416,1.9321438,0.0,0.0
SH3RF1,63.898346,1.930698,0.0,0.0
PDPR,44.194542,1.9304739,0.0,0.0
ANLN,31.210648,1.9303203,7.639629142224742e-214,2.8636487505698986e-213
MYCBP2,128.42416,1.9302931,0.0,0.0
TMEM38A,10.402657,1.9302244,2.4111509182980185e-25,5.733716107049483e-25
BCL2L11,49.615574,1.9297898,0.0,0.0
PAXIP1,29.36094,1.9290583,1.7324710961481227e-189,6.294275525252715e-189
USP40,65.31774,1.9263953,0.0,0.0
ARID4B,181.00923,1.9258064,0.0,0.0
GLS,83.653076,1.9257172,0.0,0.0
CAPS2,23.541117,1.9256518,1.5479986681094232e-122,5.014523987414575e-122
LNPK,40.734573,1.9245937,0.0,0.0
AC239800.3,22.3219,1.9244058,2.2646465722744548e-110,7.175430609363159e-110
TMCO4,48.157455,1.9241039,0.0,0.0
CPA4,14.316464,1.9238328,1.7268846449166333e-46,4.561261499498049e-46
RNF145,92.10628,1.9233078,0.0,0.0
ZNF292,168.5219,1.9220852,0.0,0.0
COG7,57.674152,1.9219588,0.0,0.0
RRAS2,77.31823,1.9211383,0.0,0.0
MCM3AP,56.8537,1.9203217,0.0,0.0
PITRM1-AS1,6.6358256,1.9193314,3.22691501189973e-11,6.796291298865917e-11
FABP3,6.6660156,1.919298,2.6284151224933195e-11,5.544870593458189e-11
LIPE-AS1,22.573923,1.9191577,7.819292268213475e-113,2.4889910604758424e-112
ZNF84,53.94534,1.9190198,0.0,0.0
NEIL3,7.318983,1.9184656,2.49857061357317e-13,5.399399211036642e-13
ZNF449,12.503459,1.9182177,7.147274952655128e-36,1.803152749695907e-35
SULT1C2,16.181437,1.9179354,6.818377526610166e-59,1.88526861761047e-58
FBH1,47.968517,1.9152315,0.0,0.0
ZER1,38.954918,1.9147938,0.0,0.0
SHROOM1,28.536232,1.9147714,4.1631469259931234e-179,1.4890713266058252e-178
INPP5F,25.030533,1.91469,2.844722675880337e-138,9.498491702707638e-138
KCNJ14,9.856969,1.9142992,6.395103767968492e-23,1.4983133470970292e-22
ST3GAL2,20.38803,1.9137561,2.1357503972857842e-92,6.488550332494773e-92
SLC51A,7.747078,1.9132637,9.403138896152315e-15,2.0608185513090237e-14
MTERF1,21.463444,1.9124808,3.4200612342083987e-102,1.063995029984977e-101
SLC15A1,54.154663,1.912473,0.0,0.0
NABP1,126.84924,1.9121265,0.0,0.0
PHACTR4,141.46602,1.910262,0.0,0.0
SH3BP5-AS1,11.408883,1.9102322,3.77547313266251e-30,9.251491295952529e-30
ASS1,60.237743,1.9096333,0.0,0.0
KCNC3,59.50331,1.9089231,0.0,0.0
CDH1,147.9345,1.9083296,0.0,0.0
F8,9.200546,1.9074563,3.561342543259028e-20,8.174616813248278e-20
MREG,32.733,1.9072187,5.2995866173858345e-235,2.035068827196407e-234
AGO3,89.79391,1.9070665,0.0,0.0
CFAP161,10.960669,1.9061528,5.906130605289907e-28,1.4279354574603812e-27
HOMER1,68.48096,1.9051145,0.0,0.0
AL161457.2,8.390369,1.9048128,4.8461886498740356e-17,1.0844797728916359e-16
ATP6V1C2,63.167625,1.904508,0.0,0.0
MAP3K20,72.337456,1.9038292,0.0,0.0
ITPR2,57.824738,1.9025606,0.0,0.0
IQSEC1,34.580616,1.902505,4.942672569873484e-262,1.9573168967193776e-261
TRAK1,96.49695,1.9023612,0.0,0.0
MAPKBP1,25.032314,1.9016565,2.72046864185185e-138,9.08463632182349e-138
AC064807.1,15.065431,1.9004763,2.733798071484411e-51,7.352373137607892e-51
PPFIA1,100.64395,1.9000219,0.0,0.0
PSEN1,81.05847,1.8992002,0.0,0.0
FBXO38,41.748756,1.8982619,0.0,0.0
SLC30A6,40.22077,1.8978221,0.0,0.0
PSME4,100.80031,1.8971497,0.0,0.0
ARMH1,8.491702,1.8970363,2.0363248063985316e-17,4.5735223252927165e-17
CBLC,47.38044,1.8969424,0.0,0.0
FHAD1,46.215748,1.8965237,0.0,0.0
SLC37A1,46.46617,1.8965012,0.0,0.0
PHF12,53.453606,1.895714,0.0,0.0
VCL,135.41559,1.8947393,0.0,0.0
USP36,60.27958,1.8943704,0.0,0.0
COL28A1,15.836718,1.8934749,1.7365186467435417e-56,4.757342577079208e-56
HAAO,6.885086,1.8934708,5.775254655415424e-12,1.2286093939515703e-11
CIP2A,13.485044,1.8932498,1.9155130852246518e-41,4.957502314345659e-41
RUFY3,81.83369,1.8929514,0.0,0.0
TAB1,20.587746,1.8926442,3.534412185439973e-94,1.0786605191819182e-93
PAPPA,20.767532,1.8920556,8.512178388589079e-96,2.6072464248007e-95
MYH10,88.468376,1.8908623,0.0,0.0
USHBP1,9.003382,1.8899922,2.1886961107593277e-19,4.992830911604708e-19
TUBG2,15.838148,1.8898177,1.6974612535201315e-56,4.6512044925720965e-56
POLR1A,31.578173,1.8892038,7.3622699453451e-219,2.77801982476413e-218
PASK,16.985868,1.8889962,1.0449532880880462e-64,2.9393666028996002e-64
NLGN2,12.608389,1.8885956,1.8983483841500524e-36,4.801150032883783e-36
SLC25A53,19.722822,1.8884232,1.373461567862668e-86,4.104262305098623e-86
ODR4,59.85212,1.8882282,0.0,0.0
PDK1,38.479378,1.888141,0.0,0.0
FAM227B,21.57387,1.8878359,3.161069907918779e-103,9.862270932999634e-103
LAMA3,66.16823,1.8874079,0.0,0.0
DHX57,38.385406,1.8872257,0.0,0.0
DNAH6,37.029423,1.8870504,3.850304167562623e-300,1.5859880327538605e-299
MAP3K8,83.77093,1.88667,0.0,0.0
ZNF549,10.928163,1.8822817,8.454299871937772e-28,2.042338638893344e-27
ITSN2,96.75765,1.8817341,0.0,0.0
TTI1,27.87784,1.8809228,4.953840300042079e-171,1.75026207298687e-170
FMO4,9.435697,1.8803357,3.884043238434921e-21,9.005637313990517e-21
SLC35B4,27.937965,1.8801262,9.231590542051424e-172,3.264776870739863e-171
KCNJ8,7.357858,1.8800181,1.8688440480894358e-13,4.044186189365458e-13
TOMM6,12.188638,1.879544,3.5734325639039535e-34,8.946457279532323e-34
FYB2,28.611767,1.8778487,4.796609437701678e-180,1.7177283130648865e-179
CTPS1,33.052242,1.8769361,1.4444240842717094e-239,5.582233111967488e-239
LYST,51.68838,1.8768729,0.0,0.0
SNX27,61.164238,1.8753715,0.0,0.0
PRRC2B,134.43925,1.8745657,0.0,0.0
SPATS2L,118.98457,1.8730296,0.0,0.0
PDXDC1,117.96394,1.8725624,0.0,0.0
BCKDHB,62.40725,1.8701954,0.0,0.0
KIFC2,17.408022,1.8695618,7.172047881773006e-68,2.039389253237909e-67
SRPX2,7.579639,1.8690653,3.46517293704511e-14,7.5556787145346e-14
USP4,53.111732,1.8682181,0.0,0.0
GRAMD1C,66.93373,1.8676863,0.0,0.0
KIAA0895,28.97673,1.8673646,1.2927356783048003e-184,4.665096490326379e-184
KDM4B,76.98725,1.8670766,0.0,0.0
DCAKD,46.555885,1.8661166,0.0,0.0
ADCY6,44.91593,1.8660028,0.0,0.0
LCAT,8.490661,1.8658326,2.054658322554777e-17,4.614347879309648e-17
CCDC191,55.23244,1.8657321,0.0,0.0
CTH,45.603535,1.8656859,0.0,0.0
ADNP,119.769554,1.8654414,0.0,0.0
NDST1,25.17156,1.8640536,8.20799297721452e-140,2.7518396073699453e-139
ARAP2,59.82316,1.8627092,0.0,0.0
DDX55,39.23684,1.8624158,0.0,0.0
B3GLCT,18.240688,1.8622067,2.4535309814414832e-74,7.101820219757597e-74
TBC1D9,51.553185,1.8615022,0.0,0.0
HMBOX1,67.4862,1.8604094,0.0,0.0
DZANK1,28.958359,1.8599713,2.2023687854785305e-184,7.943807284131062e-184
TENT4B,53.92826,1.8595824,0.0,0.0
MBNL1,121.39925,1.859426,0.0,0.0
ELMO2,19.462095,1.8593166,2.301810653723673e-84,6.840341008801455e-84
RB1,93.74108,1.8592864,0.0,0.0
STK33,58.60581,1.8592265,0.0,0.0
EVPL,21.906948,1.8585087,2.230342145207854e-106,7.012564261923757e-106
ZNF839,19.759237,1.8578833,6.680621316170801e-87,1.9989740345174157e-86
TCF7L2,35.812653,1.8577564,7.01769549020689e-281,2.8329808315216607e-280
PCNX4,75.23788,1.8570783,0.0,0.0
TBC1D2,27.621431,1.8567458,6.152536917028035e-168,2.162394848367506e-167
CHD2,132.15413,1.855499,0.0,0.0
SNX13,70.2498,1.8553522,0.0,0.0
WDR19,45.034687,1.8547157,0.0,0.0
SERINC5,140.19083,1.8543075,0.0,0.0
KNL1,20.98193,1.8532976,9.592130694918332e-98,2.9499647929695723e-97
SUZ12,124.42707,1.8532891,0.0,0.0
ZEB1,41.928936,1.8532213,0.0,0.0
ZSWIM9,12.544015,1.8531843,4.2871068879308997e-36,1.082776825184737e-35
PALB2,15.002253,1.8522923,7.096966975504388e-51,1.9052130435149507e-50
BPTF,183.01118,1.852091,0.0,0.0
ZMYM1,31.259327,1.8518714,1.6674631042078275e-214,6.259080394973579e-214
DGKH,109.72833,1.8506855,0.0,0.0
ZNF212,18.671389,1.8502017,8.462328289168919e-78,2.470514625597214e-77
PIK3CD,10.772325,1.8494232,4.6510861867296226e-27,1.11827532237523e-26
MROH6,11.933075,1.8483615,7.957851342642371e-33,1.9795750159904745e-32
CLCN7,45.024773,1.8476905,0.0,0.0
SLC28A3,21.778898,1.8476335,3.6781836213689945e-105,1.1532890458592738e-104
TMEM176B,54.297077,1.8474687,0.0,0.0
ZMYND8,140.13254,1.8473498,0.0,0.0
UBOX5,13.070221,1.8470335,4.8723530931407655e-39,1.246906896962014e-38
FSIP1,8.916338,1.8470281,4.819630156290547e-19,1.0963155023514083e-18
BMP7,10.986008,1.8466748,4.462318802371868e-28,1.0795696725712048e-27
MED15,70.603226,1.8462524,0.0,0.0
VAC14,34.68736,1.8459455,1.221942855222537e-263,4.848041450318624e-263
EPS15,91.11852,1.8445722,0.0,0.0
ASAP3,19.148111,1.84408,1.0036083092647039e-81,2.962470349119023e-81
PILRA,8.04913,1.8436973,8.338417451216219e-16,1.843616856352313e-15
SHPRH,84.153625,1.8431149,0.0,0.0
VPS13C,148.20898,1.8425398,0.0,0.0
WNT2B,23.070887,1.8412141,9.078615439947153e-118,2.9146718193263692e-117
TRIT1,35.401474,1.8411728,1.62070208587016e-274,6.495566313211974e-274
SYMPK,77.60455,1.8403294,0.0,0.0
TRIM24,71.705124,1.8396637,0.0,0.0
JMY,69.2808,1.8387793,0.0,0.0
KIF3C,7.072971,1.8387702,1.516514750738515e-12,3.2467686934900566e-12
GPR107,64.107544,1.8386827,0.0,0.0
SFI1,34.749508,1.8382576,1.4098313446752064e-264,5.600258220104768e-264
AC021054.1,7.791473,1.8379226,6.623253506446101e-15,1.4537288244786186e-14
PDE3B,8.356272,1.8363652,6.47313721313628e-17,1.446585000029623e-16
BCORL1,13.198294,1.8351096,8.974514613927263e-40,2.304098561548184e-39
ZUP1,19.410727,1.8340193,6.263549976441504e-84,1.8591077576069717e-83
TMPRSS4,95.49224,1.8337948,0.0,0.0
PLA2G6,20.028206,1.8337259,3.1272623998757794e-89,9.41942662875681e-89
CDAN1,8.254463,1.8333397,1.525862584658144e-16,3.399375490377593e-16
XPR1,99.62655,1.8331541,0.0,0.0
CGN,50.587288,1.8330687,0.0,0.0
ZNF91,88.97167,1.832967,0.0,0.0
DBNDD2,7.2329855,1.8325629,4.724901220495644e-13,1.0178460245202535e-12
SH3TC1,11.869487,1.8324273,1.70511292875947e-32,4.234817896237776e-32
C16orf70,26.348879,1.832205,5.286385049583599e-153,1.8139315653521227e-152
RARG,17.737972,1.83201,2.1350243836922117e-70,6.116937037977202e-70
SPIN3,15.233181,1.8313158,2.1297349056777812e-52,5.7503037180821874e-52
FN1,57.333103,1.8292004,0.0,0.0
FOXN3,64.82104,1.8290111,0.0,0.0
PCGF3,52.222054,1.8289148,0.0,0.0
CAMK2D,63.266155,1.828429,0.0,0.0
TULP3,65.66527,1.828114,0.0,0.0
USP9X,151.30664,1.8276124,0.0,0.0
NCOA5,30.046097,1.8273656,2.4553540001999446e-198,9.02496933357037e-198
MFSD4B,41.959408,1.8272443,0.0,0.0
MRE11,38.800415,1.8271399,0.0,0.0
CHSY1,42.025093,1.8266138,0.0,0.0
SLC35D1,25.283165,1.8265874,4.893013120219518e-141,1.6447430556639995e-140
RNF13,96.37003,1.8265591,0.0,0.0
HECTD2,28.50507,1.8259653,1.013653924643554e-178,3.623874139797112e-178
JAZF1,53.02286,1.8255416,0.0,0.0
ACSM3,53.00205,1.8240039,0.0,0.0
PITPNC1,46.250637,1.823765,0.0,0.0
ZNF280C,14.82234,1.8231404,1.0505935646973685e-49,2.8098929413561538e-49
SETX,103.258,1.8222877,0.0,0.0
NDC1,24.678995,1.8219473,1.7979314628414522e-134,5.962816273327502e-134
RABEP1,68.917404,1.8216935,0.0,0.0
MORC3,65.748535,1.8213844,0.0,0.0
PARP6,31.941854,1.8206006,7.009815477486584e-224,2.6579333724984438e-223
SERAC1,22.580719,1.8196881,6.704797962593651e-113,2.134922189296857e-112
CYTH1,75.93609,1.8195981,0.0,0.0
TSGA10,63.743214,1.8186768,0.0,0.0
NUP210,43.473907,1.8175865,0.0,0.0
SFSWAP,81.88773,1.8170538,0.0,0.0
CEP250,35.882236,1.8160254,5.7819111505682734e-282,2.3376209785909242e-281
CMTM4,57.71858,1.8159801,0.0,0.0
CNOT2,123.623535,1.8157839,0.0,0.0
WDR44,28.671232,1.8155173,8.716424841513234e-181,3.127533725028989e-180
TRAPPC11,35.131824,1.8149563,2.2027669556366644e-270,8.791418867407852e-270
XYLT1,10.42624,1.8149179,1.8818900993151198e-25,4.478740702190159e-25
MYO10,111.70818,1.8146158,0.0,0.0
DDX60L,34.6962,1.8138396,8.989590773473008e-264,3.568045907804542e-263
ASCC1,36.95307,1.8134147,6.501791607508948e-299,2.675183310153814e-298
SMARCC1,158.46745,1.8132066,0.0,0.0
SGK3,47.582397,1.8124653,0.0,0.0
TIRAP,8.439987,1.8121127,3.1737206454369415e-17,7.116711265832857e-17
CEP85,10.696497,1.8115522,1.0569865893076713e-26,2.5357717103140412e-26
CNNM4,21.693045,1.811374,2.386617443421152e-104,7.471304262082754e-104
DTNBP1,52.537357,1.8107938,0.0,0.0
PIP4K2A,83.773254,1.8100942,0.0,0.0
UTP20,41.0952,1.8100623,0.0,0.0
LLGL2,132.48276,1.8098347,0.0,0.0
GORAB,24.591158,1.8092513,1.570630428948892e-133,5.203131766531387e-133
WDR26,87.088776,1.809218,0.0,0.0
INPP5D,9.020563,1.8090332,1.8712463365594814e-19,4.2713074374740265e-19
GET3,10.050692,1.8090119,9.122480186719215e-24,2.148563087524473e-23
TRIM37,46.766197,1.8088394,0.0,0.0
BCOR,42.00469,1.8087792,0.0,0.0
BAIAP2L2,44.38733,1.808511,0.0,0.0
TAF15,133.08447,1.8084779,0.0,0.0
HERC5,12.647071,1.8081794,1.1612409998884016e-36,2.9389309844621613e-36
GRB7,61.041233,1.8081342,0.0,0.0
FRAS1,24.368942,1.8077177,3.651751555267675e-131,1.203260694343388e-130
JAK3,6.588575,1.8070161,4.440688441495639e-11,9.336005245434019e-11
PHLDB3,21.095749,1.8053956,8.701674195672309e-99,2.684220610030328e-98
RCC1,56.482864,1.8053658,0.0,0.0
NPRL3,56.612152,1.8047148,0.0,0.0
SRD5A1,18.351543,1.8041731,3.208623444002289e-75,9.314849616730987e-75
PPM1B,105.49773,1.8031996,0.0,0.0
OSBPL2,57.27378,1.8030051,0.0,0.0
ZNF19,16.697035,1.8017898,1.3774401738519267e-62,3.84932415386083e-62
AC234582.1,13.181728,1.800717,1.1180030284752206e-39,2.868841625901396e-39
DCUN1D4,41.20936,1.8002346,0.0,0.0
MGRN1,58.884716,1.8002332,0.0,0.0
PTPN6,38.4707,1.8000966,0.0,0.0
WDR47,23.18235,1.7994709,6.861309327640666e-119,2.2068888404882784e-118
ZNF142,15.100862,1.7988889,1.5983212227711808e-51,4.3025000645791226e-51
PPARA,49.12589,1.7981793,0.0,0.0
SLC38A6,25.122944,1.7975463,2.792711803863064e-139,9.349141771689862e-139
SCYL2,68.97543,1.7971578,0.0,0.0
WAPL,101.806656,1.7964652,0.0,0.0
DPY19L3,40.18267,1.7956831,0.0,0.0
BCL2,25.752056,1.7955226,3.0568934876142044e-146,1.0379448624726624e-145
ANKRD26,65.84651,1.7952366,0.0,0.0
BTBD2,50.006905,1.7945989,0.0,0.0
GCFC2,33.663906,1.79389,1.951692629202943e-248,7.627512353144906e-248
DOT1L,37.535633,1.7932119,2.4170173212134853e-308,1.002591958076053e-307
KIF21A,74.96058,1.7927809,0.0,0.0
KIAA1109,95.12736,1.7922018,0.0,0.0
TAB2,67.96468,1.7912776,0.0,0.0
ABCB9,11.232414,1.7905934,2.82647697815398e-29,6.893447734133385e-29
FBXW4,61.487003,1.7904222,0.0,0.0
DGCR8,31.796736,1.7895192,7.18195438220058e-222,2.718317263603988e-221
LATS1,50.75206,1.789453,0.0,0.0
MPP7,11.029916,1.7879114,2.741201868557309e-28,6.643769794689538e-28
FGFR1OP,55.403385,1.7878636,0.0,0.0
AFF4,151.595,1.7876753,0.0,0.0
NOTCH1,25.848719,1.7873325,2.5151657617492095e-147,8.565660817028503e-147
N4BP2,62.381493,1.787071,0.0,0.0
RUFY2,63.10556,1.7868618,0.0,0.0
EPS8L2,90.41071,1.7867185,0.0,0.0
QTRT2,29.258795,1.7864335,3.470569668309317e-188,1.2587315439102694e-187
MSH2,52.34224,1.7862327,0.0,0.0
PVR,31.116842,1.7859669,1.4255499498787049e-212,5.336099634924345e-212
CDK18,20.79144,1.7848762,5.173651479997392e-96,1.5866437657526534e-95
RASSF8,39.805176,1.784588,0.0,0.0
PRPF39,38.87302,1.7844266,0.0,0.0
BRF1,39.98924,1.7843174,0.0,0.0
ZNF518A,108.5594,1.7834135,0.0,0.0
ZNF778,13.122509,1.7828337,2.4469857795508496e-39,6.270892134872568e-39
DET1,15.647034,1.7827848,3.480673149106185e-55,9.493329462741817e-55
WAC,150.40431,1.7824134,0.0,0.0
ZNF627,14.426125,1.7823751,3.5444518063888825e-47,9.393131279068806e-47
TMEM267,29.948027,1.7817807,4.6679562581593503e-197,1.712357121781933e-196
NUP88,58.87503,1.7815592,0.0,0.0
NEK9,38.030407,1.7813854,0.0,0.0
PIGZ,20.780527,1.7812555,6.494270950300987e-96,1.9908213553658067e-95
ZKSCAN5,12.263777,1.7803953,1.4173636033396316e-34,3.5545432871863544e-34
CCDC84,45.36357,1.7797352,0.0,0.0
BRD1,70.50356,1.7795403,0.0,0.0
ATG13,46.859108,1.7789574,0.0,0.0
RNF207,32.53554,1.7789143,3.353172741955152e-232,1.2831306345721868e-231
UCK2,37.297764,1.7787647,1.783832172867751e-304,7.368382160411901e-304
GPR89B,17.242172,1.7779384,1.2812985065832942e-66,3.627684074727198e-66
PPM1L,25.464952,1.7770758,4.821724025151685e-143,1.6267052492028933e-142
GGT7,27.177555,1.7766128,1.1966344607111335e-162,4.17394467573822e-162
KDM3A,60.43784,1.7759042,0.0,0.0
ZNF283,13.175329,1.7747277,1.2169607740156045e-39,3.1219574021962295e-39
ANO6,48.198242,1.774483,0.0,0.0
PHKB,112.3036,1.7742822,0.0,0.0
PPP3CB,63.064186,1.7742031,0.0,0.0
AMMECR1,37.635315,1.7741776,5.68891767620657e-310,2.36344596199184e-309
FRRS1,8.608165,1.7738326,7.423973403312345e-18,1.6733832119671286e-17
ZNF217,108.2888,1.7735436,0.0,0.0
AC087741.1,12.827754,1.7735099,1.1463892531346235e-37,2.916088779831633e-37
LENG8-AS1,14.359349,1.7728051,9.30975298264615e-47,2.462972635527153e-46
GPD2,51.026913,1.7723994,0.0,0.0
RNF121,39.325905,1.7723002,0.0,0.0
ZFR,123.70986,1.7712445,0.0,0.0
ZNF675,20.982126,1.7706052,9.55257242701753e-98,2.938105028328587e-97
AATF,78.44026,1.7704761,0.0,0.0
CD2AP,152.08014,1.7689937,0.0,0.0
PTPRA,107.90526,1.76899,0.0,0.0
PCK1,7.6114373,1.7689269,2.7106431265541987e-14,5.913948395060619e-14
PCNT,35.645382,1.7668583,2.7783991783128395e-278,1.1182517069044317e-277
MED23,50.21025,1.7667992,0.0,0.0
FGB,8.163168,1.7666862,3.263502881303842e-16,7.243779320873605e-16
PKD1,42.786083,1.7663836,0.0,0.0
FANCI,23.915709,1.7651526,2.102448250992264e-126,6.862528667160557e-126
KLK6,10.562662,1.764631,4.438915378646659e-26,1.06052727452618e-25
OPA1,68.19462,1.7636006,0.0,0.0
ZNF66,11.521856,1.7633302,1.023813229921985e-30,2.5171263574720023e-30
MIR99AHG,20.603487,1.7632526,2.553779233967924e-94,7.794635739439049e-94
SHCBP1,14.704974,1.7619855,5.989396093333168e-49,1.598002047670116e-48
AVIL,23.94309,1.7611974,1.0905938269060339e-126,3.5613442119357714e-126
ZNF75A,40.419205,1.7610776,0.0,0.0
EME2,11.359843,1.7600391,6.62635927115787e-30,1.6214483698814376e-29
SGSM2,37.866016,1.7597849,0.0,0.0
ZBTB10,105.04867,1.7596192,0.0,0.0
ZCCHC8,54.52518,1.7595742,0.0,0.0
FNBP4,134.88884,1.7593542,0.0,0.0
NXN,34.23005,1.7584254,8.640451334383152e-257,3.409306893430445e-256
TTLL9,13.8586645,1.7581465,1.1275295095089457e-43,2.941857785456721e-43
C2CD2,27.22733,1.7579235,3.084170370537067e-163,1.0764159205999243e-162
LEPR,28.747805,1.7577848,9.648413245187995e-182,3.4674168568869595e-181
LSM14A,129.49341,1.7573006,0.0,0.0
CREB3L2,65.48267,1.7559332,0.0,0.0
POM121C,54.134422,1.755776,0.0,0.0
RAVER1,9.192707,1.7542169,3.830757172962288e-20,8.789608338584022e-20
FIG4,24.736378,1.7541488,4.345305548030934e-135,1.442248767374997e-134
FBXO28,57.00112,1.7536651,0.0,0.0
SRGAP2B,32.29387,1.7534939,8.528113644239494e-229,3.2541051287555534e-228
PLEKHM1,33.885174,1.7532463,1.1015972157765948e-251,4.324094879952525e-251
ZNF383,15.71876,1.7529002,1.125044536694546e-55,3.0730335000083193e-55
CROCC,30.633535,1.7523896,4.3789655550145305e-206,1.6249164719725945e-205
USP47,125.75088,1.7510107,0.0,0.0
LRRC4C,8.375156,1.7508279,5.515074685632042e-17,1.2330417585305438e-16
G2E3,46.804787,1.7506055,0.0,0.0
AL603756.1,9.363202,1.7503719,7.735600837141198e-21,1.7876998960774737e-20
CUEDC1,68.76798,1.7501009,0.0,0.0
ARHGAP15,6.729667,1.7488499,1.7005146981627935e-11,3.5966336511063813e-11
TUBGCP5,27.69821,1.7483643,7.337613084354271e-169,2.581671802466122e-168
IFT88,67.63515,1.746454,0.0,0.0
SMYD4,18.676071,1.7461782,7.752009700365206e-78,2.2633660910795386e-77
MTMR2,35.266144,1.7453089,1.941054839827056e-272,7.758439282633049e-272
NCK1,73.143524,1.7452104,0.0,0.0
NSUN7,21.514874,1.7443312,1.1298657124992083e-102,3.5206219784849235e-102
DNAH5,53.62963,1.7441388,0.0,0.0
PLAA,36.375782,1.7433131,1.0282779246797668e-289,4.187127291201533e-289
RNF215,21.785826,1.7431643,3.16190159265223e-105,9.91830826758236e-105
PLXNB1,60.046883,1.7426203,0.0,0.0
NUP85,33.645554,1.7422848,3.6214618805035106e-248,1.4140125523108379e-247
FLT1,9.242509,1.7409247,2.4078408057788223e-20,5.536365256921951e-20
KCNIP4,29.166677,1.7403746,5.133985568916897e-187,1.8588351379366843e-186
ZSCAN25,9.79813,1.7397041,1.1468869060579278e-22,2.683004859058117e-22
CNOT4,83.254555,1.7386014,0.0,0.0
ABCD3,70.84505,1.7378992,0.0,0.0
RGS3,28.85862,1.7377223,3.949932427355917e-183,1.4221105167010512e-182
RASSF3,39.49412,1.7372862,0.0,0.0
BTBD8,24.193176,1.7372433,2.6247940544280536e-129,8.610327530244438e-129
PRTFDC1,19.468048,1.7372168,2.049356190277687e-84,6.091342556507307e-84
HEATR5A,35.85272,1.7355846,1.668217535991339e-281,6.741817960561685e-281
ITGAL,8.183079,1.7355334,2.7668196291933014e-16,6.1477941045958e-16
SUPT20H,82.63974,1.7355222,0.0,0.0
FBXO31,23.5566,1.735358,1.0743153100176414e-122,3.4804751623500767e-122
MANBA,29.907791,1.7350259,1.5583764483496966e-196,5.713788989293089e-196
CAB39,66.655396,1.7342751,0.0,0.0
CUL1,71.223526,1.7338108,0.0,0.0
HIP1R,47.64554,1.7334155,0.0,0.0
GLG1,133.45964,1.7325855,0.0,0.0
ORC3,43.259808,1.7315059,0.0,0.0
PRKCI,81.379944,1.7311298,0.0,0.0
ZNF623,19.712677,1.7302227,1.6784737779171985e-86,5.014196323914504e-86
ASB7,18.042812,1.730109,8.985302274602986e-73,2.5891488697211764e-72
PTPN21,19.625767,1.7299755,9.316071995939221e-86,2.776020242584109e-85
CDK3,6.5968566,1.7288516,4.1996722849614925e-11,8.833071408469578e-11
CAMSAP1,32.105724,1.728188,3.667927013073205e-226,1.394719092145915e-225
SENP1,21.64414,1.7281741,6.901765410713528e-104,2.157623677518214e-103
GALK2,52.439583,1.7280912,0.0,0.0
TRIM2,96.176414,1.7268698,0.0,0.0
PRMT7,26.897942,1.7258965,2.32139049913687e-159,8.041133306687599e-159
ARSE,16.73712,1.7258685,7.030942341879356e-63,1.966692501238016e-62
HMG20A,32.28363,1.7255945,1.1873484362398014e-228,4.5294405531793485e-228
RAPGEFL1,10.405918,1.7246268,2.3299952779039712e-25,5.54206689943651e-25
KLHL23,31.788952,1.7246014,9.200785812442895e-222,3.4819839169734546e-221
MFSD4A,22.587698,1.7245079,5.72546079314588e-113,1.8234777526056713e-112
IGLC2,8.440259,1.722607,3.166353058020968e-17,7.100729480814033e-17
ANTXR2,18.335262,1.7222939,4.3292000300240853e-75,1.2564253256669409e-74
USP30,13.191288,1.722148,9.848852236179613e-40,2.5279148764396696e-39
FBXL19,16.816154,1.7216653,1.8583381747754838e-63,5.207508663989375e-63
ESCO1,69.352234,1.7213248,0.0,0.0
ZNF546,10.211358,1.7207465,1.7637866343398457e-24,4.171775675775382e-24
ZNF615,9.421585,1.7207241,4.443290613938821e-21,1.0292624084531956e-20
KIF14,16.81594,1.7203652,1.8650972412200587e-63,5.225953271963975e-63
RABGAP1,88.70959,1.7203555,0.0,0.0
RINT1,22.103107,1.7202982,2.95041823079475e-108,9.308317345659078e-108
TNS1,23.59773,1.7200335,4.066527239172756e-123,1.3194654364660088e-122
ZBTB44,79.01793,1.7197018,0.0,0.0
SESTD1,92.29039,1.7187799,0.0,0.0
DOC2B,6.6145315,1.7181135,3.727297843184703e-11,7.843447966168621e-11
ABCB10,18.662556,1.71717,9.98396455783015e-78,2.9133050730506355e-77
TADA1,12.693648,1.7168694,6.412735359218781e-37,1.6246403153545864e-36
PRDM11,9.3547,1.7166187,8.383753578548016e-21,1.9368818899587148e-20
ZMYND11,87.9477,1.7160362,0.0,0.0
MORN3,22.856096,1.7154732,1.270973635571129e-115,4.065408520192314e-115
NEAT1,172.1542,1.7150306,0.0,0.0
RNF185,27.991713,1.7150064,2.0496250799993894e-172,7.260728000525669e-172
REV1,73.56098,1.714622,0.0,0.0
TMEM245,81.46523,1.714053,0.0,0.0
SBNO1,97.70558,1.7133969,0.0,0.0
NIPA1,18.678679,1.7127857,7.382523706229733e-78,2.155699842232414e-77
SRPK1,102.037224,1.7121391,0.0,0.0
MTF2,69.94574,1.7120931,0.0,0.0
ZC3HC1,16.010857,1.712072,1.0732088436874452e-57,2.9549517159990916e-57
CEP120,26.601107,1.7116642,6.590760000269686e-156,2.2704753010728397e-155
FAM95C,11.502805,1.7105365,1.27697400692053e-30,3.1379747378183616e-30
ULK1,30.22381,1.7098595,1.1527411202791885e-200,4.25080485537518e-200
SGCD,6.58898,1.7093014,4.428572013626301e-11,9.311194842462419e-11
ZNF814,38.52543,1.7088262,0.0,0.0
KDM5B,99.43311,1.7079126,0.0,0.0
KMT2D,30.1757,1.7070802,4.936579383212814e-200,1.8188046061918205e-199
ANKRD11,172.83365,1.7064376,0.0,0.0
ARNT2,14.06326,1.7056648,6.387461515337858e-45,1.675595083485182e-44
DENND6A,40.314716,1.7056403,0.0,0.0
CTBP2,143.89867,1.7055384,0.0,0.0
LMTK3,20.690454,1.703875,4.222121427698877e-95,1.290942697866513e-94
COL4A5,15.774816,1.7034831,4.637511487853311e-56,1.2683681970575926e-55
BORCS5,28.173136,1.7032139,1.2480490540402011e-174,4.436606303816918e-174
THBS3,18.38739,1.6996069,1.6577239289987132e-75,4.815798093785735e-75
NCK1-DT,15.836753,1.6993369,1.7355492374323742e-56,4.755127944087773e-56
ZNF484,6.696371,1.699079,2.136590843233629e-11,4.5118369279668954e-11
PHLDB1,35.571743,1.6987975,3.8321801096459473e-277,1.5398595541957385e-276
STAG2,117.73147,1.697547,0.0,0.0
POT1,19.35837,1.6955218,1.7328559862160287e-83,5.137674424995916e-83
ITPKB,17.170895,1.6945695,4.386080290926756e-66,1.239197770676111e-65
IFIT1,7.5677986,1.6944715,3.7960190705646916e-14,8.271579335432064e-14
ALDH18A1,53.30499,1.6943058,0.0,0.0
TSPAN14,99.22097,1.6929737,0.0,0.0
DCAF5,63.75871,1.6929051,0.0,0.0
HERC3,21.466976,1.6921844,3.1698734400710647e-102,9.863684160726927e-102
TOPBP1,40.189693,1.6908407,0.0,0.0
EDC3,22.622362,1.6905429,2.6111872755599993e-113,8.323441304758936e-113
ZNF571,10.505869,1.6894485,8.117148483691569e-26,1.9354008455665082e-25
RIF1,101.243835,1.6893286,0.0,0.0
ZFHX2,11.6036415,1.6890477,3.949091238968252e-31,9.73427915582074e-31
ANKRD36B,27.974094,1.6889037,3.3579465743232816e-172,1.1888282261091777e-171
USPL1,25.831654,1.6883358,3.9116257674986785e-147,1.3309172590648227e-146
TSPAN9,29.726868,1.6882638,3.4527883975685867e-194,1.2612672115314248e-193
LRPPRC,99.54308,1.6867093,0.0,0.0
VKORC1L1,72.990234,1.6856989,0.0,0.0
CDH13,10.039575,1.6852844,1.02113204050676e-23,2.4046275244150416e-23
ARHGAP21,76.42871,1.6847568,0.0,0.0
FAM160B1,46.013386,1.6846731,0.0,0.0
LINC01006,12.723516,1.684532,4.377107988690637e-37,1.1103513349886994e-36
MCC,28.402805,1.6844578,1.8671084256569955e-177,6.664536662595319e-177
SPG7,86.95635,1.6844474,0.0,0.0
UBTD2,40.896744,1.684042,0.0,0.0
TMEM168,38.783646,1.6834749,0.0,0.0
VMP1,184.85834,1.6827688,0.0,0.0
TRMT9B,29.827648,1.6825421,1.7116650415595014e-195,6.266485082724036e-195
YAF2,64.987335,1.6824447,0.0,0.0
CERS5,34.596027,1.6822687,2.898909298468958e-262,1.1482869427738207e-261
ZNF680,31.855612,1.6820164,1.1006717209750253e-222,4.168633566806785e-222
FBXO36,24.237167,1.6820148,9.030123893900723e-130,2.968160714457795e-129
ITPRID2,8.942808,1.6807228,3.7940467588475334e-19,8.6382575781625025e-19
PIKFYVE,58.811462,1.6790134,0.0,0.0
ATP6V1C1,53.572052,1.677948,0.0,0.0
PARP4,99.67463,1.6773417,0.0,0.0
UBN2,82.39805,1.6770152,0.0,0.0
RYK,90.68495,1.676399,0.0,0.0
NEMP1,13.161282,1.675872,1.4657880752280195e-39,3.758985832521356e-39
HDAC5,32.299034,1.6748211,7.216452013455776e-229,2.7543211575203445e-228
LPXN,11.979776,1.6745292,4.535434289000839e-33,1.1295553222079344e-32
RECK,9.265192,1.6731085,1.9472582221596638e-20,4.4822305168271005e-20
RBM19,27.120544,1.6726253,5.637100466491611e-162,1.9623196602086204e-161
TAF3,46.803333,1.672526,0.0,0.0
CHEK2,15.950565,1.6720866,2.823309449379243e-57,7.759896504111043e-57
CDKL3,12.588515,1.6707127,2.442224696217837e-36,6.174562951995953e-36
HELZ,99.741684,1.6692268,0.0,0.0
KLHL8,29.165855,1.6689657,5.25866404631725e-187,1.9037434018358267e-186
ACOT11,21.086643,1.6680452,1.0548452096119322e-98,3.251861263163207e-98
BAZ2B,117.44794,1.6670997,0.0,0.0
SMCO4,17.184195,1.6658521,3.4875495940106006e-66,9.856190976278403e-66
OXR1,104.53742,1.6657494,0.0,0.0
ATP8B1,59.19526,1.664222,0.0,0.0
IKZF2,36.475033,1.6641386,2.7597592514896665e-291,1.1250095347389543e-290
AC007906.2,47.834175,1.6640733,0.0,0.0
PRIMPOL,19.952845,1.6638044,1.415983835474817e-88,4.2602142294010544e-88
GTF2E2,56.330063,1.6637,0.0,0.0
TEPSIN,8.50604,1.662831,1.799757680907254e-17,4.0440453749194353e-17
TENM4,7.3169804,1.6624492,2.53613334086175e-13,5.47977007065541e-13
USP3,90.14168,1.6622902,0.0,0.0
DGKD,24.126633,1.6621252,1.313737234182713e-128,4.3052558567767746e-128
SMARCAL1,24.72797,1.6620896,5.351518551758803e-135,1.7758213600790814e-134
LAT2,6.9870687,1.6620808,2.806893677849448e-12,5.992450137861061e-12
PTPN12,113.71097,1.6620529,0.0,0.0
VPS26C,21.929268,1.6614873,1.366079930611323e-106,4.29701111535496e-106
THOC2,127.04033,1.6613123,0.0,0.0
ALG11,14.8421335,1.6605788,7.822765201865708e-50,2.093775549815049e-49
TNPO1,102.46977,1.6601869,0.0,0.0
RNF130,65.91708,1.6589302,0.0,0.0
NUP153,84.59971,1.6587058,0.0,0.0
PRMT9,28.471945,1.6586983,2.6074756354248443e-178,9.316243861354586e-178
EFCAB11,34.27093,1.6586956,2.1278632159299116e-257,8.402754849747298e-257
WHAMM,41.868256,1.658652,0.0,0.0
TNRC6C,32.91495,1.6583885,1.343232521095997e-237,5.17558146502672e-237
TTLL4,13.535457,1.655843,9.658057403268572e-42,2.503752393279966e-41
GDAP2,33.66251,1.6557187,2.045723069720382e-248,7.993939691523472e-248
SRD5A2,11.360308,1.6555487,6.591209040219755e-30,1.6129808813929672e-29
PLXNA4,6.6720023,1.6552898,2.523365974009213e-11,5.324781850256686e-11
IQSEC2,15.066819,1.6550139,2.6769558302291415e-51,7.200155357197062e-51
TLK1,101.98752,1.6539499,0.0,0.0
TMEM104,8.259237,1.6534051,1.4660595764352384e-16,3.26639047020768e-16
LDLRAD4,23.652962,1.6519729,1.1003101273921617e-123,3.574888113311754e-123
SP140L,25.167402,1.6516955,9.115254639843205e-140,3.0556643150706082e-139
FMN1,21.868551,1.6497105,5.1774875987931e-106,1.6265022211953215e-105
WIPF2,80.90497,1.6495175,0.0,0.0
ALDH1A2,29.729774,1.6491785,3.1666918718289226e-194,1.157045421617274e-193
PABPC1L,20.180044,1.6490719,1.4661750854745418e-90,4.432447816755039e-90
PKN2,122.143074,1.6484965,0.0,0.0
SLC6A6,62.25991,1.6478105,0.0,0.0
SLC29A2,10.056213,1.6471337,8.625229918588679e-24,2.03225915180662e-23
CSAD,45.686054,1.646674,0.0,0.0
NAT10,27.12666,1.6462626,4.774635215980644e-162,1.6626766265083541e-161
RAVER2,18.574015,1.6447974,5.215327503915899e-77,1.5189724942364778e-76
SLC26A11,18.10475,1.6443528,2.92339161214634e-73,8.435387366296797e-73
ZNF354B,12.751577,1.6424849,3.0549990812909686e-37,7.75768534444254e-37
FBXL5,69.1032,1.6424721,0.0,0.0
MIRLET7BHG,39.631588,1.6415576,0.0,0.0
NCS1,24.680609,1.6413945,1.7276008806545416e-134,5.730209368272337e-134
CCDC77,12.891249,1.641236,5.042086290435699e-38,1.2843337199738306e-37
ZNF496,20.556322,1.6408423,6.756568948145211e-94,2.060320952485833e-93
MCM10,7.365565,1.640715,1.763985393813141e-13,3.818111022451224e-13
FAM118A,38.476692,1.6402687,0.0,0.0
MYEOV,16.17358,1.6399901,7.746398871347603e-59,2.140862505108982e-58
CTC1,14.389749,1.6384935,6.001379196903583e-47,1.5887111401574433e-46
HPCAL1,38.818687,1.6377519,0.0,0.0
HMGN4,15.220616,1.6372781,2.580882683125261e-52,6.965222594835401e-52
DMPK,14.704311,1.6372583,6.0483272019093735e-49,1.6135793863256284e-48
USP28,29.181322,1.6370602,3.347264249312268e-187,1.2123722958688984e-186
CSE1L,65.5044,1.6360245,0.0,0.0
NFXL1,34.813244,1.6358247,1.5332891205985898e-265,6.094767496470098e-265
TNFRSF25,14.6252,1.6357199,1.9399788118186433e-48,5.1638339925188875e-48
NPR1,21.274534,1.6346362,1.954407586927233e-100,6.051552484215287e-100
LEMD3,42.827957,1.634251,0.0,0.0
CNST,49.68365,1.6339642,0.0,0.0
AP4S1,10.727128,1.6331345,7.591875295280124e-27,1.8228154928825276e-26
CLCN5,27.073988,1.6320586,1.993837565372553e-161,6.931719249523369e-161
CARF,22.2477,1.6320527,1.1872674977678967e-109,3.7569662675831536e-109
TRAF2,14.925907,1.6318384,2.2357523647327328e-50,5.993805477127335e-50
IMPA2,61.711464,1.6316667,0.0,0.0
PRKDC,141.37186,1.6304849,0.0,0.0
THEMIS2,17.626244,1.6304277,1.549246216582192e-69,4.4240635118143444e-69
NCK2,48.2042,1.6303431,0.0,0.0
NMT2,21.280201,1.6298563,1.7319750028991103e-100,5.365633847630164e-100
PPP1R3B,50.778316,1.6298175,0.0,0.0
LRRIQ1,57.869495,1.6297219,0.0,0.0
PTAFR,9.11169,1.6294438,8.11088133632121e-20,1.855549472122446e-19
SHQ1,20.21948,1.6293997,6.597357466407444e-91,1.996515330836358e-90
TNFRSF21,17.673693,1.6285664,6.687347567288368e-70,1.9126137884941936e-69
EZH1,42.106564,1.6284878,0.0,0.0
SLC25A32,23.824959,1.6279781,1.8414048333491612e-125,5.998531133899695e-125
ODF2,36.637657,1.6275955,7.195710283497878e-294,2.942657868324226e-293
ZNF76,25.832254,1.6262903,3.8514087713849455e-147,1.310579638384391e-146
APAF1,23.432812,1.6258785,1.979275645356346e-121,6.396849054106698e-121
KIF15,11.909464,1.6257253,1.0565395660288579e-32,2.626672283619479e-32
TMEM184A,34.779884,1.6256449,4.899730619229359e-265,1.9468386058374998e-264
SPATA6,45.507473,1.6249404,0.0,0.0
MET,94.57594,1.6247895,0.0,0.0
SLC25A27,13.515699,1.6241255,1.2634894404798128e-41,3.2734552708693517e-41
GAS7,17.326092,1.6241001,2.989685118728278e-67,8.484086253704214e-67
AKAP12,43.674084,1.6240748,0.0,0.0
TRIM33,100.45828,1.6239598,0.0,0.0
BDP1,122.4623,1.6236918,0.0,0.0
NR2F1-AS1,13.354231,1.6227561,1.1190864170657209e-40,2.885159935040225e-40
PLAAT3,10.735173,1.6217782,6.958804070186154e-27,1.6714940962469263e-26
ELMOD3,25.416689,1.6209109,1.6492631184620863e-142,5.559038909734666e-142
HELLS,41.253468,1.6196734,0.0,0.0
RHBDF2,18.238928,1.6194401,2.533818030296392e-74,7.33349470103425e-74
DENND4B,17.7469,1.6184354,1.8213391806010496e-70,5.219228141984376e-70
SYTL3,33.701824,1.6183486,5.436051070628584e-249,2.1264616255883175e-248
CEP350,102.72442,1.6181809,0.0,0.0
FAM20C,25.982597,1.6178031,7.789781468527897e-149,2.6581031519023433e-148
RBSN,20.24832,1.6176789,3.6756576831938657e-91,1.1130247270787002e-90
TP53BP1,65.6874,1.6175731,0.0,0.0
COX10,21.547417,1.6165484,5.598445597698979e-103,1.7457454963046554e-102
STK36,18.543598,1.6161352,9.186575962382576e-77,2.6742861609735558e-76
PPP4R3A,95.49801,1.615468,0.0,0.0
ABRAXAS2,20.336355,1.615206,6.1320758180798944e-92,1.8608590988377276e-91
ANKRD36,33.343235,1.6140916,9.130307996521829e-244,3.549473343039621e-243
E2F5,28.652424,1.6133051,1.495336324502733e-180,5.362147135709253e-180
RGS12,36.87784,1.6131588,1.0471991678353764e-297,4.30273986728519e-297
CRY1,32.85431,1.612456,9.885226037329473e-237,3.8058764652195485e-236
GUCY1B1,22.975857,1.6123704,8.128134436181054e-117,2.60357750190288e-116
C19orf44,10.6602335,1.612357,1.5620474130835024e-26,3.744095788015895e-26
PDXK,119.36696,1.6119827,0.0,0.0
DNMBP,29.771626,1.610954,9.104716020290188e-195,3.3308010911690936e-194
ZNF382,7.270483,1.610522,3.5820400363955417e-13,7.728893926257514e-13
NCAPG2,15.573506,1.6097785,1.1019761510253239e-54,3.00141631984669e-54
PIK3C2A,106.66192,1.6092366,0.0,0.0
SIN3A,61.058,1.6090853,0.0,0.0
DDX10,46.06174,1.608981,0.0,0.0
PDE4B,17.74511,1.6088958,1.8803096978066972e-70,5.3876911872920405e-70
RTN4IP1,11.373674,1.608325,5.655567387582498e-30,1.384242892294332e-29
PPIL2,44.588963,1.6082709,0.0,0.0
SNAPC4,15.5609665,1.6079645,1.3405921522763735e-54,3.6493073614234246e-54
SDC2,57.28494,1.6076713,0.0,0.0
MGAT3,11.952207,1.60678,6.322421636897247e-33,1.5736776039917034e-32
TNFRSF14-AS1,6.6874313,1.6067619,2.2712205552119657e-11,4.794077412109317e-11
IGHMBP2,16.275667,1.6058604,1.4691156238561126e-59,4.069316609367883e-59
ERCC2,13.737072,1.6056321,6.088900574923419e-43,1.584885270846087e-42
PCGF5,59.66704,1.6055577,0.0,0.0
PPP2R5E,114.54211,1.6054583,0.0,0.0
CCNT2,50.568638,1.6054169,0.0,0.0
ST7L,26.355564,1.6044728,4.431428304087227e-153,1.5210981962070884e-152
ARHGAP35,56.723442,1.6041305,0.0,0.0
STX8,75.8132,1.6040521,0.0,0.0
RAB10,139.93063,1.6039311,0.0,0.0
NSUN3,20.749678,1.6034653,1.2341514209924913e-95,3.7778056869398015e-95
APOLD1,7.6572356,1.6028776,1.899778494132494e-14,4.1509773534393305e-14
LINC01588,10.98281,1.6025933,4.623144289020963e-28,1.1182949775130166e-27
VPS13A,69.16218,1.6023157,0.0,0.0
AL354733.3,9.081143,1.6015784,1.0744037494053722e-19,2.455091133633107e-19
RAB2A,145.4201,1.6015196,0.0,0.0
SENP2,33.27705,1.6002201,8.294195032426067e-243,3.2201890521633154e-242
AC087190.1,8.375386,1.5997665,5.5043118320920505e-17,1.2307286166553968e-16
ITFG2,34.805485,1.5994742,2.0092615866852582e-265,7.985665498629296e-265
MORN1,24.633867,1.5994439,5.480288084016893e-134,1.8169182342092606e-133
MPP5,45.46396,1.5990077,0.0,0.0
TRERF1,7.346551,1.5985315,2.0338655608127357e-13,4.3996813428173824e-13
C2orf42,7.5065384,1.5982347,6.071122918097205e-14,1.3205676176444496e-13
SPAG1,63.93832,1.596843,0.0,0.0
PLEKHN1,6.8729296,1.5968103,6.289657636264889e-12,1.3373674395082243e-11
UBE2E1,87.877754,1.5968,0.0,0.0
TUBD1,25.268663,1.5958283,7.063237495171795e-141,2.372894234726088e-140
PPL,50.671974,1.5956821,0.0,0.0
KRBOX4,15.493987,1.5951555,3.8091853664638193e-54,1.0349180593585114e-53
NAV2,51.18187,1.5948896,0.0,0.0
CTNNA1,175.66536,1.5942272,0.0,0.0
IRAK1BP1,24.513435,1.5941919,1.0621555525234407e-132,3.513942803721398e-132
LNPEP,63.725243,1.5941099,0.0,0.0
EDEM3,31.39174,1.5931218,2.6229790455444817e-216,9.87085143557137e-216
CA8,22.502338,1.592503,3.9374296305196986e-112,1.2518550494104942e-111
RMDN2,10.498927,1.5924392,8.73678658540851e-26,2.0828070385655387e-25
MFSD8,28.655815,1.5924045,1.3567607873254466e-180,4.865818077449653e-180
SCNN1A,91.98646,1.592379,0.0,0.0
TTC26,31.125559,1.5914816,1.086491186697477e-212,4.0684865258910087e-212
ACVR2A,13.049207,1.5901525,6.421252482252506e-39,1.6424390281586531e-38
CUTC,25.2516,1.5900984,1.087631308073248e-140,3.6522347654540614e-140
TARSL2,27.593977,1.5899987,1.3141892859205646e-167,4.6161543491417e-167
IPPK,12.78293,1.5895385,2.0422781532772958e-37,5.1900579919344704e-37
OTUD7B,62.04982,1.5874425,0.0,0.0
CCM2,34.057655,1.5866185,3.1265914006554295e-254,1.23087913693314e-253
MACO1,39.81909,1.5857913,0.0,0.0
MYO5C,71.115814,1.5845387,0.0,0.0
IFT122,37.926037,1.5842983,0.0,0.0
ST3GAL4,21.660011,1.583571,4.891099083024041e-104,1.530184934015255e-103
CBR4,54.98289,1.5834438,0.0,0.0
ERICH1,64.844124,1.5822611,0.0,0.0
ELOA-AS1,6.704679,1.5820558,2.0184932903617318e-11,4.264280073285301e-11
AL161431.1,9.902,1.5820253,4.0803198003619334e-23,9.571960891697481e-23
SUSD1,9.13392,1.5817785,6.60628241923093e-20,1.5127444156318965e-19
OTUD6B,22.574879,1.581602,7.651908965695161e-113,2.4359731754741065e-112
VGLL4,115.53363,1.5800303,0.0,0.0
EPB41L3,7.1008973,1.579871,1.2394934738800552e-12,2.6571500750401472e-12
TEX10,26.962746,1.5794772,4.0437020197100025e-160,1.4025196222931218e-159
TMEM161B,30.164106,1.5775733,7.00652014201123e-200,2.580475677146316e-199
AGAP3,26.728004,1.5769584,2.2252304026505842e-157,7.68370600915245e-157
ACTN4,162.80573,1.576481,0.0,0.0
RSU1,51.448772,1.5762771,0.0,0.0
BANK1,12.885801,1.576218,5.411056529750144e-38,1.3780810635922533e-37
ATP10D,16.819185,1.5760174,1.7657184572695037e-63,4.948435611954868e-63
VLDLR-AS1,10.937674,1.5759994,7.612822231357241e-28,1.8397483331346604e-27
MZF1-AS1,14.812934,1.5756412,1.2084881682852275e-49,3.230731089033385e-49
FARSB,47.427956,1.575553,0.0,0.0
GRHL1,17.228796,1.5751579,1.61476212050087e-66,4.570490311357298e-66
ATP8B2,8.514254,1.5748636,1.6766676417011227e-17,3.7686097929238967e-17
ZNF420,12.162674,1.574566,4.912406436432099e-34,1.2294547170763614e-33
GATAD2A,70.97447,1.5707858,0.0,0.0
TLE1,106.90041,1.5699562,0.0,0.0
ZNF594,9.110849,1.5697937,8.173958957532164e-20,1.8696902247554206e-19
NAA35,47.35658,1.5691563,0.0,0.0
NPIPB15,18.91082,1.5689521,9.290070587991006e-80,2.7269958694172406e-79
RNF144B,45.657646,1.5688627,0.0,0.0
KAT2B,13.748854,1.568776,5.174261138370199e-43,1.3469316944294075e-42
XRCC2,7.533985,1.5684229,4.9214676304548635e-14,1.0715250249010699e-13
PUDP,25.06516,1.5679932,1.1933262002720887e-138,3.98630347217588e-138
ZNF439,13.877019,1.5679535,8.729945332759873e-44,2.2789540812977284e-43
PRKAR2B,8.323164,1.5677816,8.564567514603111e-17,1.912086479974521e-16
NUP58,57.537666,1.567759,0.0,0.0
OPA3,30.628485,1.5676684,5.112728584656225e-206,1.8967195364936976e-205
ITPR3,56.392776,1.5673118,0.0,0.0
KCNK5,11.592215,1.5670575,4.513115590615387e-31,1.1119925189059021e-30
PWWP2A,40.920242,1.5670531,0.0,0.0
LHFPL6,9.699824,1.565252,3.020193883334611e-22,7.044733441932943e-22
DMD,18.217804,1.5648274,3.728148337536792e-74,1.0783839789152852e-73
PARD6B,79.81423,1.5641618,0.0,0.0
TTC21B,39.42095,1.5641071,0.0,0.0
EIF2B3,32.698177,1.563995,1.6577447540489533e-234,6.36251658267034e-234
ELL2,53.422043,1.5636297,0.0,0.0
LINC01578,10.6140375,1.563548,2.564221766351683e-26,6.136261649948557e-26
POLK,56.151554,1.5632559,0.0,0.0
ANAPC7,52.86266,1.5629221,0.0,0.0
EFTUD2,39.823807,1.5628097,0.0,0.0
DPP8,46.902874,1.5626241,0.0,0.0
ZNF276,24.604801,1.5620743,1.122246019585045e-133,3.718573267318938e-133
ARHGAP23,11.454504,1.5616337,2.232380969028275e-30,5.478907082397354e-30
USP10,67.46192,1.5615224,0.0,0.0
DGCR2,41.51542,1.5609624,0.0,0.0
RABEP2,19.747519,1.5597413,8.425854609032636e-87,2.5201609095992475e-86
SOCS5,21.277485,1.559709,1.8352560978492454e-100,5.683808344990899e-100
THOC3,45.317295,1.5588984,0.0,0.0
AP1G1,83.77834,1.5588373,0.0,0.0
CHM,44.934784,1.5581948,0.0,0.0
SLF1,25.13286,1.5573233,2.1759067228595684e-139,7.285919665046271e-139
URI1,107.556,1.5566171,0.0,0.0
PPP1R13L,27.583765,1.5557641,1.742535416721326e-167,6.119285391340321e-167
PPP2R5A,62.893555,1.555684,0.0,0.0
CIAO2B,11.3773985,1.5552258,5.419199794564566e-30,1.3265000823399507e-29
GMCL1,45.394722,1.5549638,0.0,0.0
CLHC1,18.153652,1.5544916,1.201408862947458e-73,3.4703710968246537e-73
NUDCD3,49.955406,1.5531869,0.0,0.0
CPPED1,39.848286,1.5527657,0.0,0.0
LMBRD2,19.497551,1.5527422,1.1516665936843742e-84,3.4248453687310748e-84
TTC39B,21.583097,1.5520383,2.5892384959403994e-103,8.07991258428828e-103
PIK3C3,38.749218,1.5519716,0.0,0.0
LEFTY1,48.261845,1.5512594,0.0,0.0
ATF1,38.265163,1.5508666,0.0,0.0
ARFGAP1,26.349134,1.5489964,5.251064611023043e-153,1.8020213592505575e-152
POLR3A,22.473072,1.5486631,7.613854459011131e-112,2.4196849136310665e-111
MECP2,50.704098,1.5481561,0.0,0.0
GOLGA8B,32.17759,1.5480064,3.6335169019781783e-227,1.3830594755789585e-226
IQCD,33.33682,1.5477546,1.1309189764141943e-243,4.39537212075693e-243
RNF24,32.12822,1.5475641,1.779736875336624e-226,6.770015448755701e-226
BCL9,30.347572,1.5459912,2.7048389534866596e-202,9.991730584996379e-202
MLH3,41.48113,1.5459709,0.0,0.0
SERGEF,22.660639,1.5453712,1.0958101870452371e-113,3.496410029545743e-113
S100PBP,33.349297,1.544688,7.458128378409464e-244,2.900165012041499e-243
IL6R,35.50803,1.5438358,3.6951760440100426e-276,1.4825889752665293e-275
KLHDC4,27.705528,1.5429065,5.989625375384577e-169,2.1076458214383525e-168
UBP1,34.151062,1.5423533,1.28941050037461e-255,5.0822600208305165e-255
PRKD2,28.165743,1.5423473,1.5374517241219533e-174,5.463411481747447e-174
GPBP1L1,77.35678,1.5419636,0.0,0.0
NIPAL1,13.25653,1.5419166,4.135963942481277e-40,1.0638011952048785e-39
HIP1,43.580414,1.5410337,0.0,0.0
IWS1,74.44106,1.540362,0.0,0.0
DDX11,14.642862,1.5399778,1.4963382382539045e-48,3.984388473907827e-48
CARD8,20.788385,1.5390524,5.513528750223529e-96,1.6907009760550447e-95
ZNF440,28.262325,1.5384903,1.0043039171955569e-175,3.575728800914492e-175
CEP85L,30.434181,1.5384113,1.9398966431259638e-203,7.176791264283352e-203
ZRANB1,47.248062,1.5361859,0.0,0.0
SPICE1,30.040356,1.5361756,2.9181050893095197e-198,1.0724535567804619e-197
ARVCF,8.200203,1.5361332,2.3998087391397617e-16,5.336321691776895e-16
ATP6V1H,83.33424,1.5361246,0.0,0.0
CASC1,30.77396,1.5360742,5.846828721098796e-208,2.1772616914760084e-207
TRANK1,12.131181,1.5352294,7.220087690332932e-34,1.8059392638957437e-33
CDCP1,72.783714,1.5346123,0.0,0.0
KAT14,10.914406,1.5341012,9.837032436708236e-28,2.375593456460535e-27
BCAS1,9.177761,1.5339566,4.401466336819519e-20,1.0095169003982943e-19
TDRD7,13.999966,1.5330677,1.559469858607476e-44,4.082910269055658e-44
STOX1,24.732273,1.5320678,4.810372498335169e-135,1.5964295333315076e-134
FBXO9,64.106865,1.5320448,0.0,0.0
ZNF567,20.78342,1.5308777,6.1143240989227285e-96,1.8745430922050265e-95
ZBED4,21.279615,1.5300635,1.7537748733518189e-100,5.432599602441961e-100
CDH3,7.9907365,1.5287966,1.3413497313785118e-15,2.9606142138879927e-15
RBM41,36.536106,1.5283425,2.964021072073469e-292,1.2097794368808505e-291
CLOCK,61.571552,1.52769,0.0,0.0
DCAF4,9.655896,1.5266855,4.640825183676696e-22,1.081552897750555e-21
FNIP2,48.13394,1.5266082,0.0,0.0
HIRA,13.872611,1.5262214,9.28346564485656e-44,2.422808135153462e-43
SMARCD3,17.431107,1.5257807,4.790999073662067e-68,1.3629884647903743e-67
ATM,60.075546,1.5257211,0.0,0.0
ZFYVE27,23.232628,1.5255561,2.1317235219666703e-119,6.865502846949043e-119
ATL1,7.263264,1.5254531,3.778584835854734e-13,8.148806704359184e-13
RECQL5,18.209797,1.5245569,4.3154993864940286e-74,1.2481556991495463e-73
RASSF6,23.604462,1.524412,3.468175978900419e-123,1.1255658496200612e-122
CKAP5,50.05678,1.5240214,0.0,0.0
ERICH6-AS1,11.266261,1.5236889,1.9257550741228475e-29,4.700962828705273e-29
SNRK,30.377739,1.5229192,1.0812341152515776e-202,3.996100553614404e-202
HOXD11,10.217078,1.5228523,1.6627717432962135e-24,3.933481501204613e-24
PDE4DIP,49.529053,1.5227202,0.0,0.0
ANGPT2,16.235811,1.5223836,2.8149763329336224e-59,7.79284251537732e-59
FGFR4,8.540798,1.5222057,1.3329831592831573e-17,2.9986282237854525e-17
ZNF595,14.925183,1.5220227,2.2601454544617405e-50,6.05810068714307e-50
TRAFD1,14.526729,1.5215713,8.204628967549313e-48,2.1797813172445452e-47
ATXN10,128.96715,1.5201958,0.0,0.0
ZNF33B,53.641964,1.519871,0.0,0.0
SEC23IP,38.16976,1.5195124,0.0,0.0
GPC4,13.693548,1.5194864,1.1095629103118994e-42,2.886310142839182e-42
RNF34,32.40989,1.5191635,1.9916190640295725e-230,7.612284618275081e-230
AACS,27.62685,1.5186515,5.296276345137291e-168,1.8616717113665542e-167
RHBDL2,11.62891,1.5182761,2.9382411126261763e-31,7.25227850684144e-31
ZBTB40,16.789467,1.5178849,2.9144888024218696e-63,8.159352894910676e-63
YY1AP1,38.724236,1.5172212,0.0,0.0
INCENP,7.8035555,1.5162617,6.018687964732901e-15,1.322114525020922e-14
STX2,33.797443,1.5158622,2.150366460321769e-250,8.429619218545312e-250
AP5Z1,16.333986,1.5153655,5.65654659451681e-60,1.5684302435312807e-59
DNAI1,19.01827,1.5150361,1.2039057402849979e-80,3.542028146918002e-80
KAT6B,78.58898,1.514243,0.0,0.0
DENND6B,24.234653,1.512699,9.598426291286046e-130,3.154256937254362e-129
DEUP1,7.977485,1.5117351,1.493445435537492e-15,3.2945946295698595e-15
SEC24D,50.97416,1.5111414,0.0,0.0
ZNF107,20.075855,1.5099506,1.2000075467541543e-89,3.6188953079708105e-89
ERCC6L2,32.68905,1.5096741,2.2348411205393758e-234,8.576329862186845e-234
PARVB,21.148417,1.5092441,2.853650012703046e-99,8.814674150117254e-99
SUCLA2,84.75902,1.5073061,0.0,0.0
METAP1D,8.816236,1.5072094,1.1837279800530096e-18,2.6859910289661423e-18
EDRF1,34.542175,1.5071328,1.8681339602765033e-261,7.392923592463837e-261
NUP93,25.81704,1.5071192,5.708339358793272e-147,1.9409011084072e-146
WSB1,145.60115,1.5069607,0.0,0.0
KIAA1841,19.45287,1.5063611,2.755720606992037e-84,8.187587234578413e-84
ZNF783,11.869031,1.5062486,1.7144193753994926e-32,4.2575733038051486e-32
THOC1,41.283836,1.5062311,0.0,0.0
ZC3H7A,51.762917,1.5048604,0.0,0.0
FKTN,17.400227,1.5039835,8.217804569113174e-68,2.336302771983364e-67
GGA2,44.754833,1.5036415,0.0,0.0
RAB27A,43.426846,1.5029811,0.0,0.0
GLUD1,51.232384,1.5029757,0.0,0.0
UPF2,83.228905,1.5024331,0.0,0.0
TCHP,29.132076,1.500828,1.409297911246248e-186,5.098819813661076e-186
TRAPPC12,49.196125,1.4997375,0.0,0.0
MAML1,20.088223,1.4994518,9.355299751998157e-90,2.822744474062589e-89
HACL1,20.542662,1.4994017,8.951973968652211e-94,2.7289335325105787e-93
MTG2,24.309454,1.4993134,1.5572614452240934e-130,5.127208214680285e-130
AVPI1,29.63703,1.4984906,4.983902183681748e-193,1.8185423388622516e-192
GAPVD1,54.493313,1.4979466,0.0,0.0
TNKS2,67.5383,1.4978098,0.0,0.0
KLF8,10.591817,1.4958256,3.252187129660956e-26,7.776911971729536e-26
CMTR1,14.93475,1.4957013,1.9580909552790338e-50,5.250379180004528e-50
CCDC14,72.06325,1.4951055,0.0,0.0
CAD,13.257079,1.4951022,4.105775210194305e-40,1.0561284142599114e-39
MYO5B,42.733055,1.4940263,0.0,0.0
DDX42,86.12223,1.4937679,0.0,0.0
ADCY7,15.989791,1.4927461,1.5053653015106452e-57,4.143297357965267e-57
CYP1B1,19.724993,1.4926698,1.3157583489334825e-86,3.932227916608211e-86
PPTC7,45.325,1.4924831,0.0,0.0
EPB41L4B,18.203218,1.4923393,4.866334453346628e-74,1.4071960086890514e-73
PMS1,27.449741,1.4921546,6.99711943683236e-166,2.4507761471908384e-165
COG4,33.087337,1.492064,4.520697090572387e-240,1.748247578373528e-239
CCND3,22.458664,1.4919845,1.0530755625617222e-111,3.344876988539061e-111
HAUS5,7.84605,1.491055,4.293462109869626e-15,9.43909589818717e-15
CNOT9,30.625574,1.4907875,5.58979530175731e-206,2.0734412166925434e-205
AVEN,22.411955,1.4901106,3.0093025247669258e-111,9.552263093235228e-111
SAE1,42.59036,1.4899354,0.0,0.0
DCAF10,47.495415,1.4878712,0.0,0.0
SMARCA2,33.546444,1.487567,1.0144414293135631e-246,3.9546475785649534e-246
ACSF3,24.270012,1.4870253,4.065831537801991e-130,1.3376114673718004e-129
CELF1,112.01775,1.4866898,0.0,0.0
CUL2,37.98246,1.486672,0.0,0.0
USP31,20.206259,1.4866463,8.624252977507048e-91,2.608832108438672e-90
SLC27A4,14.484838,1.4863666,1.5107991840157237e-47,4.010959264945098e-47
NELFA,37.02485,1.485731,4.561709714171328e-300,1.8785007371284245e-299
MYO1F,6.7400627,1.4855024,1.583182563507938e-11,3.3491927144057174e-11
PTEN,89.94266,1.4852352,0.0,0.0
PDPK1,47.355125,1.4839593,0.0,0.0
ZNF714,16.090906,1.4832416,2.9547787904462403e-58,8.153113220134317e-58
MOB3A,19.892366,1.4829067,4.738601726737624e-88,1.422785043117052e-87
STAT2,43.934544,1.4824812,0.0,0.0
ACAD9,27.938477,1.4823662,9.10029908040388e-172,3.218730768287538e-171
TEX9,36.680626,1.4808891,1.4875565811599666e-294,6.087520210872202e-294
TBC1D23,38.35971,1.4806458,0.0,0.0
FBXO32,23.759672,1.480513,8.728235752515758e-125,2.8395373115764058e-124
POLB,18.181244,1.4799448,7.26674509708017e-74,2.1000879107142044e-73
LRRC43,7.895792,1.4798197,2.8847700293794107e-15,6.350149755316735e-15
PAFAH1B1,118.59379,1.4796267,0.0,0.0
EVI5L,8.306127,1.4792087,9.887669963711752e-17,2.2058086728745791e-16
CNTN4,8.667299,1.4785367,4.4249174383257175e-18,9.99753725736484e-18
CD58,36.091484,1.4782441,3.0848059883010816e-285,1.2499220751170546e-284
NLRP2,11.174308,1.4781277,5.447317240086037e-29,1.32601828455808e-28
POC5,13.058942,1.4779471,5.650741234718532e-39,1.4456067630705903e-38
TRMT10B,17.921873,1.4775988,7.960274923841716e-72,2.288869703028684e-71
NFATC2IP,60.374687,1.4775921,0.0,0.0
ERMP1,22.392612,1.4774069,4.645562542600417e-111,1.473981539518538e-110
TTYH3,18.693884,1.4752024,5.551960180604923e-78,1.6219764951846397e-77
GTF2F2,69.58258,1.4751952,0.0,0.0
KLHL2,17.664705,1.4745433,7.842202130561946e-70,2.2420391994916667e-69
PANK2,40.16699,1.4745067,0.0,0.0
HIBCH,79.3473,1.4742666,0.0,0.0
PDS5B,59.326115,1.4739026,0.0,0.0
DSE,23.856829,1.4738086,8.601825198238289e-126,2.8049017016781874e-125
FAN1,17.710896,1.4735278,3.455264313866394e-70,9.891803702227302e-70
FAM81A,9.661311,1.4728961,4.401926417934808e-22,1.0259580672582074e-21
ARIH2,60.820602,1.4728761,0.0,0.0
C1RL,33.093876,1.4720286,3.6401499419099636e-240,1.408090487091973e-239
YTHDF3,52.111126,1.4716651,0.0,0.0
KMT2E,127.172585,1.4716494,0.0,0.0
MICOS13,10.784507,1.4699304,4.074246520356417e-27,9.80302287510185e-27
PDCD11,25.700233,1.4697417,1.1618964309110096e-145,3.941957904963478e-145
SMARCAD1,43.98668,1.4686346,0.0,0.0
ANKRD52,14.922533,1.4685882,2.3517262621703886e-50,6.303002044099798e-50
ETNK1,80.77857,1.4680858,0.0,0.0
FAM173B,16.150974,1.467838,1.1178121861528782e-58,3.0881274073434834e-58
ZNF274,21.429428,1.4675269,7.104885651612864e-102,2.2082651646366473e-101
ZSWIM4,18.365528,1.4674238,2.480235943231153e-75,7.202415911457956e-75
RBM26,80.53896,1.4667917,0.0,0.0
UBE2R2,102.556694,1.466023,0.0,0.0
PAPOLG,13.779398,1.4659922,3.3908838109069974e-43,8.831610419481711e-43
HERC6,11.4617815,1.4658581,2.0524831713366703e-30,5.0390611946767436e-30
TMEM116,11.258744,1.465811,2.0972508847491115e-29,5.119178263071687e-29
ZNF347,12.896892,1.4654677,4.686237414216253e-38,1.1938969100319726e-37
FAM208A,62.422123,1.4647719,0.0,0.0
GPAT4,43.203266,1.464599,0.0,0.0
EEA1,69.67607,1.4645123,0.0,0.0
PTPN1,55.90748,1.4642034,0.0,0.0
UBAP2L,57.360283,1.4638032,0.0,0.0
YLPM1,56.944023,1.4634287,0.0,0.0
PLBD2,11.240749,1.4618355,2.571891986890296e-29,6.274617512629745e-29
MMP1,21.845493,1.4616419,8.579464932131551e-106,2.6937969106416238e-105
TEAD3,16.610106,1.4609611,5.888999808203953e-62,1.642911330526809e-61
ARL8B,59.864006,1.4595165,0.0,0.0
LARP4,63.32617,1.4591789,0.0,0.0
RIPK1,22.991964,1.4591066,5.609400584390174e-117,1.797564831872402e-116
CFAP77,20.486786,1.4586341,2.824325347412991e-93,8.59817809372223e-93
CCDC93,29.202232,1.456503,1.816662337552586e-187,6.581528502996916e-187
UVSSA,25.750216,1.4563257,3.2055325210613125e-146,1.0882889784656307e-145
MEIS2,9.480176,1.4551784,2.5385399682209437e-21,5.892861037777256e-21
VEZT,71.138695,1.4541572,0.0,0.0
ERN1,42.189533,1.4541285,0.0,0.0
DRC7,9.252533,1.4533107,2.1923452136497118e-20,5.0436237269457766e-20
AKT3,19.866789,1.4529445,7.88907246136921e-88,2.3670423672447956e-87
ZFHX3,118.07911,1.4525925,0.0,0.0
KIAA2026,57.38542,1.4521145,0.0,0.0
GRTP1,22.256332,1.4517616,9.793825462856831e-110,3.0994712883738314e-109
ZNF487,22.999495,1.4517543,4.715956884906201e-117,1.5115837057557813e-116
HPS3,21.529774,1.4512489,8.193420763329795e-103,2.5543888845136067e-102
GTF2E1,10.300932,1.4508439,6.978214777356423e-25,1.6550211418788463e-24
RNF2,20.573065,1.4498668,4.7845291609416984e-94,1.459728754237094e-93
RAP1B,113.04238,1.4484411,0.0,0.0
ABCC10,8.7612705,1.4482845,1.930614101358161e-18,4.3730179038971e-18
ZFYVE16,67.622574,1.4480199,0.0,0.0
FRMD4A,28.082556,1.4478502,1.6000925375129944e-173,5.677127554098129e-173
TAB3,18.770641,1.4475421,1.3128918039094135e-78,3.8427688541426285e-78
ATG14,25.128561,1.4463298,2.4246507298644647e-139,8.117906581961185e-139
GGT1,11.516666,1.445712,1.0873668217352738e-30,2.6727103584020837e-30
BBOF1,43.23484,1.4454194,0.0,0.0
RBIS,10.027261,1.4453095,1.1568113463617709e-23,2.722831106174326e-23
KPNA6,66.66311,1.4452267,0.0,0.0
TYK2,17.200928,1.4442079,2.613151327776514e-66,7.38858279483344e-66
PARP9,29.86312,1.4440372,5.931191790946411e-196,2.1727836941650852e-195
MRRF,27.120264,1.4428669,5.680256628742257e-162,1.9771095974394018e-161
MAP4,117.91936,1.4428325,0.0,0.0
SARM1,8.441832,1.4423565,3.124036704191041e-17,7.00636469011631e-17
SART3,29.468834,1.4410442,7.22383042489154e-191,2.629356741612809e-190
CUL4A,56.32817,1.4410167,0.0,0.0
SCPEP1,33.73904,1.4404553,1.5479374560496074e-249,6.064021368684653e-249
ARHGAP27,14.900694,1.4404082,3.2617549766212067e-50,8.739644720045753e-50
BBS4,27.711473,1.4387156,5.078856074870589e-169,1.7875878413698272e-168
PREP,29.719353,1.4381053,4.318158489117055e-194,1.5771826862538852e-193
SEPSECS,11.130901,1.4376544,8.873353873088604e-29,2.1578698828321376e-28
TIMELESS,10.826671,1.436371,2.5734297883381918e-27,6.199492710852244e-27
SNX21,10.133612,1.4360778,3.9190207421445086e-24,9.251633425176061e-24
CAAP1,43.364075,1.4357332,0.0,0.0
CSRNP2,14.612716,1.4356781,2.3304040817378445e-48,6.201390694216325e-48
GAN,28.803274,1.4352686,1.9516765903580188e-182,7.020710161197746e-182
ZNF500,10.60234,1.4350432,2.9061744751155294e-26,6.952311426617108e-26
PRUNE2,32.518425,1.4340187,5.85470149444702e-232,2.239499159728245e-231
BAZ1B,79.992035,1.4338789,0.0,0.0
IRAK3,10.084856,1.4336869,6.445973392361921e-24,1.5198785873239184e-23
CLBA1,10.777807,1.4332584,4.382078822161845e-27,1.0537686288146522e-26
ZNF445,15.625612,1.4325846,4.872183820469435e-55,1.327633000078088e-54
PPM1F,11.821514,1.4323969,3.021866890260435e-32,7.495021776364072e-32
NEPRO,23.459585,1.4318956,1.0553041855452482e-121,3.4132675355039627e-121
CAMKK2,24.405209,1.4310304,1.505717466215927e-131,4.966361753306861e-131
NFYA,13.394643,1.430874,6.498811032392987e-41,1.6778273280867714e-40
SPAG16,69.672775,1.429761,0.0,0.0
PHRF1,20.769821,1.4281048,8.115983870301479e-96,2.4864094168482483e-95
FOXO3,90.75845,1.4280508,0.0,0.0
NME7,46.907024,1.4269508,0.0,0.0
DSTYK,26.623594,1.4268817,3.619625689527402e-156,1.2472292486784619e-155
CCDC88A,26.96993,1.4268115,3.330595423895271e-160,1.1553210720971145e-159
CDC14B,30.465,1.4262424,7.582297039114095e-204,2.806885189482753e-203
RUNX1,53.996937,1.4258186,0.0,0.0
CEP162,32.224854,1.4249926,7.919733966903652e-228,3.019622260073142e-227
HEATR6,12.838491,1.4225358,9.98002346877192e-38,2.5392908239947855e-37
MARCH7,86.43878,1.4225088,0.0,0.0
GANC,14.04772,1.4224705,7.955451191464363e-45,2.0861777256366456e-44
LRRC8B,15.851024,1.4222372,1.38308552105713e-56,3.7922484156747496e-56
FANCL,23.401388,1.4220717,4.1367952308264955e-121,1.3360993455792018e-120
SMO,9.830092,1.4219236,8.354216221880235e-23,1.955608442585203e-22
SPOPL,21.645515,1.4219189,6.699075179693006e-104,2.0944805723275222e-103
VAPB,38.734077,1.4219015,0.0,0.0
USP48,65.88822,1.4210459,0.0,0.0
NCOR1,131.94481,1.4210176,0.0,0.0
AP3M2,20.269102,1.420796,2.4101642879034968e-91,7.30270381918636e-91
AHNAK2,19.910004,1.4205898,3.332911013995136e-88,1.0013313891878763e-87
NSUN2,24.383085,1.4205792,2.585383769712298e-131,8.524607271058972e-131
SF3B3,52.74319,1.4200503,0.0,0.0
TSC1,21.5165,1.4200338,1.0909102401043754e-102,3.400314480713765e-102
FMR1,53.5835,1.4194902,0.0,0.0
CASD1,26.132017,1.4194527,1.5780205674362953e-150,5.396519670688338e-150
C17orf67,13.453072,1.419155,2.9534597973842804e-41,7.637098758034833e-41
ZNF823,11.718957,1.4190563,1.0191930568912237e-31,2.5213010781601605e-31
ARHGEF9,14.242335,1.4183744,5.002663041931773e-46,1.3181818473119056e-45
SLC25A40,12.953382,1.4175917,2.2482670489930662e-38,5.734760815130452e-38
GUCY1A1,16.83319,1.4171385,1.393818044682804e-63,3.9080371116106343e-63
PDLIM5,79.93806,1.4166752,0.0,0.0
CEP135,25.491873,1.4137455,2.425906357120393e-143,8.195517071932868e-143
SUCLG2,84.76686,1.4134727,0.0,0.0
WASHC2A,25.471745,1.4133085,4.0547421052785374e-143,1.3684175356442882e-142
CFAP74,12.6712675,1.412955,8.53247811723806e-37,2.1605563265481046e-36
ZNF552,20.155386,1.4115366,2.4137341833182736e-90,7.293315300663934e-90
SPRED1,26.72959,1.4112407,2.132753517152735e-157,7.36524515980824e-157
TTC12,17.440027,1.4111919,4.0987658300696025e-68,1.166280159587159e-67
ATRX,149.79887,1.4109437,0.0,0.0
LINC00476,11.286534,1.4098548,1.529493655564624e-29,3.7364284951045127e-29
PIAS2,39.435963,1.4089594,0.0,0.0
ZNF197,9.6191025,1.4088035,6.640791913591877e-22,1.5461845400013257e-21
CASP8AP2,31.904694,1.4082913,2.2984249983605695e-223,8.712771527803289e-223
CUL3,92.029106,1.4080422,0.0,0.0
DLX6-AS1,27.346342,1.4067448,1.1936959856133213e-164,4.1715789887764945e-164
ZNF266,11.122163,1.4062408,9.78699163632398e-29,2.3796612846492147e-28
ABHD17C,22.661959,1.4051683,1.0634506034854232e-113,3.393526725840128e-113
METTL22,9.4134865,1.4050355,4.79946591771811e-21,1.1112453234296361e-20
TET2,39.865364,1.4049833,0.0,0.0
SPC25,14.716452,1.4048532,5.055006809294052e-49,1.348945879978794e-48
GEMIN5,10.711388,1.4047096,9.000238530713325e-27,2.1599109614950383e-26
NRDC,91.93826,1.4042716,0.0,0.0
GRB2,71.402985,1.4035014,0.0,0.0
GOLGA8A,31.863255,1.4028678,8.62551197170953e-223,3.2672058558822785e-222
RAB6A,87.83021,1.4025369,0.0,0.0
ARMC7,6.993449,1.4023094,2.6820882504159815e-12,5.727658810730686e-12
GRK3,6.9414034,1.4022791,3.882234207444214e-12,8.275635324177263e-12
AKAP7,28.404083,1.4022053,1.8004064299649842e-177,6.427224598267165e-177
KCTD2,10.724882,1.4011229,7.778604461379583e-27,1.8674974775978786e-26
MAPK1,68.74588,1.4004427,0.0,0.0
D2HGDH,26.971853,1.3998191,3.161993744887796e-160,1.0969651701895749e-159
ANO9,7.1006413,1.3993365,1.2417954575325139e-12,2.661891685607951e-12
CLUH,21.084175,1.3990896,1.1113566488019386e-98,3.4257162671316545e-98
APTX,29.562237,1.3987149,4.5721896953432e-192,1.666667839815883e-191
GLYR1,62.71833,1.3986808,0.0,0.0
SCYL3,13.892804,1.3981975,7.003867757616644e-44,1.8294932762708493e-43
TBC1D2B,14.6448965,1.3977185,1.4522249011124514e-48,3.867622775058684e-48
PLEKHH2,19.830761,1.3974776,1.6157475331130382e-87,4.842487024543593e-87
RORA,30.375473,1.3967881,1.1583290633401024e-202,4.28049771498351e-202
IQCE,26.330658,1.3959837,8.548696944824636e-153,2.9323152605490936e-152
TDP1,18.171692,1.3957955,8.649051655034297e-74,2.4993296347310185e-73
ACIN1,80.48896,1.3941556,0.0,0.0
ZNF131,58.055138,1.394113,0.0,0.0
CLEC2D,19.944462,1.3937823,1.6744423793558155e-88,5.036288802442171e-88
SLC24A1,7.648466,1.3935746,2.0339065704271066e-14,4.442729567624266e-14
BTBD7,77.253876,1.3935703,0.0,0.0
AP002884.1,11.181857,1.393479,5.003183697605216e-29,1.2180050666964718e-28
FAM160B2,17.450108,1.393309,3.435834891676433e-68,9.778354312953456e-68
LUC7L,66.34448,1.3931433,0.0,0.0
HIPK3,64.1353,1.3926057,0.0,0.0
HIF1A,128.2261,1.3903648,0.0,0.0
SCAP,31.258581,1.3893281,1.7069088486440214e-214,6.406331761624041e-214
NDEL1,40.303688,1.3887894,0.0,0.0
MAN2A1,39.221535,1.3867453,0.0,0.0
CENPE,19.72668,1.3856058,1.2725423381404554e-86,3.803459032923851e-86
DLGAP4,49.65649,1.3850148,0.0,0.0
MDM4,89.16674,1.3838699,0.0,0.0
ZNF568,9.105856,1.3835636,8.558876715057563e-20,1.9569773859516052e-19
CHUK,11.982357,1.383269,4.396416978625488e-33,1.0950252477969859e-32
GABPB1,24.27448,1.3822892,3.64706698907769e-130,1.1999764700553114e-129
ABCA5,39.535137,1.3820786,0.0,0.0
DDHD1,26.898096,1.3820331,2.3117635808293454e-159,8.0087257791988e-159
HSH2D,6.5984125,1.3817607,4.1558293128997996e-11,8.741480134620064e-11
UBE2K,102.798706,1.3813002,0.0,0.0
RELB,26.81471,1.3807805,2.1770812727708507e-158,7.535069149662825e-158
ABO,17.488457,1.3806353,1.7544316348106898e-68,4.995021806397962e-68
PLEC,53.760254,1.3782485,0.0,0.0
HOOK3,85.32569,1.3782165,0.0,0.0
CCDC114,16.428045,1.3781221,1.2048114130419239e-60,3.3482101474805206e-60
SMAP1,71.96372,1.3780794,0.0,0.0
KLHL28,19.4506,1.3771753,2.8803784142086005e-84,8.556239268844178e-84
SH3BP2,16.962048,1.3767358,1.5678616011748156e-64,4.408164627505694e-64
ADGRF1,32.56817,1.3767319,1.158144882608875e-232,4.435224793598765e-232
NPHP1,31.259415,1.3763403,1.662879119103074e-214,6.242667224397887e-214
A4GALT,36.494267,1.3751115,1.3671887777558224e-291,5.574852886927566e-291
KIAA0586,20.105553,1.374822,6.598235268207744e-90,1.9912712056226336e-89
MFN1,47.1316,1.3737371,0.0,0.0
NF2,22.703968,1.3737345,4.093369009225267e-114,1.30720435646612e-113
C12orf4,10.575558,1.3729539,3.868692463696559e-26,9.246660336135927e-26
ICA1L,19.854246,1.3728263,1.0127154277687798e-87,3.0370149875101115e-87
VWA3A,9.524257,1.3721932,1.6622741497464988e-21,3.862681432327204e-21
ZCCHC2,19.954535,1.3717774,1.368920169258094e-88,4.119455069621065e-88
RPS6KB1,34.460255,1.3716111,3.161531538709513e-260,1.2508042113892272e-259
LIPG,16.459444,1.3715478,7.175551187684874e-61,1.9950477974986755e-60
ZNF737,12.004256,1.3706291,3.374824543451188e-33,8.414266191161227e-33
SRSF4,112.57356,1.3705518,0.0,0.0
BCR,39.09211,1.3702904,0.0,0.0
SLC12A7,33.567387,1.369874,5.0207026977777105e-247,1.958538317904568e-246
RBL2,61.395226,1.3683122,0.0,0.0
SAMD4B,68.85819,1.3679243,0.0,0.0
ZNF600,13.829712,1.3664464,1.6869515831306344e-43,4.399901099615584e-43
TMEM131,81.33332,1.3659791,0.0,0.0
FAM129B,70.15632,1.3657792,0.0,0.0
MRNIP,25.145952,1.3657049,1.5648658407372064e-139,5.2416615559176165e-139
ZNF213,8.35449,1.3626949,6.571583456173433e-17,1.468029801503907e-16
KIAA0319L,57.918304,1.3599824,0.0,0.0
CYB5R4,20.167107,1.3599371,1.9046113266057924e-90,5.757311134677966e-90
RANGAP1,30.419401,1.3598639,3.04294327651603e-203,1.1254773917274345e-202
CREBRF,68.68673,1.3598268,0.0,0.0
RB1CC1,100.73468,1.3592354,0.0,0.0
LARP1,97.30274,1.3589921,0.0,0.0
CREB5,23.422482,1.3583953,2.522355513618933e-121,8.149360866210843e-121
EXOC1,52.39208,1.3576422,0.0,0.0
ST3GAL1,25.147312,1.3576157,1.5121849084006071e-139,5.065776556445823e-139
PLCG2,59.22764,1.3556925,0.0,0.0
RDH13,23.002625,1.3553532,4.387632442726066e-117,1.4065000654982712e-116
SACM1L,26.684992,1.3547695,7.029730590312841e-157,2.4250928076161006e-156
CDON,6.8398614,1.3547544,7.926978055003006e-12,1.6834495646475277e-11
POC1A,11.063788,1.3546089,1.879857834989125e-28,4.564397456604905e-28
PPME1,38.415997,1.353978,0.0,0.0
ZNF43,19.644068,1.353201,6.497855394891463e-86,1.9374158906618024e-85
SEH1L,24.656635,1.3522502,3.1239809094773485e-134,1.0359478524072554e-133
WDR33,71.62849,1.3520521,0.0,0.0
RARS2,47.564907,1.3512784,0.0,0.0
TOP3B,8.057292,1.350449,7.80029205138863e-16,1.725154465829136e-15
ZC3H7B,23.650229,1.3502077,1.1739171579467816e-123,3.813616465805111e-123
WBP1L,23.184103,1.3501792,6.587671136611542e-119,2.1193368413132022e-118
RHOBTB3,63.62767,1.3497335,0.0,0.0
AFTPH,51.15921,1.3496517,0.0,0.0
NDRG3,15.005789,1.3494675,6.728587797500531e-51,1.806484204565785e-50
PITPNA,58.958668,1.3493485,0.0,0.0
HAUS6,19.728197,1.3478159,1.2349872881306275e-86,3.6915856481928774e-86
ZNF350,7.9058065,1.3467586,2.6620446797972096e-15,5.860745500217073e-15
TMEM260,52.781414,1.3467028,0.0,0.0
QSOX1,66.03761,1.3465339,0.0,0.0
WIPF1,18.97787,1.3462323,2.5991740785553785e-80,7.641737409372792e-80
CCAR1,104.403175,1.3456712,0.0,0.0
C2,10.675751,1.3453456,1.3218430935932002e-26,3.169375329149659e-26
TM9SF4,36.508087,1.3452368,8.252760523825204e-292,3.365612736756778e-291
ZNF765,9.249642,1.3443805,2.2524449657929874e-20,5.181483200114273e-20
MCCC1,39.328396,1.3442024,0.0,0.0
CABCOCO1,18.816032,1.3433393,5.581030818777558e-79,1.6343498619446776e-78
OCRL,9.971844,1.3427608,2.0243593211111455e-23,4.7576069042906584e-23
APOL2,46.17257,1.3417515,0.0,0.0
UBXN2B,17.622534,1.3416097,1.6542814030086467e-69,4.723547653340296e-69
NDUFAF5,12.524286,1.3414898,5.498356169855885e-36,1.3878661227100116e-35
GOLPH3L,32.361538,1.3414444,9.547985461143387e-230,3.648447343006784e-229
ELF1,92.96383,1.3413165,0.0,0.0
FAM174B,24.060936,1.3408957,6.413895209983124e-128,2.0988732884618976e-127
IL17RA,13.510487,1.3408103,1.3562224853498528e-41,3.5134002976033997e-41
CHCHD6,28.612688,1.3407586,4.671468538638002e-180,1.6731166276043688e-179
ITGA2,30.49464,1.3406494,3.069166441346692e-204,1.1367425688319053e-203
NKTR,114.53224,1.337063,0.0,0.0
ARFGEF3,26.929972,1.3356732,9.791441973020393e-160,3.394872390082097e-159
CSNK1G3,40.13651,1.3354913,0.0,0.0
ENGASE,7.462588,1.3343909,8.483953611371984e-14,1.8422762713715324e-13
MAVS,37.533997,1.333547,2.570282269447705e-308,1.0660173513594202e-307
USP39,18.835611,1.332421,3.85643273574622e-79,1.1298785463496962e-78
MEGF8,8.495533,1.3310312,1.9702718259998786e-17,4.425505972600321e-17
CTTNBP2,11.355782,1.3305663,6.941635922357006e-30,1.698173380724069e-29
ALDH5A1,11.934714,1.3295541,7.802650706331983e-33,1.9412947624735317e-32
DNAAF4,40.101906,1.3287936,0.0,0.0
PARP14,72.35575,1.3276517,0.0,0.0
CCDC66,44.47879,1.3272201,0.0,0.0
FNBP1L,90.87617,1.3269842,0.0,0.0
SSBP3,51.297607,1.326462,0.0,0.0
ANKRD10,84.012375,1.326059,0.0,0.0
MSRA,16.863655,1.3257391,8.327681570113668e-64,2.3356105685768509e-63
THUMPD2,19.785105,1.3254846,4.00072521021825e-87,1.197460120187968e-86
LANCL2,10.268582,1.3254803,9.762830651722186e-25,2.3137751937829547e-24
ABHD12,36.62634,1.3254074,1.0895343871105299e-293,4.4537583681303916e-293
LRP11,27.583685,1.3250172,1.746428519710788e-167,6.132227608449414e-167
P2RY14,8.752612,1.3249623,2.084709507150325e-18,4.721333825151399e-18
NEK5,25.620403,1.3243806,9.039682022343186e-145,3.061610392473842e-144
ZNF354A,10.441674,1.323254,1.5996459087048337e-25,3.807636924395755e-25
ZNF429,9.287111,1.321768,1.5853262767893692e-20,3.651121896240062e-20
SFXN1,35.125336,1.3213125,2.7670582709404855e-270,1.1039074674530198e-269
HELB,21.362867,1.3201041,2.9607003539639313e-101,9.191493003843028e-101
TXLNG,29.087458,1.3194239,5.172966519724866e-186,1.8692817098320524e-185
SUPT6H,44.56597,1.3193399,0.0,0.0
ABI1,59.886906,1.3192946,0.0,0.0
MAPK9,30.123299,1.319131,2.4005572826532234e-199,8.834553409365613e-199
CCDC32,18.89676,1.3191198,1.212749684855412e-79,3.5588291954467174e-79
NFATC3,50.655605,1.3183466,0.0,0.0
ARHGEF17,11.990158,1.317462,4.001406580315082e-33,9.970596263328358e-33
IFT74,46.134747,1.3163718,0.0,0.0
TRMU,17.46057,1.3162669,2.860687279504517e-68,8.143844149596875e-68
IL15,12.856149,1.3155085,7.943712864138976e-38,2.022222766189862e-37
ABCG1,28.91578,1.3151809,7.562138313349685e-184,2.7246210882530036e-183
PUS1,12.991583,1.3145211,1.365734033478917e-38,3.486955387223968e-38
ST5,27.939344,1.31194,8.882409978032413e-172,3.142040807993497e-171
XPC,30.968018,1.3117144,1.4535414838963369e-210,5.427804757139457e-210
ZNF100,8.325639,1.3108877,8.387512710928514e-17,1.8726996095094438e-16
GCH1,15.446279,1.3107938,7.992634490328631e-54,2.1669344151616274e-53
ZBTB4,29.075336,1.3103032,7.362089486788027e-186,2.6600085959237784e-185
RPAP2,44.02196,1.3097458,0.0,0.0
SNAPC1,42.461876,1.3090366,0.0,0.0
CPSF6,63.280376,1.3087274,0.0,0.0
LRP5,21.477564,1.3072522,2.523975987562991e-102,7.855502836502437e-102
E4F1,10.069463,1.3064853,7.538905846713074e-24,1.776726972493512e-23
NUP35,10.076397,1.3064249,7.025494774841274e-24,1.6561256541954404e-23
ZNF335,12.305554,1.3054922,8.455370211475692e-35,2.1226479838891203e-34
C19orf66,17.676622,1.3045931,6.348795512554752e-70,1.8159621414736712e-69
MARCH6,91.52726,1.3043774,0.0,0.0
KIF2C,9.233309,1.3042115,2.623978924839462e-20,6.030985184504149e-20
SLC3A1,39.942165,1.3040411,0.0,0.0
OSBPL8,64.64509,1.3039289,0.0,0.0
NEK4,16.83177,1.3032593,1.4276814413769483e-63,4.0022245076762184e-63
FAM168B,34.201077,1.3031634,2.3304070806282722e-256,9.191521449305848e-256
ANGEL2,20.402285,1.3027911,1.5958348853021684e-92,4.850247443698336e-92
ZNF83,48.834087,1.3026234,0.0,0.0
KLHL18,12.786767,1.3025469,1.9439402803525776e-37,4.940576338653207e-37
WDR66,25.454063,1.301969,6.364835343978049e-143,2.146814251372607e-142
CCDC149,11.838821,1.3015393,2.458828272805508e-32,6.10110065506652e-32
ZNHIT6,24.20621,1.3008215,1.913830461541124e-129,6.281584253563342e-129
NT5DC1,43.21616,1.3004881,0.0,0.0
UEVLD,16.322414,1.3002741,6.837764189182826e-60,1.8955987280000832e-59
BRCA2,12.122833,1.2999456,7.994670093623549e-34,1.999175271951083e-33
SETDB2,6.6324024,1.2998781,3.302663504392431e-11,6.954835148306959e-11
STK35,15.331914,1.2992913,4.6799176364603375e-53,1.2658969296022145e-52
TNFAIP8,14.079608,1.2986612,5.069004356025735e-45,1.3303208197070738e-44
SIN3B,22.912804,1.2984128,3.463200484191176e-116,1.108359274934057e-115
CDH11,17.011667,1.2979851,6.729501568458256e-65,1.8942158165720357e-64
PHF2,10.659579,1.2968674,1.5730700175965748e-26,3.7699040431445264e-26
EPSTI1,20.307598,1.2964642,1.1016214542281391e-91,3.341298432965997e-91
PPWD1,21.834234,1.2963256,1.0976519984117816e-105,3.4460624615245495e-105
ZDHHC21,30.927032,1.294948,5.17456729718794e-210,1.9310624578031074e-209
PLEKHM2,23.01592,1.2948551,3.22939658441209e-117,1.0353282069014115e-116
TAPT1,16.176317,1.294729,7.409674440917889e-59,2.0479940681421308e-58
NOL9,15.362236,1.2947215,2.932829637048616e-53,7.937536356158521e-53
SLC39A9,25.308746,1.2946115,2.5591065702284935e-141,8.608089420076024e-141
CCNH,41.724705,1.2941811,0.0,0.0
HP,21.829786,1.2941291,1.209866379802001e-105,3.797954097539395e-105
GAK,39.577595,1.2938904,0.0,0.0
DDB2,10.372402,1.2925175,3.3109405764674215e-25,7.867713464479194e-25
ZNF785,9.019284,1.2913054,1.8932221543352137e-19,4.3211354318688253e-19
GNPTAB,43.948963,1.290669,0.0,0.0
AC013470.2,10.93767,1.290559,7.613181385338826e-28,1.8397483331346604e-27
C12orf75,100.43858,1.2899103,0.0,0.0
CTTNBP2NL,36.67789,1.2887601,1.644638718309861e-294,6.729414071177802e-294
DANCR,8.815027,1.286971,1.1965610471364369e-18,2.7146932791901493e-18
UBA2,68.77319,1.2856364,0.0,0.0
MBTPS2,8.528961,1.2853185,1.4766727200214778e-17,3.3211078006271317e-17
ATF6,50.250736,1.2839538,0.0,0.0
TTC38,10.052366,1.2823658,8.968787550995546e-24,2.1128703341116752e-23
KIAA0232,61.38743,1.2816701,0.0,0.0
ST6GALNAC2,11.647537,1.2811828,2.3618694539877936e-31,5.832093400473246e-31
HIST1H2AC,48.03746,1.2801555,0.0,0.0
PPP1R12A,97.60673,1.2786502,0.0,0.0
LMLN,18.603445,1.278292,3.0130252668531976e-77,8.779814104023576e-77
INTS3,38.46007,1.2779596,0.0,0.0
FAF2,42.417484,1.2777878,0.0,0.0
OSTM1,11.392413,1.2763512,4.5617845909261825e-30,1.1174574779763599e-29
PPP2R5C,78.06413,1.2762688,0.0,0.0
PXK,20.068983,1.2760973,1.3779612908542975e-89,4.154706648859241e-89
RNPC3,29.249489,1.2757355,4.558024365854757e-188,1.6525286620465436e-187
POLR3C,8.581034,1.2750974,9.40242701966714e-18,2.1173924341551943e-17
PAQR7,17.36993,1.2736768,1.3939340077200645e-67,3.9594912704861003e-67
SLC37A3,24.171404,1.2732342,4.447846444148433e-129,1.458577517997815e-128
ATG16L1,6.828066,1.2728808,8.60670086909666e-12,1.8272764157338727e-11
MRPS27,25.904823,1.2722898,5.8765732439861275e-148,2.0024833590458153e-147
TMEM94,8.135012,1.2716411,4.118986442123839e-16,9.133714022371177e-16
SFXN2,10.859181,1.2713153,1.803593519029978e-27,4.3491847637559405e-27
MCUB,11.989118,1.2708423,4.05196550549517e-33,1.0095725732135704e-32
ZNF587,20.987577,1.2706383,8.517693431601873e-98,2.620077989950034e-97
SBF2-AS1,7.1746635,1.2706017,7.248521740758858e-13,1.557965259513859e-12
STRADB,14.618479,1.2704046,2.1413270483081244e-48,5.699268836100849e-48
ZBBX,18.770073,1.269902,1.3270284837769317e-78,3.8837612612421006e-78
CHD8,45.658733,1.2692692,0.0,0.0
KRIT1,45.104218,1.26887,0.0,0.0
TMEM63A,59.05308,1.2688425,0.0,0.0
RASGRP1,17.295624,1.2687725,5.075005996759003e-67,1.4383811026422242e-66
ZNF140,11.641346,1.2680281,2.5397458584768704e-31,6.269745460694029e-31
SPAST,16.34194,1.2675108,4.9648305167030376e-60,1.377279898151627e-59
PXN,22.513063,1.2674752,3.0915453520364457e-112,9.831287340688804e-112
DCTN4,28.08709,1.2667598,1.4085320812309569e-173,4.99807166050831e-173
CWC27,37.767876,1.266741,0.0,0.0
IREB2,35.605976,1.2662009,1.132248262697143e-277,4.552115888011795e-277
SPATA7,15.262472,1.2644768,1.359973129496473e-52,3.673283317847878e-52
KIF11,13.162855,1.2637476,1.4355605664228966e-39,3.681787695541787e-39
SAMD3,8.570217,1.2619286,1.032897751545282e-17,2.3251616559789736e-17
ZKSCAN8,6.9414854,1.2610924,3.879981730205417e-12,8.27143087589994e-12
DCP1A,32.11374,1.2608835,2.8351267776329e-226,1.0781879426078497e-225
BICDL2,27.918894,1.2603275,1.5735810907431316e-171,5.563013241906462e-171
JPT2,63.182392,1.2590499,0.0,0.0
ITPRIP,19.497793,1.2590295,1.1462191649256465e-84,3.4089890160393134e-84
HMGXB3,36.386013,1.2579391,7.084582458689786e-290,2.8860217961802923e-289
LZTR1,6.8421726,1.2572451,7.800110305872784e-12,1.6569833633006495e-11
SGCE,18.307093,1.2568936,7.264740380509251e-75,2.105897550176089e-74
CDK14,11.870517,1.2563455,1.6842383630821122e-32,4.183325667576312e-32
STYXL1,21.100845,1.2562839,7.812721360498036e-99,2.4105073845523665e-98
SETD1B,11.240138,1.2561142,2.5897730753960277e-29,6.317719860920669e-29
CEPT1,19.415632,1.2556511,5.6930921481737825e-84,1.690127788635486e-83
DNAH11,17.770447,1.2555263,1.1973519285074385e-70,3.433129667814803e-70
KDM5A,71.46385,1.2553849,0.0,0.0
MAN2A2,8.788146,1.2552298,1.5204878504132286e-18,3.446688126406897e-18
DCLRE1C,13.232101,1.2551872,5.726394634801153e-40,1.4713341474434703e-39
SMCR5,8.186192,1.2549008,2.696215907747084e-16,5.991816357297667e-16
CRAMP1,7.913811,1.2547156,2.4962635822544743e-15,5.496992064427638e-15
PLXNA1,7.2036653,1.2542404,5.861524466568867e-13,1.2612271750056736e-12
TOMM70,21.205061,1.2532958,8.575982538247479e-100,2.651264283442714e-99
SP3,40.964542,1.2517401,0.0,0.0
NAPEPLD,14.191701,1.2512732,1.0312644589479469e-45,2.7137087393274705e-45
HMOX1,10.794303,1.2508476,3.662302057298422e-27,8.816155519036635e-27
PHTF1,21.787207,1.2508465,3.068063343890096e-105,9.624977217154418e-105
DDHD2,14.066873,1.2486633,6.069453273819084e-45,1.59245628765773e-44
METTL6,8.030551,1.2486027,9.703561056259934e-16,2.1443250616729468e-15
FMNL1,9.513473,1.2483135,1.8440208489878524e-21,4.284675086207513e-21
RNF217,19.476498,1.2479666,1.7376731073005146e-84,5.16544059377735e-84
EGLN1,30.633932,1.2475308,4.326009892153955e-206,1.60546779081697e-205
PBRM1,68.51515,1.2474226,0.0,0.0
MAGI2,11.582035,1.2471102,5.0824978442943055e-31,1.2518655546084815e-30
PITPNB,59.59069,1.2470397,0.0,0.0
NDUFAF7,8.358094,1.2452978,6.373957578627944e-17,1.4245286255724148e-16
SCFD1,59.68363,1.2451754,0.0,0.0
SNTB2,40.035324,1.2450833,0.0,0.0
ST3GAL6,22.171494,1.2444907,6.472548225127989e-109,2.0448737465286137e-108
ANKRD12,117.479614,1.2443392,0.0,0.0
UTP25,10.329563,1.2441465,5.179583282165441e-25,1.22952648169088e-24
GPATCH2L,48.012188,1.2424079,0.0,0.0
SPIN1,71.934296,1.2424023,0.0,0.0
ZNF277,28.69909,1.2423723,3.916465342496938e-181,1.4061181953061954e-180
GOLGA4,141.68288,1.242184,0.0,0.0
KLC4,7.6371074,1.240678,2.221563424814176e-14,4.850840574886322e-14
SULF2,18.422625,1.2406216,8.650663043390337e-76,2.513322310815788e-75
COG3,18.634706,1.2403256,1.6807257973192006e-77,4.902393598857763e-77
LYPD6B,9.294737,1.2395418,1.475705729560527e-20,3.400779631178583e-20
ARSG,15.039439,1.2383957,4.049681095330427e-51,1.0882435412240197e-50
NFRKB,9.713782,1.2382709,2.6337703868547467e-22,6.146296785508193e-22
SLC25A26,27.798735,1.237892,4.49331852707205e-170,1.5850877565934492e-169
GTSE1,11.605639,1.2378352,3.8579178269274312e-31,9.51033587354262e-31
GTPBP10,12.636888,1.2374964,1.3218348174223377e-36,3.3445105096805444e-36
DEAF1,35.158978,1.2368698,8.475434031172695e-271,3.3839854913538357e-270
DZIP1,16.338299,1.2366372,5.270333806019263e-60,1.4618913891766753e-59
LINC00240,15.967445,1.2363895,2.1543153084616073e-57,5.923364158181682e-57
NUTM2B-AS1,52.307472,1.2362394,0.0,0.0
SIDT2,7.5484085,1.2360878,4.4060892467075625e-14,9.598806009241927e-14
ROCK1,95.622284,1.2359959,0.0,0.0
RRP12,12.498464,1.2359631,7.610752025916956e-36,1.9197532017197206e-35
TUBB6,24.620535,1.235861,7.614155220443333e-134,2.5235241712647767e-133
AKT2,32.306076,1.2358212,5.747224827887579e-229,2.1938411216070347e-228
CREB1,39.163002,1.2356857,0.0,0.0
ZFP90,11.459577,1.2356448,2.105403710985928e-30,5.168556952815235e-30
KIAA1549,8.192179,1.2339798,2.5654027102045767e-16,5.702826109028993e-16
KIF2A,62.427166,1.2339313,0.0,0.0
CMTM8,42.45992,1.233361,0.0,0.0
URB1,21.660337,1.233031,4.8566662508643584e-104,1.5195735790212388e-103
ZNF362,7.4814305,1.2327663,7.351782295796855e-14,1.597366869214047e-13
TRAPPC13,8.721703,1.2327219,2.7404890854125307e-18,6.2027012104109784e-18
RAB31,16.804155,1.232604,2.275289232630771e-63,6.373486154390691e-63
FYCO1,8.699544,1.2324554,3.332193344438562e-18,7.537894090797513e-18
BRD9,33.001305,1.2320892,7.779755424395952e-239,3.002694780844497e-238
SMIM37,30.645363,1.2320801,3.046661213266281e-206,1.1313871432061529e-205
CWF19L2,31.338842,1.2288021,1.380720627016631e-215,5.188023936353368e-215
RETREG1,19.308424,1.2271606,4.562814199680811e-83,1.3514533933457807e-82
ELK4,51.178547,1.2267038,0.0,0.0
FAM214A,46.85218,1.2265493,0.0,0.0
TMEM209,8.94378,1.2260702,3.760806780201399e-19,8.563237274990154e-19
ECE1,35.689796,1.2257588,5.6918815337921755e-279,2.293059504677803e-278
TRPS1,36.699497,1.2252067,7.438941383989801e-295,3.0463450155209934e-294
ZNF451,42.084583,1.2251363,0.0,0.0
KLHL5,10.869891,1.2249832,1.6039209333961656e-27,3.869274173939121e-27
STAT6,39.79785,1.2246362,0.0,0.0
SGO1,6.666094,1.224133,2.6270149309231887e-11,5.542312703448008e-11
RNF115,71.02234,1.2229779,0.0,0.0
CRKL,12.278086,1.2211118,1.1877522465480466e-34,2.9794702548898926e-34
TMEM181,42.807457,1.2209668,0.0,0.0
CDA,22.680552,1.2204825,6.970844428009959e-114,2.2249139208726123e-113
ZNF652,61.679455,1.2189115,0.0,0.0
ERBB2,43.434372,1.2181151,0.0,0.0
OSBPL9,48.780125,1.218107,0.0,0.0
RPS6KA3,11.422504,1.2179527,3.227950706854874e-30,7.915086305191765e-30
CEP89,20.9532,1.215609,1.7543928765875265e-97,5.393776329581432e-97
GXYLT1,16.46472,1.214874,6.576752262841925e-61,1.8290779273094937e-60
C9orf85,13.265309,1.2142694,3.679017335967909e-40,9.467658556089966e-40
ZYG11B,24.079977,1.2142503,4.052545466935641e-128,1.3265898197384932e-127
NEK1,28.974428,1.2141786,1.381952413164694e-184,4.986443641343282e-184
IVNS1ABP,79.381165,1.2130152,0.0,0.0
UBR4,57.934155,1.2116225,0.0,0.0
ANO4,9.248951,1.2103978,2.2670607735187136e-20,5.2146989127595893e-20
RPS6KA5,69.3631,1.2097279,0.0,0.0
NSUN6,17.123987,1.2081746,9.830672660694411e-66,2.774801793828197e-65
EGLN3,22.207636,1.2073401,2.8979083497273616e-109,9.161249712819717e-109
ANKRD29,7.967973,1.207054,1.6129804366470997e-15,3.557230193740766e-15
PECR,13.348881,1.2058427,1.2024244343772515e-40,3.099475693711613e-40
STAT5A,12.449486,1.2058135,1.4074925141036882e-35,3.545445188218196e-35
EFCAB7,8.38913,1.2043843,4.897532604534099e-17,1.0958864727732966e-16
AURKA,8.669915,1.2038484,4.324437442402495e-18,9.772758680197879e-18
NECTIN4,11.317351,1.2033272,1.076766552860434e-29,2.632630924488211e-29
SLC25A17,13.053669,1.2005163,6.055948237093134e-39,1.549135060995844e-38
DDX60,11.550573,1.1996244,7.332996989612229e-31,1.804528342527076e-30
CCDC125,17.646196,1.1984577,1.088431297735797e-69,3.1093524448232647e-69
PDGFA,16.555721,1.1983279,1.4558585203043496e-61,4.0573331544533265e-61
CCZ1B,11.189812,1.1983111,4.5740533765309615e-29,1.113810474222473e-28
REV3L,89.68711,1.1971987,0.0,0.0
ATP2C1,56.32418,1.1964865,0.0,0.0
DELE1,12.422472,1.196388,1.973667941205682e-35,4.968662770997766e-35
USP12,33.950745,1.1961658,1.1892490907777183e-252,4.671880490975925e-252
KMT2A,76.237785,1.1957983,0.0,0.0
DLC1,25.471476,1.1946603,4.0825729455901624e-143,1.377652600654525e-142
RIN2,42.40056,1.1936668,0.0,0.0
NADK2,6.864354,1.1929448,6.6792725043662736e-12,1.4195977908013247e-11
MICOS10,9.9532175,1.1927509,2.441590819185739e-23,5.735893149606593e-23
RRAGB,10.034289,1.1911199,1.0773268065819583e-23,2.536756287247048e-23
ITGB5,23.504253,1.189309,3.690065039704181e-122,1.1940348523171648e-121
WDR90,8.637497,1.1883793,5.745808221437432e-18,1.2967039876121313e-17
C18orf25,20.256788,1.1882349,3.095035348327978e-91,9.373989111397456e-91
PI4KB,17.038155,1.1877184,4.280188239762067e-65,1.205359133322276e-64
MAP3K1,41.959007,1.186638,0.0,0.0
DNM1L,48.96304,1.1860008,0.0,0.0
PAPOLA,114.51832,1.1835984,0.0,0.0
PHF14,76.27415,1.1833786,0.0,0.0
APC,23.661266,1.1832237,9.037558681053296e-124,2.9375796131150672e-123
SYNJ2,13.196952,1.1818573,9.135730045552683e-40,2.3450809131186607e-39
HUWE1,81.55519,1.1808503,0.0,0.0
CBL,9.484633,1.1804127,2.432374292789037e-21,5.647744367515353e-21
HM13,100.583405,1.1800158,0.0,0.0
INTS13,7.5300937,1.1799932,5.0704017744698835e-14,1.1037889008484752e-13
TMEM144,16.115904,1.1796483,1.972596654206347e-58,5.4455248386195595e-58
STRBP,57.645466,1.179447,0.0,0.0
AQR,31.463913,1.1777445,2.708562890420521e-217,1.0202023233943621e-216
LAMA4,17.661686,1.177611,8.273211136290666e-70,2.364804228580615e-69
PTER,13.878331,1.1776034,8.57159304757722e-44,2.2378140102109035e-43
TRMT44,8.263742,1.1770965,1.4117526174823636e-16,3.1463437580569204e-16
TMEM120B,39.41113,1.1768842,0.0,0.0
DDX52,69.09543,1.175653,0.0,0.0
ADIPOR2,27.805004,1.1752965,3.773565909216351e-170,1.3315019870851816e-169
CSTF3,25.479097,1.1748595,3.3612101604186634e-143,1.1346197535112383e-142
KCTD1,23.998318,1.1737916,2.895544455518404e-127,9.467991116316962e-127
CPT1A,21.680729,1.1734717,3.1190430234112606e-104,9.762092260872764e-104
OSBPL1A,23.060781,1.1731377,1.1466495529087345e-117,3.680095782783929e-117
FBRSL1,15.3499365,1.171608,3.5453370363185623e-53,9.594373412984527e-53
WDR43,44.99246,1.1713995,0.0,0.0
ATP2A2,102.48386,1.1678339,0.0,0.0
POLG2,17.26183,1.1666323,9.1176355559054e-67,2.582674129169175e-66
VSIG10,15.122051,1.16531,1.1587594248164324e-51,3.1209563858837325e-51
UBA6,46.25284,1.165161,0.0,0.0
PXDN,17.545216,1.1642493,6.470645738850403e-69,1.844918110150163e-68
LINC00662,11.5334635,1.1624904,8.947054370154058e-31,2.2009873004885817e-30
DPP9,15.221729,1.1615797,2.537339462286152e-52,6.848335099288005e-52
LIG1,7.2409134,1.1603928,4.456721767399966e-13,9.603545956751385e-13
STIM2,18.937151,1.1591812,5.636492779914516e-80,1.655516528654025e-79
MARK2,32.842457,1.1577393,1.4595327118489675e-236,5.618563548546475e-236
DNAJC16,17.293018,1.1572425,5.309720857259531e-67,1.5047606229834353e-66
UBQLN4,6.97157,1.1567587,3.13423769590369e-12,6.686464323077299e-12
ZMYM5,17.883175,1.1565573,1.594917426776644e-71,4.5828463182557454e-71
LOX,6.7501836,1.1564186,1.4765843593180312e-11,3.125253449732043e-11
GPT2,26.270916,1.1563405,4.123502855036939e-152,1.4127745598009143e-151
WHRN,10.564298,1.1560018,4.3621978768562675e-26,1.0422825738616845e-25
CDK5RAP1,12.381141,1.1547823,3.306119049364537e-35,8.317404628363843e-35
NEK6,23.780819,1.1547296,5.275385417705169e-125,1.7171751695859088e-124
PIP4K2B,9.136112,1.1544456,6.473795663429911e-20,1.482636776338493e-19
TPP2,25.80395,1.1542633,8.006881983318802e-147,2.7214920000852235e-146
GPBP1,116.604485,1.1540703,0.0,0.0
LRRFIP2,67.99131,1.1537555,0.0,0.0
NGLY1,25.319168,1.1520722,1.964910018549712e-141,6.612398045330256e-141
FAT1,13.170892,1.1520603,1.2906346466606665e-39,3.310670701519239e-39
NCAPD3,9.831148,1.1519151,8.267058271369174e-23,1.93551281022383e-22
TP53INP1,15.286887,1.1509397,9.35148322564497e-53,2.5272197277687923e-52
SMIM8,12.727958,1.1506313,4.135159236448119e-37,1.0492460238212145e-36
PDK4,38.71115,1.1501421,0.0,0.0
NUDCD1,14.284407,1.1495659,2.737302608393762e-46,7.222350431189046e-46
NSUN4,7.857599,1.1494554,3.915666699018633e-15,8.612917051589887e-15
B4GALT1,76.65325,1.1485288,0.0,0.0
BAIAP2,24.32474,1.1481065,1.0731934835467874e-130,3.5346200723998026e-130
MIA2,62.675865,1.1467425,0.0,0.0
GTF2I,147.07742,1.1465425,0.0,0.0
FEM1C,9.787927,1.1464376,1.2687078091765212e-22,2.967050099388823e-22
AC245041.2,6.753292,1.1454866,1.445275579916697e-11,3.0600837366415764e-11
SH3BP5,16.18093,1.142966,6.874944893591803e-59,1.900731417542982e-58
TMED8,8.663595,1.1426318,4.571146333445733e-18,1.0326342658097651e-17
TMTC4,14.275359,1.1418995,3.116785074437211e-46,8.220673744920582e-46
PCMTD1,86.27521,1.1415334,0.0,0.0
SHOC2,40.70855,1.1406333,0.0,0.0
IFT81,27.77404,1.1397374,8.93192474164251e-170,3.1497460905266694e-169
UBE3B,12.9150715,1.1386474,3.7010220263473184e-38,9.434666819581863e-38
HPS5,14.142586,1.1380467,2.0751703560870126e-45,5.4534360933408744e-45
TNPO2,10.402356,1.1379416,2.4187789064440696e-25,5.751392310757177e-25
MLXIP,41.65238,1.1377245,0.0,0.0
NOM1,9.200009,1.1372598,3.5791908721660575e-20,8.214946871993135e-20
ZNF701,8.785755,1.1358825,1.5531800130516225e-18,3.5205254671027335e-18
CSGALNACT2,10.258389,1.1358062,1.0850126723724444e-24,2.5704311444170305e-24
SS18,36.577404,1.1353921,6.542300843661845e-293,2.6724878117766536e-292
JUP,85.42808,1.1352084,0.0,0.0
KMT2B,14.605119,1.1333106,2.605287171782035e-48,6.931002719164279e-48
GIGYF1,16.222393,1.133228,3.5027402783661266e-59,9.693179685142134e-59
SH3KBP1,10.8902645,1.1322036,1.2826776036497138e-27,3.0965884267312007e-27
NEDD1,12.379508,1.1311462,3.374027746684869e-35,8.487523584598702e-35
ROCK2,67.496735,1.1301194,0.0,0.0
ITGA3,31.027456,1.1291893,2.2984694177705583e-211,8.588359092340198e-211
F3,31.688013,1.1286359,2.2726074012688413e-220,8.59174197407104e-220
PLEKHB2,67.370316,1.1283448,0.0,0.0
ICE1,22.401043,1.1282115,3.8447544170850535e-111,1.2202880259729325e-110
CYFIP1,51.686962,1.1269515,0.0,0.0
SPSB1,16.949287,1.1266237,1.947974231994829e-64,5.4753168732921474e-64
ARMC4,10.785286,1.1264902,4.039869785208802e-27,9.721101267700124e-27
CLINT1,96.74392,1.1249318,0.0,0.0
CASP8,23.506134,1.1248522,3.530174963628133e-122,1.1425478592277374e-121
FUT2,9.362429,1.124806,7.792465976890669e-21,1.8007005266263514e-20
PAWR,84.22293,1.123699,0.0,0.0
MED1,16.644777,1.1233805,3.3018973686404378e-62,9.217718783886568e-62
ANKRD13D,18.853434,1.1229385,2.75371124292209e-79,8.07037445449477e-79
TGM2,44.173046,1.12185,0.0,0.0
TPD52L2,27.310831,1.1216626,3.154466406937148e-164,1.1014708879845568e-163
ZNF507,8.486687,1.1214898,2.1261129358198307e-17,4.773731371256052e-17
FOXC1,8.054164,1.1214477,8.002360560346378e-16,1.7695799561706497e-15
GAS8,16.401112,1.1208712,1.8776799266135812e-60,5.215188885712853e-60
DNAJB13,19.875578,1.1202743,6.621875783232812e-88,1.9876396816310728e-87
CTCF,36.95175,1.1198814,6.826907916163944e-299,2.8085621449473564e-298
GLRX,42.140778,1.1192333,0.0,0.0
ERCC3,10.144358,1.1190184,3.510798498675451e-24,8.289268382976419e-24
PCMTD2,21.911127,1.118164,2.0348164461491685e-106,6.398480423254707e-106
FAR1,26.855907,1.1174775,7.195781372481353e-159,2.49198339309692e-158
MAX,22.8621,1.1174414,1.1077134180995702e-115,3.5435789444784215e-115
CHD1,75.3309,1.1173488,0.0,0.0
CC2D2A,22.13924,1.1159075,1.3244978136637637e-108,4.180463920210661e-108
LONP2,59.910988,1.1147817,0.0,0.0
NHLRC2,18.114428,1.1130134,2.4520949991563673e-73,7.0782370796762e-73
TMEM68,16.951315,1.1100682,1.8819709953426952e-64,5.2903001896687095e-64
ZSWIM8,11.840151,1.1096092,2.4201837932613097e-32,6.006726123298578e-32
NAA15,39.95168,1.1088376,0.0,0.0
HIVEP1,27.677496,1.1083323,1.3030269951714823e-168,4.583488644123153e-168
ZNF138,8.976258,1.1079046,2.8013079892239793e-19,6.384396459194575e-19
RNF168,15.861102,1.1077579,1.1780864402536812e-56,3.2313665781804946e-56
ZNF146,25.484833,1.1076316,2.903537716269162e-143,9.806870497704262e-143
ATP13A3,51.036175,1.1059213,0.0,0.0
PTPN3,27.06635,1.1058321,2.4524266156221044e-161,8.524029891633797e-161
MTUS1,33.296234,1.1052669,4.3775524737471865e-243,1.7000147889236511e-242
KMT5B,41.64006,1.1048644,0.0,0.0
ARID4A,39.26532,1.1041611,0.0,0.0
ITGAV,58.52874,1.1028492,0.0,0.0
ARHGAP17,20.082752,1.1019534,1.0444563054462775e-89,3.1510824172280935e-89
SLC16A1-AS1,7.1554756,1.1016086,8.338343578261227e-13,1.7914244151768209e-12
SLCO4A1,12.108199,1.1007422,9.556967448644315e-34,2.3886351989713636e-33
TLE3,17.8641,1.1004728,2.245225511225097e-71,6.448935837610846e-71
SOAT1,17.694866,1.1004419,4.593190407335438e-70,1.3144385379263056e-69
RBM12B,15.048134,1.1001003,3.5511293106805226e-51,9.545316634297818e-51
ZFX,28.614996,1.1000825,4.37280178238776e-180,1.5663371741134228e-179
ZNF7,8.3999,1.0996708,4.46858377378215e-17,1.0004342595889833e-16
AK7,17.78421,1.0989898,9.367559039621192e-71,2.6872354618225552e-70
TMEM39A,10.34137,1.0982084,4.579471145690947e-25,1.0872470086207883e-24
GPSM2,13.340023,1.0980687,1.3541757628957147e-40,3.4900340616434332e-40
SETD3,20.153614,1.0979482,2.501686336147504e-90,7.558297268921198e-90
SMAD2,56.95162,1.0959188,0.0,0.0
CRYBG3,15.052119,1.0950602,3.3434938055271784e-51,8.988017485408975e-51
LINC01184,12.2856245,1.0947531,1.0820674774798782e-34,2.7150524776940097e-34
UBN1,24.5294,1.0946186,7.17634996836658e-133,2.3744270539592733e-132
ERAP1,12.68456,1.0941658,7.201742279885509e-37,1.8239060851202322e-36
SLC7A5,28.352987,1.0939243,7.689685205555529e-177,2.7421374727696508e-176
WDFY2,15.76097,1.0938991,5.774018130115029e-56,1.5784739435502388e-55
EXT2,12.495499,1.0938098,7.89997451300984e-36,1.9925371316124067e-35
BBX,90.85383,1.0935856,0.0,0.0
TRAF3IP1,36.233707,1.0924019,1.7942738043088992e-287,7.284149771960653e-287
MKNK1,9.876057,1.0920389,5.2872490300996056e-23,1.2393432597145685e-22
CCNL2,34.206512,1.0918375,1.9347565467493063e-256,7.632027895472484e-256
LINC00937,8.62067,1.09062,6.656335250898737e-18,1.5010429931961794e-17
FUBP3,18.930555,1.0900187,6.3886393331920384e-80,1.8760592632175905e-79
TTC25,16.779902,1.089023,3.4240328553196987e-63,9.583138111798948e-63
MAN1A2,57.942352,1.0877571,0.0,0.0
GOLGA3,38.316467,1.0877519,0.0,0.0
P2RX4,12.501069,1.087722,7.365409768144325e-36,1.8580262297394664e-35
KCTD20,21.919182,1.0867959,1.7049722827450225e-106,5.362427469321601e-106
IQUB,17.82405,1.0860527,4.598286935259636e-71,1.3199904072928652e-70
PPIP5K2,29.577925,1.085794,2.8735137791771586e-192,1.0477202358204902e-191
ERI3,33.80921,1.0841414,1.444164023173005e-250,5.662749117553956e-250
ATG4B,23.990889,1.0825013,3.461587455328078e-127,1.1317612661186685e-126
IGFBP3,46.88885,1.0821595,0.0,0.0
DAP3,48.143066,1.0819747,0.0,0.0
CASC4,48.132828,1.0816194,0.0,0.0
LTN1,25.95038,1.0809947,1.800442120201042e-148,6.140801086802583e-148
STK38L,8.301686,1.0805545,1.0264390200250587e-16,2.289504060830877e-16
DNAAF5,11.202676,1.080059,3.956022938368652e-29,9.638725855612731e-29
CCDC88C,10.519797,1.0795507,7.00237471462396e-26,1.6705455269255578e-25
PFKFB3,26.8013,1.0795425,3.120479396854813e-158,1.0797721653283645e-157
ARHGEF12,69.86527,1.0794603,0.0,0.0
TBC1D15,33.533653,1.079348,1.5585088149194395e-246,6.072406030422358e-246
XIAP,46.696407,1.0773857,0.0,0.0
SMC5,52.214886,1.0767602,0.0,0.0
ANAPC10,13.554842,1.0750655,7.417173979608872e-42,1.9231639969957855e-41
SCAF11,112.59804,1.074906,0.0,0.0
ADNP2,9.5442915,1.0734792,1.3704137732659003e-21,3.185729254864366e-21
KYAT3,16.23567,1.0730424,2.821469735465342e-59,7.810086359982336e-59
NMD3,16.07724,1.0717512,3.684284078319982e-58,1.0164135728025884e-57
GCNT1,20.776373,1.0708488,7.0810694919571005e-96,2.1704793657618142e-95
FOSL2,65.31466,1.0691926,0.0,0.0
PTK7,23.12767,1.067889,2.4394628388291733e-118,7.8369601425832775e-118
ZNF621,8.6525955,1.067522,5.034120861730572e-18,1.1365259101445244e-17
MGLL,76.47396,1.0660559,0.0,0.0
TFRC,30.608423,1.0650437,9.45547878822931e-206,3.5060307460624253e-205
POR,45.59533,1.0648811,0.0,0.0
SMAD1,10.53326,1.0628283,6.069539444481746e-26,1.4489369425670652e-25
NFYC,9.802554,1.0622694,1.0977396470298403e-22,2.568234176579875e-22
CSNK2A1,65.8563,1.0621696,0.0,0.0
PRRC2C,124.55846,1.0611213,0.0,0.0
UBE3A,67.465836,1.0602874,0.0,0.0
BIN3,9.562586,1.0597283,1.1485067343279669e-21,2.6707145337983197e-21
PDHX,12.073512,1.0587205,1.4577731131020114e-33,3.641658068683055e-33
FAM210A,10.135224,1.0581222,3.854877769528631e-24,9.100938642003556e-24
SNX14,33.099472,1.0566585,3.024375211373802e-240,1.170048473625945e-239
MEF2D,9.895734,1.0562346,4.3441066808403626e-23,1.0188346460584219e-22
ZMIZ2,15.82408,1.055937,2.1227722767555443e-56,5.8122823674168965e-56
CASC3,23.754074,1.0555947,9.972158767424964e-125,3.243862617339273e-124
SLC30A9,28.49197,1.0547564,1.4730750369493894e-178,5.264420409187399e-178
GTF3C1,18.534006,1.0545387,1.0979804462277797e-76,3.195049524744416e-76
SMC6,19.946209,1.054401,1.6169382441016714e-88,4.863826662760758e-88
PRKD3,15.509286,1.0541579,3.001987305266436e-54,8.16135933755458e-54
SLF2,26.579145,1.0537736,1.1827907514324532e-155,4.073689163727588e-155
ZNF302,14.286361,1.0535246,2.661579217443767e-46,7.023810034952139e-46
HPN,15.988901,1.0525545,1.5270105488047744e-57,4.202481035061043e-57
HDGFL3,12.094369,1.0522323,1.1310811088286535e-33,2.8265063166379062e-33
TTF2,7.329736,1.0518214,2.3060637437088637e-13,4.985581839938703e-13
WDR11,25.294138,1.0515095,3.7056400109829316e-141,1.245759898956352e-140
CDK7,8.923088,1.050048,4.534626123676234e-19,1.03180389453043e-18
MAFK,25.297773,1.0482718,3.3796919436582064e-141,1.1363122292636553e-140
TEFM,7.680112,1.047626,1.5894972225303263e-14,3.475076107301439e-14
DHX8,7.7025785,1.0465555,1.3334750488764918e-14,2.918366426541378e-14
MAPK15,16.150429,1.0465287,1.1277671839669073e-58,3.1153381611359004e-58
RNF180,19.81516,1.0442699,2.2030487197821084e-87,6.599982620996821e-87
TGS1,21.428474,1.044082,7.25164745340261e-102,2.253642909902958e-101
BMP2K,14.977272,1.0434866,1.0337346305879852e-50,2.7730908104345205e-50
FBXO22,27.034237,1.0430382,5.853043830051413e-161,2.0331770885944973e-160
TBC1D1,17.066063,1.0421447,2.6551035651957364e-65,7.484269595287332e-65
WDR75,7.5706277,1.041627,3.7142459063998845e-14,8.095186479886972e-14
COA8,7.0416617,1.0400562,1.8996074893422625e-12,4.064001243228067e-12
CCNT1,17.422853,1.0385115,5.534608423269724e-68,1.5742341238600937e-67
TOP2B,51.34172,1.0382397,0.0,0.0
ARID1A,51.09836,1.0372071,0.0,0.0
ORC4,25.234127,1.0359949,1.6917724663984351e-140,5.676405059964298e-140
RIPK2,42.69754,1.0340517,0.0,0.0
PDLIM7,12.311029,1.0340418,7.900861026502153e-35,1.983780512818711e-34
CACUL1,48.01183,1.0339105,0.0,0.0
FGFR2,6.7809033,1.0337368,1.1942695658328746e-11,2.5313508670000564e-11
NBPF19,7.424821,1.0335788,1.12932442747021e-13,2.449427127667668e-13
IL6,15.762174,1.0325804,5.665019104849565e-56,1.5488196849014689e-55
ZC2HC1A,21.581656,1.032499,2.671267104246086e-103,8.335008198265736e-103
GALM,7.3516965,1.0313278,1.9570661806935203e-13,4.2344786280685564e-13
IL18,19.175995,1.0286041,5.87338946713286e-82,1.7345853681811516e-81
COG2,8.996704,1.0281074,2.325952672983584e-19,5.303890535382644e-19
MALAT1,136.66025,1.0270698,0.0,0.0
RRP1B,10.839057,1.0256807,2.247771834991093e-27,5.416737578528397e-27
WDR86,-10.6467,1.02508,1.806563723507214e-26,4.327721810267545e-26
CDS2,10.96247,1.0227565,5.789693244639956e-28,1.3998988087629403e-27
AKAP8L,28.241732,1.0226438,1.798284671342094e-175,6.398764470988317e-175
DAPK3,9.233995,1.0225226,2.607207554650415e-20,5.992904109039212e-20
MICU2,36.089752,1.0223987,3.283991894888254e-285,1.3304469838942261e-284
PFKP,42.86711,1.0216385,0.0,0.0
CCDC92,8.635009,1.0199747,5.872271578713388e-18,1.3250414894124424e-17
ZNF708,7.792,1.0198846,6.595678801065787e-15,1.447784100167046e-14
CADM1,53.40162,1.0192168,0.0,0.0
MYSM1,21.506191,1.0188938,1.3624107693857393e-102,4.243433184259138e-102
TRA2A,75.011246,1.0175432,0.0,0.0
NCKAP1,76.661125,1.0159458,0.0,0.0
POLDIP3,11.039649,1.0158298,2.4599309153434794e-28,5.965489030967639e-28
RSPRY1,20.30503,1.0156728,1.1607306297273513e-91,3.520219317638768e-91
RNF4,13.591014,1.0147344,4.527636936313228e-42,1.1747747889405994e-41
TRIQK,13.466346,1.0137709,2.4677959070489605e-41,6.383497997122968e-41
MYO1B,7.263358,1.0128491,3.7759650977522267e-13,8.143751777433776e-13
DHX9,64.54243,1.012791,0.0,0.0
SHTN1,49.02219,1.012143,0.0,0.0
MZF1,10.637078,1.0117428,2.0031288712500484e-26,4.796269810104105e-26
CEP290,37.50581,1.0114743,7.406063560662552e-308,3.0699193844239912e-307
ABI2,40.721844,1.0110568,0.0,0.0
NSRP1,58.12236,1.0105189,0.0,0.0
NRDE2,11.256385,1.0104517,2.154148710272725e-29,5.257625540487113e-29
TMEM184B,20.224773,1.0091482,5.926104933714415e-91,1.7939300737323083e-90
PTPN11,38.82941,1.0088797,0.0,0.0
KCMF1,55.616154,1.0085871,0.0,0.0
MND1,7.1230884,1.0084606,1.0553502789830882e-12,2.2645323164053624e-12
PLS1,8.354173,1.0075701,6.58929517480395e-17,1.4718750870798839e-16
STX3,19.900461,1.00712,4.0319722822272355e-88,1.2109859793955478e-87
PPP2R2A,47.453632,1.00522,0.0,0.0
SLC44A1,56.537308,1.0035934,0.0,0.0
GOLPH3,50.765526,1.001832,0.0,0.0
ASPM,14.695213,1.0005746,6.91802906965069e-49,1.8445995343276284e-48
ZFAND6,73.87636,1.0003357,0.0,0.0
